tutor,created_at,state,country,postal_code,city,latitude,longitude,max_travel_distance,excluded_from_search,total_lessons,number_of_relations,lessons_per_relation,recent_lesson
3668716688,2026-02-26T10:45:22.778Z,Introducing,nl,2585GR,'s-Gravenhage,52.09144973754883,4.2983784675598145,7.0,FALSE,0,2,0,1900-01-01 00:00:00.000005
974882431,2026-02-25T09:57:52.369Z,Introducing,nl,8225RC,Lelystad,52.49980163574219,5.486128807067871,7.0,FALSE,0,4,0,1900-01-01 00:00:00.000005
4093120458,2026-02-24T09:44:49.400Z,Introducing,nl,1624HH,Hoorn,52.64759826660156,5.0681586265563965,10.0,FALSE,0,4,0,1900-01-01 00:00:00.000005
3538381572,2026-02-23T14:04:07.722Z,Active,nl,9717JP,Groningen,53.22675704956055,6.5531816482543945,10.0,FALSE,0,0,0,1900-01-01 00:00:00.000005
1971929986,2026-02-23T08:25:45.852Z,Introducing,nl,9726GB,Groningen,53.213626861572266,6.551111698150635,7.0,FALSE,0,8,0,1900-01-01 00:00:00.000005
4044767755,2026-02-23T08:01:28.794Z,Introducing,nl,7425PE,Deventer,52.26293182373047,6.230459213256836,10.0,FALSE,0,3,0,1900-01-01 00:00:00.000005
1973796853,2026-02-22T21:36:15.889Z,Introducing,de,07646,Geisenhain,50.83646774291992,11.719449996948242,4.0,FALSE,0,7,0,1900-01-01 00:00:00.000005
1135537632,2026-02-22T21:32:39.848Z,Introducing,nl,3706AH,Zeist,52.09971618652344,5.219851493835449,7.0,FALSE,0,1,0,1900-01-01 00:00:00.000005
1965200357,2026-02-22T12:42:03.108Z,Active,nl,3764AH,Soest,52.184967041015625,5.301185131072998,6.0,FALSE,0,0,0,1900-01-01 00:00:00.000005
1313693560,2026-02-22T11:40:07.037Z,Active,nl,3191PC,Hoogvliet Rotterdam,51.85905456542969,4.371687412261963,5.0,FALSE,0,0,0,1900-01-01 00:00:00.000005
2319845173,2026-02-22T11:32:42.399Z,Introducing,nl,3523XD,Utrecht,52.07038879394531,5.120364189147949,10.0,FALSE,0,1,0,1900-01-01 00:00:00.000005
2191201129,2026-02-21T12:33:42.140Z,Tutoring,nl,9713JG,Groningen,53.22679901123047,6.572796821594238,4.0,TRUE,0,13,0,1900-01-01 00:00:00.000005
3637728858,2026-02-21T10:53:39.552Z,Introducing,de,07426,Dröbischau,50.63161849975586,11.084293365478516,4.0,FALSE,0,5,0,1900-01-01 00:00:00.000005
380791908,2026-02-20T23:40:14.360Z,Introducing,de,45307,Essen,51.46509552001953,7.066425800323486,7.0,FALSE,0,4,0,1900-01-01 00:00:00.000005
3432614370,2026-02-20T09:48:08.649Z,Active,de,52070,Aachen,50.77800750732422,6.102241039276123,5.0,FALSE,0,0,0,1900-01-01 00:00:00.000005
3343559969,2026-02-20T09:32:42.023Z,Tutoring,de,28719,Bremen,53.169864654541016,8.713068962097168,10.0,FALSE,0,2,0,1900-01-01 00:00:00.000005
2803895861,2026-02-19T19:51:22.215Z,Tutoring,nl,6225EJ,Maastricht,50.87126922607422,5.734006881713867,7.0,FALSE,6,10,1,2026-03-09 15:00:00.000000
4070713256,2026-02-19T18:44:29.436Z,Introducing,nl,4024JS,Eck en Wiel,51.966644287109375,5.458709716796875,6.0,FALSE,0,5,0,1900-01-01 00:00:00.000005
1089609318,2026-02-19T18:26:07.319Z,Introducing,nl,3972RM,Driebergen-Rijsenburg,52.0534553527832,5.265191078186035,7.0,FALSE,0,4,0,1900-01-01 00:00:00.000005
2777578029,2026-02-19T13:37:05.121Z,Introducing,de,48683,Ahaus,52.081729888916016,7.009421348571777,7.0,FALSE,0,4,0,1900-01-01 00:00:00.000005
702076447,2026-02-19T12:46:02.255Z,Active,de,68163,Mannheim,49.47677993774414,8.46882438659668,10.0,FALSE,0,0,0,1900-01-01 00:00:00.000005
336589173,2026-02-19T10:59:15.337Z,Introducing,nl,3572GA,Utrecht,52.09849548339844,5.129446029663086,5.0,TRUE,0,16,0,1900-01-01 00:00:00.000005
3146167098,2026-02-19T10:59:11.941Z,Chatting,nl,1442DH,Purmerend,52.5099983215332,4.951422214508057,10.0,FALSE,0,4,0,1900-01-01 00:00:00.000005
2861408784,2026-02-18T11:00:12.333Z,Introducing,nl,1093JE,Amsterdam,52.36052703857422,4.928023338317871,3.5,FALSE,0,3,0,1900-01-01 00:00:00.000005
4220498545,2026-02-18T10:47:53.359Z,Chatting,de,58093,Hagen,51.357078552246094,7.511706829071045,10.0,FALSE,0,2,0,1900-01-01 00:00:00.000005
2810840001,2026-02-17T21:09:29.505Z,Introducing,nl,7424AT,Deventer,52.2624626159668,6.217808723449707,14.0,FALSE,0,4,0,1900-01-01 00:00:00.000005
3400598241,2026-02-17T14:51:02.025Z,Chatting,nl,9727GD,Groningen,53.2076416015625,6.560816287994385,12.0,FALSE,0,3,0,1900-01-01 00:00:00.000005
1119259593,2026-02-17T12:38:37.061Z,Introducing,de,88069,Tettnang,47.6921501159668,9.601099967956543,10.0,FALSE,0,3,0,1900-01-01 00:00:00.000005
3635385629,2026-02-17T12:15:10.321Z,Chatting,de,36419,Buttlar,50.75648880004883,10.016044616699219,3.5,FALSE,0,3,0,1900-01-01 00:00:00.000005
3887892180,2026-02-17T11:13:33.728Z,Tutoring,nl,1095xm,Amsterdam,52.364192962646484,4.94481086730957,3.5,FALSE,2,6,0,2026-03-03 14:30:00.000000
1412943044,2026-02-17T07:35:53.784Z,Introducing,de,59872,Meschede,51.300174713134766,8.307475090026855,8.0,FALSE,0,3,0,1900-01-01 00:00:00.000005
647582080,2026-02-16T18:29:23.330Z,Introducing,nl,3081JB,Rotterdam,51.89000701904297,4.487364768981934,7.0,FALSE,0,1,0,1900-01-01 00:00:00.000005
1520293725,2026-02-16T14:56:38.127Z,Active,de,04329,Leipzig,51.35361862182617,12.457905769348145,12.0,FALSE,0,0,0,1900-01-01 00:00:00.000005
1202277754,2026-02-16T14:16:35.263Z,Introducing,nl,5622HA,Eindhoven,51.45785140991211,5.466310977935791,10.0,FALSE,0,6,0,1900-01-01 00:00:00.000005
2409163166,2026-02-16T13:46:46.501Z,Introducing,de,76356,Weingarten (Baden),49.045894622802734,8.524182319641113,10.0,FALSE,0,2,0,1900-01-01 00:00:00.000005
3687271060,2026-02-16T13:19:51.232Z,Active,de,67549,Worms,49.640254974365234,8.306114196777344,20.0,FALSE,0,0,0,1900-01-01 00:00:00.000005
2832362834,2026-02-16T12:05:54.143Z,Chatting,nl,2901AN,Capelle aan den IJssel,51.9136962890625,4.56973123550415,7.0,FALSE,0,1,0,1900-01-01 00:00:00.000005
2070346981,2026-02-16T11:39:23.881Z,Tutoring,nl,7512cn,Enschede,52.21025085449219,6.89454460144043,7.0,FALSE,0,6,0,1900-01-01 00:00:00.000005
1671890961,2026-02-15T18:23:37.296Z,Tutoring,de,58300,Wetter (Ruhr),51.381195068359375,7.3772101402282715,20.0,TRUE,0,9,0,1900-01-01 00:00:00.000005
559695853,2026-02-15T17:47:45.691Z,Tutoring,de,09573,Leubsdorf,50.82637405395508,13.126537322998047,10.0,FALSE,2,8,0,2026-02-23 16:30:00.000000
1684322769,2026-02-15T15:00:37.359Z,Introducing,nl,2011TB,Haarlem,52.38117218017578,4.634972095489502,5.0,FALSE,0,4,0,1900-01-01 00:00:00.000005
3619713325,2026-02-15T13:16:16.112Z,Tutoring,nl,2611ND,Delft,52.01474380493164,4.356970310211182,7.0,FALSE,1,10,0,2026-03-05 14:30:00.000000
2130512634,2026-02-14T21:35:55.910Z,Tutoring,nl,2611JC,Delft,52.012596130371094,4.3578314781188965,4.0,FALSE,0,5,0,1900-01-01 00:00:00.000005
3843888641,2026-02-14T19:10:35.303Z,Chatting,nl,8911CG,Leeuwarden,53.201847076416016,5.789356231689453,7.0,FALSE,0,1,0,1900-01-01 00:00:00.000005
233943438,2026-02-14T14:48:55.918Z,Tutoring,nl,1071CS,Amsterdam,52.3599967956543,4.881654262542725,20.0,TRUE,1,7,0,2026-03-04 15:00:00.000000
2201162165,2026-02-14T14:04:50.259Z,Tutoring,de,51570,Windeck,50.81095504760742,7.5923752784729,4.0,FALSE,1,4,0,2026-03-05 16:45:00.000000
68105899,2026-02-13T09:13:25.906Z,Tutoring,de,49080,Osnabrück,52.2657356262207,8.041540145874023,10.0,FALSE,7,7,1,2026-02-26 14:45:00.000000
2334064039,2026-02-12T17:26:29.711Z,Tutoring,de,14612,Falkensee,52.550777435302734,13.12623405456543,3.5,TRUE,17,15,1,2026-03-26 15:00:00.000000
3879144695,2026-02-12T17:23:10.643Z,Introducing,nl,9212PJ,Boornbergum,53.08496856689453,6.047853946685791,7.0,FALSE,0,3,0,1900-01-01 00:00:00.000005
1746664688,2026-02-12T12:55:04.993Z,Introducing,nl,9726ja,Groningen,53.21215057373047,6.555293083190918,5.0,FALSE,0,8,0,1900-01-01 00:00:00.000005
3937729664,2026-02-12T12:33:27.032Z,Introducing,de,60431,Frankfurt am Main,50.14497375488281,8.661250114440918,10.0,TRUE,0,9,0,1900-01-01 00:00:00.000005
2565510953,2026-02-11T19:35:03.730Z,Introducing,de,01640,Coswig,51.141963958740234,13.580355644226074,15.0,FALSE,0,4,0,1900-01-01 00:00:00.000005
625243524,2026-02-11T17:23:04.511Z,Active,nl,5554PG,Valkenswaard,51.34900665283203,5.449958801269531,4.0,FALSE,0,0,0,1900-01-01 00:00:00.000005
743444655,2026-02-11T15:30:06.689Z,Tutoring,de,71063,Sindelfingen,48.710166931152344,9.006794929504395,5.0,FALSE,0,3,0,1900-01-01 00:00:00.000005
1023623901,2026-02-11T13:28:09.285Z,Introducing,nl,2802NG,Gouda,52.00459289550781,4.705121994018555,7.0,TRUE,0,8,0,1900-01-01 00:00:00.000005
1655276247,2026-02-11T12:09:18.398Z,Tutoring,nl,3769TP,Soesterberg,52.120880126953125,5.301997661590576,10.0,TRUE,5,24,0,2026-03-03 14:00:00.000000
1608700223,2026-02-10T20:16:03.879Z,Tutoring,nl,2311AR,Leiden,52.15321350097656,4.481239318847656,10.0,FALSE,2,4,1,2026-03-10 16:00:00.000000
3200086328,2026-02-10T19:37:08.898Z,Introducing,de,80687,München,48.143096923828125,11.50637149810791,15.0,FALSE,0,4,0,1900-01-01 00:00:00.000005
990732590,2026-02-10T17:48:01.877Z,Active,de,26388,Wilhelmshaven,53.57806396484375,8.091863632202148,7.0,FALSE,0,0,0,1900-01-01 00:00:00.000005
1324122299,2026-02-10T17:16:43.984Z,Introducing,de,60528,Frankfurt am Main,50.092063903808594,8.659931182861328,7.0,FALSE,0,2,0,1900-01-01 00:00:00.000005
1686843856,2026-02-10T10:07:55.513Z,Tutoring,de,52070,Aachen,50.76924514770508,6.098889350891113,7.0,FALSE,1,5,0,2026-03-02 15:00:00.000000
3166444945,2026-02-10T07:09:52.764Z,Tutoring,de,78462,Konstanz,47.65899658203125,9.176127433776855,7.0,FALSE,0,4,0,1900-01-01 00:00:00.000005
587127593,2026-02-09T23:44:07.846Z,Tutoring,de,10405,Berlin,52.535560607910156,13.4273042678833,6.0,FALSE,1,5,0,2026-03-03 14:30:00.000000
1117427829,2026-02-09T19:58:22.936Z,Tutoring,nl,6227CS,Maastricht,50.84264373779297,5.727807998657227,7.0,FALSE,6,7,1,2026-03-11 11:00:00.000000
2155669582,2026-02-09T19:02:59.190Z,Tutoring,de,98693,Ilmenau,50.6879768371582,10.918780326843262,7.0,FALSE,3,6,1,2026-03-17 14:30:00.000000
373065476,2026-02-09T18:38:58.667Z,Introducing,nl,2135GM,Hoofddorp,52.30508804321289,4.658407211303711,7.0,FALSE,0,4,0,1900-01-01 00:00:00.000005
2004629669,2026-02-09T16:46:48.272Z,Tutoring,nl,2312WC,Leiden,52.1610107421875,4.492437839508057,6.0,TRUE,5,10,1,2026-03-01 13:00:00.000000
950533791,2026-02-09T15:03:31.306Z,Tutoring,nl,1053SH,Amsterdam,52.36237716674805,4.858607292175293,20.0,TRUE,0,9,0,1900-01-01 00:00:00.000005
143501529,2026-02-09T14:45:56.976Z,Introducing,de,33699,Bielefeld,52.00395584106445,8.644462585449219,3.5,FALSE,0,4,0,1900-01-01 00:00:00.000005
973823278,2026-02-09T14:12:43.579Z,Tutoring,de,97218,Gerbrunn,49.786251068115234,9.98680591583252,15.0,TRUE,12,18,1,2026-04-27 14:30:00.000000
2339042364,2026-02-09T13:55:13.405Z,Introducing,nl,9891BB,Ezinge,53.308998107910156,6.443934917449951,17.0,FALSE,0,3,0,1900-01-01 00:00:00.000005
3399468809,2026-02-09T13:39:06.525Z,Chatting,nl,6562GK,Groesbeek,51.75652313232422,5.937562465667725,12.0,FALSE,0,1,0,1900-01-01 00:00:00.000005
1356879993,2026-02-09T13:36:22.732Z,Tutoring,nl,9721NM,Groningen,53.19672775268555,6.565195083618164,7.0,TRUE,1,4,0,2026-03-03 12:00:00.000000
3818683169,2026-02-09T10:17:23.770Z,Introducing,de,01465,Dresden,51.14857864379883,13.873160362243652,16.0,FALSE,0,3,0,1900-01-01 00:00:00.000005
3577314691,2026-02-09T09:49:15.663Z,Introducing,nl,1186LM,Amstelveen,52.28614807128906,4.864025592803955,5.0,FALSE,0,2,0,1900-01-01 00:00:00.000005
1530641411,2026-02-09T09:03:39.894Z,Tutoring,de,99089,Erfurt,51.010189056396484,11.011881828308105,10.0,FALSE,5,3,2,2026-03-14 10:00:00.000000
2437331598,2026-02-08T21:04:29.008Z,Introducing,de,33729,Bielefeld,52.055789947509766,8.62614631652832,15.0,FALSE,0,1,0,1900-01-01 00:00:00.000005
1989586539,2026-02-08T16:16:56.384Z,Introducing,de,38442,Wolfsburg,52.42055892944336,10.731472969055176,9.0,FALSE,0,5,0,1900-01-01 00:00:00.000005
1012129020,2026-02-08T15:35:41.125Z,Introducing,nl,9715AP,Groningen,53.23271179199219,6.573701858520508,3.5,TRUE,0,7,0,1900-01-01 00:00:00.000005
4007462731,2026-02-08T01:10:39.015Z,Chatting,nl,6525JE,Nijmegen,51.82786178588867,5.8642048835754395,7.0,FALSE,0,2,0,1900-01-01 00:00:00.000005
2918803704,2026-02-07T15:05:15.226Z,Introducing,nl,4817JX,Breda,51.59214782714844,4.7899956703186035,3.5,FALSE,0,5,0,1900-01-01 00:00:00.000005
1089970994,2026-02-07T10:49:09.207Z,Introducing,de,70806,Kornwestheim,48.862403869628906,9.192059516906738,7.0,FALSE,0,5,0,1900-01-01 00:00:00.000005
455450003,2026-02-06T22:33:49.368Z,Introducing,nl,6532tb,Nijmegen,51.82595443725586,5.8286213874816895,4.5,TRUE,0,7,0,1900-01-01 00:00:00.000005
736546186,2026-02-06T22:25:19.340Z,Chatting,de,65187,Wiesbaden,50.064308166503906,8.225174903869629,8.0,FALSE,0,4,0,1900-01-01 00:00:00.000005
4290222618,2026-02-06T22:08:55.482Z,Tutoring,de,53797,Lohmar,50.8575553894043,7.2348713874816895,15.0,FALSE,4,4,1,2026-03-02 17:00:00.000000
2083191676,2026-02-06T21:09:52.994Z,Introducing,de,22159,Hamburg,53.62373733520508,10.131063461303711,7.0,FALSE,0,3,0,1900-01-01 00:00:00.000005
3120283915,2026-02-06T15:17:46.255Z,Chatting,de,86159,Augsburg,48.331111907958984,10.906384468078613,10.0,FALSE,0,2,0,1900-01-01 00:00:00.000005
2777262735,2026-02-05T20:59:57.510Z,Chatting,nl,7471ML,Goor,52.230812072753906,6.577264308929443,5.0,FALSE,0,1,0,1900-01-01 00:00:00.000005
2208211863,2026-02-05T17:38:20.264Z,Tutoring,nl,6833bh,Arnhem,51.96784591674805,5.912656784057617,10.0,FALSE,20,10,2,2026-06-15 16:30:00.000000
33458409,2026-02-05T15:30:46.116Z,Introducing,de,58849,Herscheid,51.17375564575195,7.747884273529053,4.0,FALSE,0,4,0,1900-01-01 00:00:00.000005
1102001859,2026-02-05T14:58:55.907Z,Tutoring,nl,3701GH,Zeist,52.088111877441406,5.247500419616699,10.0,TRUE,15,17,1,2026-04-14 17:30:00.000000
1085721904,2026-02-05T14:05:20.146Z,Active,nl,5037HS,Tilburg,51.56037521362305,5.048431873321533,7.0,FALSE,0,0,0,1900-01-01 00:00:00.000005
1576326096,2026-02-05T10:17:16.457Z,Introducing,de,10407,Berlin,52.531612396240234,13.438857078552246,5.0,FALSE,0,3,0,1900-01-01 00:00:00.000005
1913041596,2026-02-05T10:15:39.032Z,Tutoring,nl,2613HW,Delft,52.001991271972656,4.350593090057373,7.0,FALSE,1,8,0,2026-02-19 14:00:00.000000
3804233030,2026-02-04T19:11:30.854Z,Tutoring,nl,6833BH,Arnhem,51.96784591674805,5.912656784057617,12.0,FALSE,1,8,0,2026-02-25 16:00:00.000000
1808647352,2026-02-04T15:50:29.742Z,Tutoring,de,16356,Werneuchen,52.61946487426758,13.754734992980957,20.0,FALSE,0,6,0,1900-01-01 00:00:00.000005
1205505022,2026-02-04T14:31:32.692Z,Tutoring,nl,8024CG,Zwolle,52.521480560302734,6.1417236328125,4.0,FALSE,8,7,1,2026-02-26 18:45:00.000000
468661965,2026-02-04T12:14:37.402Z,Tutoring,de,47807,Krefeld,51.29917526245117,6.583416938781738,7.0,FALSE,1,2,1,2026-02-23 16:30:00.000000
2612203277,2026-02-04T11:43:41.947Z,Introducing,de,33649,Bielefeld,51.99603271484375,8.494837760925293,7.0,FALSE,0,4,0,1900-01-01 00:00:00.000005
2669567595,2026-02-04T11:31:09.512Z,Introducing,nl,1551PA,Westzaan,52.43159103393555,4.7891130447387695,7.0,FALSE,0,1,0,1900-01-01 00:00:00.000005
1409828257,2026-02-04T09:44:06.816Z,Introducing,de,69469,Weinheim,49.52813720703125,8.661979675292969,20.0,FALSE,0,2,0,1900-01-01 00:00:00.000005
3992449634,2026-02-04T09:13:59.228Z,Tutoring,nl,9718GP,Groningen,53.21567916870117,6.551651954650879,7.0,TRUE,1,11,0,2026-02-19 15:00:00.000000
249201153,2026-02-04T09:03:19.505Z,Tutoring,nl,6166JS,Geleen,50.97629928588867,5.844571113586426,10.0,FALSE,3,2,2,2026-02-27 15:30:00.000000
2787702768,2026-02-04T06:36:23.140Z,Tutoring,de,30173,Hannover,52.359825134277344,9.756600379943848,10.0,FALSE,4,7,1,2026-03-01 10:00:00.000000
3828034986,2026-02-03T22:08:38.690Z,Tutoring,de,41844,Wegberg,51.10974884033203,6.326149940490723,15.0,FALSE,2,1,2,2026-02-17 13:00:00.000000
1911718204,2026-02-03T20:51:51.732Z,Introducing,de,45149,Essen,51.421478271484375,6.980257511138916,7.0,FALSE,0,4,0,1900-01-01 00:00:00.000005
2671904101,2026-02-03T19:25:52.507Z,Introducing,de,51105,Köln,50.92929458618164,6.9898271560668945,20.0,FALSE,0,5,0,1900-01-01 00:00:00.000005
4269819757,2026-02-03T18:02:04.697Z,Active,nl,6711HW,Ede,52.03940963745117,5.685187816619873,3.5,FALSE,0,0,0,1900-01-01 00:00:00.000005
2412469962,2026-02-03T13:59:06.227Z,Tutoring,de,06130,Halle (Saale),51.45628356933594,11.966025352478027,5.0,FALSE,14,10,1,2026-03-11 13:00:00.000000
3166436475,2026-02-03T13:46:34.898Z,Tutoring,nl,1031BP,Amsterdam,52.39079284667969,4.911515235900879,15.0,TRUE,11,14,1,2026-05-01 09:30:00.000000
2626907028,2026-02-03T13:39:52.625Z,Tutoring,nl,9718ec,Groningen,53.21662902832031,6.555968761444092,7.0,TRUE,3,16,0,2026-02-24 13:30:00.000000
4012133695,2026-02-03T09:10:41.617Z,Tutoring,nl,6512AS,Nijmegen,51.841060638427734,5.855875015258789,20.0,FALSE,19,9,2,2026-03-26 13:30:00.000000
3615306533,2026-02-02T14:15:53.235Z,Introducing,de,18107,Rostock,54.136817932128906,12.044477462768555,20.0,FALSE,0,3,0,1900-01-01 00:00:00.000005
1408508746,2026-02-02T12:54:39.767Z,Tutoring,nl,9713jg,Groningen,53.22679901123047,6.572796821594238,3.5,FALSE,7,7,1,2026-03-02 19:00:00.000000
1295149204,2026-02-02T11:50:40.010Z,Tutoring,de,53111,Bonn,50.73908615112305,7.089934825897217,10.0,TRUE,11,7,2,2026-03-25 15:15:00.000000
240976717,2026-02-02T11:49:16.566Z,Chatting,nl,2727BE,Zoetermeer,52.07196807861328,4.506422519683838,6.0,FALSE,0,1,0,1900-01-01 00:00:00.000005
2686707021,2026-02-02T11:25:27.958Z,Tutoring,de,67061,Ludwigshafen am Rhein,49.47412109375,8.456531524658203,12.0,TRUE,10,11,1,2026-03-19 16:00:00.000000
2507302839,2026-02-02T09:46:10.781Z,Introducing,nl,9713JG,Groningen,53.22679901123047,6.572796821594238,3.5,FALSE,0,3,0,1900-01-01 00:00:00.000005
9786385,2026-02-01T22:57:33.741Z,Tutoring,nl,3137WH,Vlaardingen,51.93486785888672,4.335964202880859,5.0,FALSE,4,9,0,2026-03-04 10:15:00.000000
3555528183,2026-02-01T19:19:01.370Z,Tutoring,nl,2801NS,Gouda,52.008392333984375,4.7107319831848145,6.0,FALSE,9,10,1,2026-03-07 15:00:00.000000
3018532662,2026-02-01T17:47:57.790Z,Tutoring,nl,3033EM,Rotterdam,51.92710876464844,4.471709728240967,7.0,TRUE,12,22,1,2026-03-31 13:30:00.000000
3111993537,2026-02-01T15:22:25.818Z,Tutoring,de,30167,Hannover,52.3883171081543,9.716508865356445,7.0,TRUE,3,8,0,2026-03-11 15:15:00.000000
1551816323,2026-02-01T14:55:05.708Z,Introducing,de,41179,Mönchengladbach,51.14638900756836,6.368998050689697,10.0,FALSE,0,3,0,1900-01-01 00:00:00.000005
2693012355,2026-02-01T14:29:16.961Z,Tutoring,de,90763,Fürth,49.46623611450195,11.001465797424316,3.5,TRUE,19,16,1,2026-03-07 13:00:00.000000
3931744606,2026-02-01T12:40:51.929Z,Tutoring,de,47918,Tönisvorst,51.34001541137695,6.47355318069458,20.0,TRUE,9,15,1,2026-03-20 14:45:00.000000
1854828319,2026-02-01T10:55:45.933Z,Tutoring,nl,1402PH,Bussum,52.26932907104492,5.167579650878906,5.0,FALSE,13,8,2,2026-03-24 15:30:00.000000
3553848458,2026-02-01T08:22:46.021Z,Tutoring,de,70599,Stuttgart,48.71825408935547,9.207779884338379,15.0,TRUE,6,13,0,2026-03-02 16:00:00.000000
1746258330,2026-02-01T08:17:16.945Z,Tutoring,de,33615,Bielefeld,52.02727508544922,8.518974304199219,7.0,FALSE,1,4,0,2026-03-02 16:00:00.000000
1661717605,2026-02-01T07:32:41.121Z,Tutoring,de,40211,Düsseldorf,51.22809982299805,6.795135021209717,10.0,TRUE,1,7,0,2026-02-19 08:00:00.000000
2787088605,2026-01-31T18:53:47.400Z,Tutoring,de,44379,Dortmund,51.52482223510742,7.362432956695557,10.0,TRUE,2,7,0,2026-02-27 14:30:00.000000
4278990509,2026-01-31T16:42:24.632Z,Introducing,nl,8916EA,Leeuwarden,53.20771789550781,5.778083324432373,20.0,FALSE,0,1,0,1900-01-01 00:00:00.000005
58265355,2026-01-31T13:58:00.518Z,Tutoring,de,53359,Rheinbach,50.6458625793457,6.982080936431885,20.0,FALSE,2,4,1,2026-02-14 10:00:00.000000
3352613811,2026-01-30T19:48:14.462Z,Tutoring,nl,2405AG,Alphen aan den Rijn,52.121829986572266,4.663519859313965,5.0,FALSE,21,4,5,2026-04-24 14:00:00.000000
3614810181,2026-01-30T18:11:07.040Z,Introducing,de,85598,Vaterstetten,48.0993766784668,11.78000545501709,7.0,TRUE,0,10,0,1900-01-01 00:00:00.000005
2518188385,2026-01-30T12:33:02.565Z,Tutoring,nl,5037AA,Tilburg,51.56244659423828,5.0627121925354,7.0,FALSE,4,5,1,2026-02-19 08:30:00.000000
2189071517,2026-01-30T10:58:21.807Z,Tutoring,nl,3582VA,Utrecht,52.08121871948242,5.13423490524292,4.5,FALSE,2,9,0,2026-02-27 12:30:00.000000
3561183332,2026-01-29T19:21:47.899Z,Chatting,de,90441,Nürnberg,49.427589416503906,11.045599937438965,10.0,FALSE,0,1,0,1900-01-01 00:00:00.000005
909049469,2026-01-29T16:57:26.704Z,Tutoring,nl,3151PG,Hoek van Holland,51.98158645629883,4.135292053222656,7.0,TRUE,4,11,0,2026-03-02 19:00:00.000000
1262798817,2026-01-29T16:14:15.373Z,Tutoring,nl,4357CC,Domburg,51.56092071533203,3.4959373474121094,3.5,FALSE,2,9,0,2026-03-06 14:30:00.000000
3214580660,2026-01-29T15:39:34.372Z,Tutoring,nl,7771XM,Hardenberg,52.56541061401367,6.60840368270874,3.5,FALSE,4,4,1,2026-03-06 13:30:00.000000
3045964711,2026-01-29T14:29:54.686Z,Tutoring,de,58509,Lüdenscheid,51.219886779785156,7.611372947692871,5.0,FALSE,8,4,2,2026-02-27 14:30:00.000000
1145951656,2026-01-29T13:59:31.631Z,Tutoring,nl,3061an,Rotterdam,51.926509857177734,4.511056423187256,20.0,TRUE,3,7,0,2026-02-20 13:00:00.000000
2188775852,2026-01-29T11:09:38.544Z,Tutoring,de,61209,Echzell,50.37990188598633,8.87946605682373,7.0,FALSE,6,8,1,2026-03-09 16:00:00.000000
3131271737,2026-01-28T21:00:38.167Z,Tutoring,nl,9713BJ,Groningen,53.22606658935547,6.578206539154053,5.0,FALSE,6,10,1,2026-03-11 15:00:00.000000
2404544012,2026-01-28T16:29:11.387Z,Tutoring,de,46240,Bottrop,51.530574798583984,6.970245838165283,4.0,TRUE,15,13,1,2026-03-25 14:00:00.000000
742020650,2026-01-28T15:00:11.772Z,Active,nl,3052PC,Rotterdam,51.952247619628906,4.473925590515137,3.5,FALSE,0,0,0,1900-01-01 00:00:00.000005
3239184404,2026-01-28T12:10:20.004Z,Introducing,nl,5612TA,Eindhoven,51.4506950378418,5.493917942047119,4.0,TRUE,0,7,0,1900-01-01 00:00:00.000005
1288861714,2026-01-28T11:38:56.104Z,Tutoring,de,42329,Wuppertal,51.22658157348633,7.070234298706055,7.0,FALSE,26,11,2,2026-03-30 13:00:00.000000
1806424461,2026-01-28T10:09:37.134Z,Active,nl,6546ML,Nijmegen,51.839237213134766,5.780186653137207,20.0,FALSE,0,0,0,1900-01-01 00:00:00.000005
2426280626,2026-01-27T13:51:28.078Z,Tutoring,nl,5014DB,Tilburg,51.560916900634766,5.092728137969971,20.0,TRUE,6,8,1,2026-03-12 10:00:00.000000
2552314809,2026-01-27T13:24:39.887Z,Tutoring,nl,3061VH,Rotterdam,51.92296600341797,4.503627777099609,7.0,TRUE,12,26,0,2026-03-07 13:30:00.000000
1358854781,2026-01-27T10:01:19.291Z,Tutoring,de,90491,Nürnberg,49.4643669128418,11.108475685119629,20.0,FALSE,11,8,1,2026-03-14 11:00:00.000000
1280705666,2026-01-27T09:56:14.549Z,Introducing,nl,2935AS,Ouderkerk aan den IJssel,51.930755615234375,4.645055770874023,3.5,TRUE,0,8,0,1900-01-01 00:00:00.000005
733286642,2026-01-27T08:57:49.980Z,Tutoring,nl,2625BM,Delft,51.99538803100586,4.338064670562744,7.0,FALSE,9,9,1,2026-03-19 12:45:00.000000
3190037079,2026-01-27T07:27:16.392Z,Tutoring,de,13353,Berlin,52.539859771728516,13.348127365112305,8.0,FALSE,15,10,2,2026-03-18 13:30:00.000000
3213758536,2026-01-26T22:17:21.592Z,Tutoring,nl,2324WV,Leiden,52.146484375,4.468663215637207,7.0,FALSE,1,5,0,2026-02-27 15:00:00.000000
3108958233,2026-01-26T22:04:49.403Z,Chatting,de,81543,München,48.11436080932617,11.572569847106934,8.0,FALSE,0,4,0,1900-01-01 00:00:00.000005
2841737747,2026-01-26T20:07:18.552Z,Tutoring,nl,2741BJ,Waddinxveen,52.05390548706055,4.6567254066467285,5.0,TRUE,7,9,1,2026-04-07 14:00:00.000000
472839387,2026-01-26T20:07:12.148Z,Tutoring,nl,9716AC,Groningen,53.230045318603516,6.561212062835693,7.5,FALSE,8,9,1,2026-03-04 16:15:00.000000
331736079,2026-01-26T14:41:38.966Z,Tutoring,nl,7255JW,Hengelo (Gld),52.039676666259766,6.2874531745910645,15.0,FALSE,10,7,1,2026-03-02 15:00:00.000000
2922933583,2026-01-26T11:41:20.317Z,Tutoring,de,64331,Weiterstadt,49.90557098388672,8.588644027709961,20.0,TRUE,1,7,0,2026-02-22 14:00:00.000000
2685964601,2026-01-26T09:23:59.977Z,Tutoring,de,09117,Chemnitz,50.822669982910156,12.841450691223145,15.0,FALSE,13,9,1,2026-03-25 13:30:00.000000
2888058147,2026-01-25T17:07:38.180Z,Tutoring,nl,1826BV,Alkmaar,52.656158447265625,4.762560844421387,20.0,FALSE,5,7,1,2026-03-02 18:00:00.000000
3441651001,2026-01-25T10:02:41.700Z,Introducing,de,24143,Kiel,54.301876068115234,10.145840644836426,10.0,TRUE,0,8,0,1900-01-01 00:00:00.000005
2529230324,2026-01-24T13:41:53.277Z,Introducing,nl,9718GP,Groningen,53.21567916870117,6.551651954650879,7.0,TRUE,0,8,0,1900-01-01 00:00:00.000005
4280273873,2026-01-24T12:30:49.219Z,Introducing,nl,2496HZ,'s-Gravenhage,52.050689697265625,4.382697105407715,15.0,TRUE,0,7,0,1900-01-01 00:00:00.000005
1969082449,2026-01-24T11:53:25.039Z,Tutoring,de,55120,Mainz,50.02073669433594,8.230833053588867,15.0,FALSE,8,6,1,2026-02-26 16:00:00.000000
2772067784,2026-01-23T14:57:54.698Z,Tutoring,de,22143,Hamburg,53.60466766357422,10.182382583618164,10.0,TRUE,8,12,1,2026-02-27 15:30:00.000000
2184166766,2026-01-23T08:22:56.985Z,Introducing,nl,2719MZ,Zoetermeer,52.046627044677734,4.464419364929199,5.0,TRUE,0,7,0,1900-01-01 00:00:00.000005
4144155352,2026-01-22T12:54:40.281Z,Tutoring,de,44143,Dortmund,51.51152420043945,7.487525463104248,12.0,TRUE,18,14,1,2026-03-06 16:45:00.000000
4085671439,2026-01-22T09:04:53.594Z,Tutoring,nl,9713JG,Groningen,53.22679901123047,6.572796821594238,3.5,FALSE,3,4,1,2026-03-01 07:00:00.000000
3034558381,2026-01-21T17:05:31.972Z,Tutoring,nl,5421ph,Gemert,51.56222915649414,5.684717655181885,5.0,FALSE,6,10,1,2026-02-10 17:30:00.000000
47093816,2026-01-21T15:36:35.041Z,Tutoring,de,57462,Olpe,51.05171203613281,7.86092472076416,4.900000095367432,FALSE,3,6,1,2026-03-09 14:00:00.000000
339132400,2026-01-21T13:59:36.513Z,Tutoring,nl,6531JS,Nijmegen,51.82954406738281,5.852153301239014,7.0,TRUE,10,13,1,2026-03-09 18:00:00.000000
3941039211,2026-01-21T11:53:02.441Z,Tutoring,nl,6541RW,Nijmegen,51.84584045410156,5.8432745933532715,3.5,TRUE,20,15,1,2026-03-01 15:30:00.000000
1135859020,2026-01-21T11:39:15.986Z,Tutoring,de,66280,Sulzbach/Saar,49.3012580871582,7.066536903381348,5.0,FALSE,7,5,1,2026-03-16 14:00:00.000000
2557271232,2026-01-21T10:40:44.474Z,Tutoring,nl,6525GB,Nijmegen,51.82453155517578,5.860617160797119,7.0,FALSE,1,4,0,2026-01-31 13:00:00.000000
2343360016,2026-01-21T10:06:29.622Z,Tutoring,de,60316,Frankfurt am Main,50.12158966064453,8.689994812011719,3.5,FALSE,8,6,1,2026-03-25 14:00:00.000000
2290703474,2026-01-20T14:47:16.537Z,Introducing,de,04159,Leipzig,51.37209701538086,12.335878372192383,4.0,FALSE,0,3,0,1900-01-01 00:00:00.000005
3350324931,2026-01-20T14:35:00.610Z,Tutoring,nl,6706KJ,Wageningen,51.979530334472656,5.6719889640808105,5.0,TRUE,8,14,1,2026-03-25 16:00:00.000000
3275923681,2026-01-20T14:30:31.173Z,Tutoring,de,07745,Jena,50.89816665649414,11.57751178741455,10.0,FALSE,22,9,2,2026-03-30 14:00:00.000000
3067160681,2026-01-20T14:06:57.543Z,Tutoring,nl,1183AD,Amstelveen,52.31911849975586,4.873353481292725,7.0,FALSE,11,4,3,2026-02-24 16:00:00.000000
2128334575,2026-01-20T11:59:40.698Z,Introducing,nl,2804HJ,Gouda,52.037574768066406,4.7057037353515625,10.0,FALSE,0,2,0,1900-01-01 00:00:00.000005
3189299307,2026-01-20T11:57:24.071Z,Tutoring,de,45663,Recklinghausen,51.577796936035156,7.235792636871338,10.0,TRUE,10,11,1,2026-02-25 13:30:00.000000
2161786315,2026-01-19T20:36:21.899Z,Chatting,nl,6215AJ,Maastricht,50.83552932739258,5.65333366394043,7.0,FALSE,0,1,0,1900-01-01 00:00:00.000005
3367184922,2026-01-19T17:15:52.407Z,Tutoring,de,55131,Mainz,49.992767333984375,8.261348724365234,10.0,TRUE,10,13,1,2026-03-27 14:00:00.000000
2991121907,2026-01-19T14:56:46.132Z,Tutoring,nl,5674CT,Nuenen,51.46714401245117,5.529232501983643,5.0,FALSE,32,17,2,2026-03-13 18:30:00.000000
4126121653,2026-01-19T13:12:52.367Z,Introducing,nl,8261KS,Kampen,52.553279876708984,5.918734073638916,7.0,FALSE,0,1,0,1900-01-01 00:00:00.000005
2037480677,2026-01-19T11:48:35.783Z,Tutoring,nl,3072JN,Rotterdam,51.903846740722656,4.499728202819824,6.0,TRUE,9,12,1,2026-03-10 14:30:00.000000
3552183365,2026-01-19T10:27:14.295Z,Tutoring,nl,2624WW,Delft,51.99927520751953,4.358027458190918,5.0,FALSE,14,7,2,2026-05-05 13:00:00.000000
1692550660,2026-01-18T14:58:17.591Z,Tutoring,nl,6535RX,Nijmegen,51.807472229003906,5.823535919189453,20.0,TRUE,16,11,1,2026-04-01 10:00:00.000000
825638317,2026-01-18T13:37:12.071Z,Tutoring,de,70569,Stuttgart,48.74396514892578,9.095562934875488,20.0,FALSE,9,10,1,2026-02-22 12:00:00.000000
2947264355,2026-01-17T21:29:00.025Z,Chatting,nl,9711PJ,Groningen,53.218292236328125,6.571134090423584,5.0,FALSE,0,3,0,1900-01-01 00:00:00.000005
2196611350,2026-01-17T18:15:19.348Z,Introducing,nl,1098XE,Amsterdam,52.35564041137695,4.947597026824951,7.0,FALSE,0,6,0,1900-01-01 00:00:00.000005
1927823125,2026-01-17T16:58:03.025Z,Tutoring,de,40223,Düsseldorf,51.2060546875,6.77894401550293,3.5,FALSE,17,10,2,2026-04-10 14:00:00.000000
2751354908,2026-01-17T14:24:58.143Z,Active,de,44789,Bochum,51.47572708129883,7.22642707824707,9.0,FALSE,0,0,0,1900-01-01 00:00:00.000005
2807071701,2026-01-17T08:47:25.399Z,Tutoring,de,22143,Hamburg,53.60447692871094,10.155861854553223,5.0,FALSE,9,4,2,2026-03-01 13:00:00.000000
531584894,2026-01-17T07:55:39.113Z,Introducing,de,39104,Magdeburg,52.108184814453125,11.638716697692871,20.0,FALSE,0,1,0,1900-01-01 00:00:00.000005
1371175759,2026-01-17T07:22:51.586Z,Tutoring,nl,3311BE,Dordrecht,51.81475830078125,4.665831089019775,6.0,TRUE,7,16,0,2026-03-03 19:00:00.000000
3924939315,2026-01-16T20:43:08.019Z,Introducing,nl,3035RD,Rotterdam,51.93136978149414,4.4836602210998535,7.0,FALSE,0,6,0,1900-01-01 00:00:00.000005
2973227707,2026-01-16T18:01:46.287Z,Tutoring,de,18109,Rostock,54.15509033203125,12.059832572937012,15.0,FALSE,5,11,0,2026-02-07 18:15:00.000000
4024233552,2026-01-16T14:45:24.127Z,Tutoring,de,04318,Leipzig,51.3370361328125,12.41783332824707,3.5,FALSE,18,9,2,2026-02-25 17:00:00.000000
3249917891,2026-01-16T14:10:58.180Z,Tutoring,de,24103,Kiel,54.32865905761719,10.131098747253418,10.0,FALSE,4,6,1,2026-03-04 16:45:00.000000
2004517283,2026-01-16T13:53:33.542Z,Tutoring,de,58710,Menden (Sauerland),51.41826248168945,7.842418670654297,12.0,FALSE,8,9,1,2026-03-19 14:00:00.000000
1115406241,2026-01-16T13:05:50.286Z,Tutoring,de,52062,Aachen,50.78261184692383,6.084327220916748,7.0,FALSE,5,10,1,2026-03-04 17:00:00.000000
3115315925,2026-01-16T10:16:23.245Z,Introducing,de,09112,Chemnitz,50.83753967285156,12.899290084838867,20.0,FALSE,0,1,0,1900-01-01 00:00:00.000005
5502260,2026-01-16T10:02:54.780Z,Active,de,58135,Hagen,51.34676742553711,7.425981044769287,7.0,FALSE,0,0,0,1900-01-01 00:00:00.000005
983338234,2026-01-16T09:37:44.427Z,Tutoring,nl,3527BA,Utrecht,52.0792236328125,5.086339950561523,8.0,TRUE,5,8,1,2026-02-28 11:00:00.000000
82758481,2026-01-16T01:50:49.692Z,Tutoring,nl,2324EC,Leiden,52.139495849609375,4.4688310623168945,10.0,FALSE,4,6,1,2026-03-12 19:15:00.000000
2522307705,2026-01-15T14:10:26.015Z,Tutoring,de,80993,München,48.18482208251953,11.522629737854004,15.0,FALSE,24,9,3,2026-04-10 13:00:00.000000
500700830,2026-01-15T11:40:15.679Z,Tutoring,nl,8925HW,Leeuwarden,53.20508575439453,5.856574058532715,5.0,FALSE,12,9,1,2026-02-27 12:00:00.000000
4104684368,2026-01-15T10:57:57.290Z,Active,de,09350,Lichtenstein/Sachsen,50.74347686767578,12.645895004272461,15.0,FALSE,0,0,0,1900-01-01 00:00:00.000005
4272930400,2026-01-14T20:17:23.137Z,Introducing,nl,2625RH,Delft,51.992332458496094,4.337924957275391,8.0,FALSE,0,6,0,1900-01-01 00:00:00.000005
3716855225,2026-01-14T11:46:31.808Z,Chatting,de,61440,Oberursel (Taunus),50.178138732910156,8.588452339172363,15.0,FALSE,0,2,0,1900-01-01 00:00:00.000005
2079897080,2026-01-14T10:14:59.884Z,Tutoring,de,04155,Leipzig,51.36532974243164,12.362305641174316,10.0,FALSE,30,12,3,2026-03-04 15:30:00.000000
972889964,2026-01-14T08:53:06.506Z,Tutoring,de,22299,Hamburg,53.593040466308594,9.997946739196777,10.0,FALSE,9,3,3,2026-03-05 17:30:00.000000
3588711989,2026-01-13T19:06:34.522Z,Introducing,nl,8604VS,Sneek,53.04178237915039,5.684823036193848,7.0,TRUE,0,7,0,1900-01-01 00:00:00.000005
2072688694,2026-01-13T16:28:42.314Z,Tutoring,nl,6821AC,Arnhem,51.986045837402344,5.913579940795898,7.0,TRUE,14,11,1,2026-03-26 15:00:00.000000
3422004136,2026-01-13T14:32:54.260Z,Tutoring,nl,6701BH,Wageningen,51.96710968017578,5.658709526062012,7.0,FALSE,12,8,2,2026-03-03 15:30:00.000000
2951129442,2026-01-13T12:37:28.248Z,Tutoring,nl,1079WB,Amsterdam,52.340633392333984,4.9049859046936035,7.0,FALSE,1,3,0,2026-02-03 14:00:00.000000
198651615,2026-01-12T18:46:22.126Z,Tutoring,nl,6525VJ,Nijmegen,51.81333541870117,5.861989498138428,20.0,TRUE,1,9,0,2026-02-16 14:00:00.000000
1722649887,2026-01-12T14:03:48.431Z,Tutoring,nl,3931XG,Woudenberg,52.085227966308594,5.406216144561768,20.0,TRUE,12,14,1,2026-03-25 15:00:00.000000
873377575,2026-01-12T12:02:37.790Z,Tutoring,de,55118,Mainz,50.010833740234375,8.265542984008789,5.0,FALSE,1,4,0,2026-01-27 17:00:00.000000
131269609,2026-01-12T11:50:23.541Z,Introducing,nl,1567JJ,Assendelft,52.49076461791992,4.750678539276123,8.0,FALSE,0,6,0,1900-01-01 00:00:00.000005
94792923,2026-01-12T10:11:47.759Z,Tutoring,nl,9713ED,Groningen,53.22045135498047,6.584570407867432,7.0,TRUE,11,7,2,2026-02-26 16:00:00.000000
403061103,2026-01-12T09:24:30.529Z,Tutoring,de,10435,Berlin,52.53584289550781,13.40939998626709,5.0,FALSE,8,10,1,2026-02-27 19:30:00.000000
3249503518,2026-01-12T09:20:44.875Z,Tutoring,nl,1096GG,Amsterdam,52.33880615234375,4.919389724731445,5.0,FALSE,24,8,3,2026-04-03 17:30:00.000000
3762621302,2026-01-12T07:53:03.936Z,Tutoring,de,30539,Hannover,52.31333923339844,9.820562362670898,10.0,FALSE,4,6,1,2026-03-06 14:00:00.000000
1289147837,2026-01-11T21:47:11.923Z,Active,nl,1973VE,IJmuiden,52.45463562011719,4.5996599197387695,10.0,FALSE,0,0,0,1900-01-01 00:00:00.000005
3804188909,2026-01-11T20:14:51.311Z,Tutoring,nl,9726GV,Groningen,53.21171951293945,6.548655986785889,8.0,FALSE,18,10,2,2026-03-09 16:15:00.000000
135256132,2026-01-11T15:52:04.177Z,Tutoring,nl,3061XS,Rotterdam,51.921695709228516,4.5092668533325195,5.0,TRUE,4,17,0,2026-02-25 13:30:00.000000
3805885714,2026-01-11T14:52:43.259Z,Tutoring,nl,3315PG,Dordrecht,51.80939483642578,4.7106475830078125,5.0,TRUE,10,16,1,2026-03-01 13:00:00.000000
417091658,2026-01-11T14:33:17.105Z,Tutoring,de,72184,Eutingen im Gäu,48.4924201965332,8.756478309631348,3.5,FALSE,37,6,6,2026-03-30 15:00:00.000000
361844746,2026-01-11T12:57:20.507Z,Tutoring,nl,2496HZ,'s-Gravenhage,52.050689697265625,4.382697105407715,5.0,TRUE,7,9,1,2026-03-20 15:30:00.000000
1804294805,2026-01-11T12:18:49.334Z,Tutoring,de,25582,Drage,54.00077819824219,9.50123119354248,20.0,FALSE,4,8,1,2026-02-09 16:30:00.000000
351835373,2026-01-11T12:15:00.478Z,Introducing,nl,2235DK,Valkenburg,52.18204116821289,4.428750991821289,8.0,FALSE,0,2,0,1900-01-01 00:00:00.000005
3107254643,2026-01-10T19:05:57.747Z,Introducing,nl,1098XE,Amsterdam,52.35568618774414,4.9485063552856445,3.5,TRUE,0,7,0,1900-01-01 00:00:00.000005
1515643949,2026-01-10T13:19:06.277Z,Tutoring,nl,2924BP,Krimpen aan den IJssel,51.92406463623047,4.617642879486084,8.0,TRUE,6,18,0,2026-03-09 15:00:00.000000
628726036,2026-01-10T11:29:29.172Z,Chatting,nl,4251ME,Werkendam,51.792327880859375,4.8227434158325195,10.0,FALSE,0,1,0,1900-01-01 00:00:00.000005
19195387,2026-01-10T07:56:33.045Z,Tutoring,de,49219,Glandorf,52.076602935791016,7.9880499839782715,3.5,FALSE,19,4,5,2026-03-27 16:00:00.000000
1534512378,2026-01-09T16:17:03.535Z,Tutoring,nl,2313DV,Leiden,52.1523323059082,4.511868953704834,6.0,FALSE,24,9,3,2026-03-02 19:00:00.000000
1894739348,2026-01-09T13:17:55.653Z,Tutoring,de,58300,Wetter (Ruhr),51.40345764160156,7.32804012298584,20.0,FALSE,54,9,6,2026-03-30 15:00:00.000000
1184839085,2026-01-09T12:42:31.318Z,Introducing,de,67061,Ludwigshafen am Rhein,49.472373962402344,8.43220043182373,10.0,FALSE,0,6,0,1900-01-01 00:00:00.000005
3993539317,2026-01-09T12:15:49.747Z,Tutoring,nl,6211WH,Maastricht,50.8552360534668,5.688353061676025,7.0,TRUE,19,20,1,2026-03-05 14:00:00.000000
3343624765,2026-01-09T11:36:14.069Z,Chatting,nl,8051SK,Hattem,52.484622955322266,6.050302505493164,8.0,FALSE,0,2,0,1900-01-01 00:00:00.000005
1106833504,2026-01-09T10:09:59.093Z,Tutoring,de,71157,Hildrizhausen,48.62879943847656,8.975170135498047,20.0,TRUE,20,12,2,2026-03-06 14:45:00.000000
1519793353,2026-01-08T22:40:01.115Z,Tutoring,nl,3042NA,Rotterdam,51.930908203125,4.433228969573975,4.0,FALSE,9,9,1,2026-03-01 14:00:00.000000
2725229864,2026-01-08T13:42:31.642Z,Introducing,nl,7001HN,Doetinchem,51.958778381347656,6.299232482910156,10.0,FALSE,0,4,0,1900-01-01 00:00:00.000005
1793021062,2026-01-08T13:06:34.618Z,Introducing,nl,5406CM,Uden,51.646053314208984,5.615175724029541,7.0,FALSE,0,5,0,1900-01-01 00:00:00.000005
4270665098,2026-01-08T13:04:50.415Z,Introducing,de,10317,Berlin,52.511016845703125,13.503924369812012,10.0,TRUE,0,10,0,1900-01-01 00:00:00.000005
1725519145,2026-01-08T12:56:52.086Z,Chatting,de,69245,Bammental,49.35295867919922,8.770591735839844,20.0,FALSE,0,1,0,1900-01-01 00:00:00.000005
1395638101,2026-01-08T11:20:18.866Z,Tutoring,de,64846,Groß-Zimmern,49.86795425415039,8.830570220947266,20.0,FALSE,2,4,1,2026-01-28 15:00:00.000000
554649914,2026-01-08T10:34:17.938Z,Tutoring,de,51377,Leverkusen,51.03117370605469,7.01139497756958,20.0,FALSE,3,6,1,2026-02-11 16:00:00.000000
4220588835,2026-01-08T10:08:44.951Z,Tutoring,nl,7206HK,Zutphen,52.12241744995117,6.204878807067871,5.0,TRUE,13,15,1,2026-03-17 18:30:00.000000
2927161141,2026-01-08T09:46:16.203Z,Tutoring,nl,9742JM,Groningen,53.23185729980469,6.536868572235107,8.0,TRUE,14,14,1,2026-02-28 18:00:00.000000
3642348391,2026-01-07T16:51:18.837Z,Tutoring,nl,1078EM,Amsterdam,52.347137451171875,4.897239685058594,3.5,FALSE,70,32,2,2026-03-29 12:15:00.000000
1340869464,2026-01-07T15:40:50.293Z,Tutoring,nl,2611SZ,Delft,52.011714935302734,4.366308689117432,7.0,TRUE,11,11,1,2026-02-27 16:00:00.000000
3011675639,2026-01-07T15:34:35.048Z,Tutoring,nl,3061ZK,Rotterdam,51.92222595214844,4.508999347686768,5.0,TRUE,58,40,1,2026-03-31 12:30:00.000000
122590550,2026-01-07T14:57:16.786Z,Tutoring,de,41069,Mönchengladbach,51.18302536010742,6.398252487182617,10.0,FALSE,8,6,1,2026-03-10 15:00:00.000000
3514675461,2026-01-07T10:58:19.651Z,Tutoring,de,28199,Bremen,53.06830596923828,8.785368919372559,5.0,FALSE,6,2,3,2026-03-12 15:00:00.000000
1544759303,2026-01-07T10:37:04.234Z,Introducing,de,85716,Unterschleißheim,48.28719711303711,11.584001541137695,20.0,FALSE,0,1,0,1900-01-01 00:00:00.000005
244202598,2026-01-07T09:55:31.205Z,Tutoring,de,38470,Parsau,52.536190032958984,10.883919715881348,20.0,TRUE,5,10,1,2026-02-26 15:30:00.000000
2924076865,2026-01-06T20:40:00.840Z,Tutoring,de,79110,Freiburg im Breisgau,48.01298141479492,7.825584411621094,7.0,TRUE,1,9,0,2026-02-22 18:00:00.000000
4253467703,2026-01-06T19:42:21.304Z,Introducing,nl,5038VD,Tilburg,51.551509857177734,5.087406158447266,3.5,TRUE,0,11,0,1900-01-01 00:00:00.000005
529585118,2026-01-06T15:47:34.636Z,Tutoring,nl,7522JC,Enschede,52.24137878417969,6.875042915344238,5.0,TRUE,3,12,0,2026-02-17 09:30:00.000000
2386631658,2026-01-06T14:36:27.364Z,Tutoring,nl,8331XH,Steenwijk,52.782310485839844,6.12171745300293,6.0,FALSE,3,6,1,2026-03-02 16:00:00.000000
3917078754,2026-01-06T14:11:53.447Z,Introducing,de,82319,Starnberg,48.00331115722656,11.316183090209961,7.0,TRUE,0,7,0,1900-01-01 00:00:00.000005
3797656523,2026-01-06T11:11:51.389Z,Chatting,nl,5688JX,Oirschot,51.529850006103516,5.266812801361084,11.0,FALSE,0,3,0,1900-01-01 00:00:00.000005
271442516,2026-01-06T11:09:11.938Z,Introducing,de,22885,Barsbüttel,53.57085418701172,10.173314094543457,10.0,FALSE,0,3,0,1900-01-01 00:00:00.000005
1466691878,2026-01-06T09:43:06.250Z,Tutoring,de,70771,Leinfelden-Echterdingen,48.694698333740234,9.171243667602539,15.0,FALSE,6,7,1,2026-02-19 14:00:00.000000
166658791,2026-01-06T09:22:18.446Z,Introducing,nl,5361SE,Grave,51.75254821777344,5.730359077453613,3.5,FALSE,0,4,0,1900-01-01 00:00:00.000005
1235329382,2026-01-06T07:40:19.401Z,Tutoring,de,50737,Köln,50.996944427490234,6.9298882484436035,11.0,TRUE,25,17,1,2026-02-18 17:00:00.000000
3790700264,2026-01-05T16:55:21.209Z,Introducing,de,79110,Freiburg im Breisgau,48.01547622680664,7.807074546813965,7.0,FALSE,0,1,0,1900-01-01 00:00:00.000005
874236980,2026-01-05T16:52:00.871Z,Tutoring,de,45127,Essen,51.452857971191406,7.009105205535889,4.0,FALSE,8,8,1,2026-03-04 15:45:00.000000
826077844,2026-01-05T15:36:26.049Z,Tutoring,nl,1252AK,Laren,52.24622344970703,5.236279487609863,12.0,TRUE,19,11,2,2026-06-09 13:00:00.000000
1807257663,2026-01-05T13:46:27.200Z,Tutoring,de,04318,Leipzig,51.336116790771484,12.408676147460938,7.0,FALSE,62,14,4,2026-03-29 14:00:00.000000
3878948597,2026-01-05T13:19:24.100Z,Tutoring,nl,6541EA,Nijmegen,51.84886169433594,5.851895809173584,4.0,FALSE,34,9,4,2026-04-30 15:00:00.000000
1413561907,2026-01-05T12:46:11.509Z,Tutoring,de,40547,Düsseldorf,51.236759185791016,6.744589805603027,7.0,FALSE,7,5,1,2026-03-04 15:30:00.000000
2620183213,2026-01-05T10:48:47.482Z,Tutoring,nl,2586VA,'s-Gravenhage,52.10844802856445,4.279658317565918,10.0,TRUE,6,11,1,2026-02-27 14:30:00.000000
1485153347,2026-01-05T10:45:19.926Z,Tutoring,nl,1335WC,Almere,52.40895462036133,5.2988786697387695,9.0,TRUE,16,11,1,2026-02-21 18:00:00.000000
3970318962,2026-01-05T10:31:37.727Z,Tutoring,de,42287,Wuppertal,51.2537727355957,7.234002590179443,15.0,TRUE,5,10,1,2026-02-26 16:00:00.000000
2192009356,2026-01-05T10:30:43.574Z,Introducing,nl,2631XA,Nootdorp,52.04762649536133,4.412827491760254,7.0,TRUE,0,14,0,1900-01-01 00:00:00.000005
3166402419,2026-01-05T10:22:51.715Z,Tutoring,nl,1319BS,Almere,52.387821197509766,5.183545112609863,5.0,FALSE,1,9,0,2026-01-15 16:00:00.000000
766958669,2026-01-04T21:49:46.934Z,Tutoring,nl,1186CW,Amstelveen,52.29093551635742,4.865600109100342,20.0,TRUE,1,7,0,2026-02-18 15:15:00.000000
3861303604,2026-01-04T21:31:29.015Z,Introducing,nl,1053HB,Amsterdam,52.36675262451172,4.875292778015137,4.0,FALSE,0,5,0,1900-01-01 00:00:00.000005
1899993669,2026-01-04T21:22:11.661Z,Tutoring,nl,8021AX,Zwolle,52.515438079833984,6.106248378753662,5.0,TRUE,1,8,0,2026-02-09 12:30:00.000000
594815039,2026-01-04T20:20:28.040Z,Tutoring,nl,6525AJ,Nijmegen,51.8272705078125,5.8725690841674805,6.0,TRUE,3,15,0,2026-01-20 14:00:00.000000
295528591,2026-01-04T19:45:49.519Z,Tutoring,nl,9726BD,Groningen,53.21247100830078,6.555805683135986,4.0,TRUE,2,7,0,2026-02-08 09:00:00.000000
3032973907,2026-01-04T17:21:15.627Z,Tutoring,de,48161,Münster,51.95021057128906,7.543308258056641,20.0,FALSE,15,10,2,2026-03-26 16:30:00.000000
2482121778,2026-01-04T15:56:05.515Z,Tutoring,nl,1447BR,Purmerend,52.498897552490234,4.969651699066162,4.0,FALSE,13,9,1,2026-03-04 15:30:00.000000
3902008432,2026-01-04T11:56:42.570Z,Tutoring,de,18069,Rostock,54.08755111694336,12.078729629516602,15.0,FALSE,25,15,2,2026-03-24 16:00:00.000000
769684824,2026-01-03T16:51:09.352Z,Tutoring,nl,8191NB,Wapenveld,52.419090270996094,6.077286720275879,5.800000190734863,FALSE,3,2,2,2026-01-18 17:30:00.000000
2536127285,2026-01-03T16:41:05.614Z,Introducing,nl,6685BE,Haalderen,51.882022857666016,5.940493583679199,20.0,TRUE,0,9,0,1900-01-01 00:00:00.000005
2341747784,2026-01-03T15:16:49.211Z,Tutoring,de,31224,Peine,52.325828552246094,10.247562408447266,20.0,FALSE,1,5,0,2026-01-13 15:15:00.000000
1184318085,2026-01-03T14:37:21.132Z,Chatting,de,38106,Braunschweig,52.274879455566406,10.522954940795898,7.0,FALSE,0,2,0,1900-01-01 00:00:00.000005
2816081361,2026-01-03T13:10:33.926Z,Tutoring,nl,1111XC,Diemen,52.34202194213867,4.972354888916016,6.0,TRUE,13,20,1,2026-03-01 18:30:00.000000
3931264184,2026-01-03T12:38:41.689Z,Tutoring,nl,2324LV,Leiden,52.152976989746094,4.471555233001709,7.0,FALSE,3,3,1,2026-03-04 18:15:00.000000
1579997224,2026-01-02T19:38:59.489Z,Tutoring,nl,9712EX,Groningen,53.22125244140625,6.564891338348389,5.0,FALSE,9,5,2,2026-03-03 16:00:00.000000
1066929834,2026-01-02T19:11:59.633Z,Chatting,nl,6211CM,Maastricht,50.850399017333984,5.690863609313965,3.5,FALSE,0,1,0,1900-01-01 00:00:00.000005
1706601597,2026-01-02T13:29:20.393Z,Tutoring,de,22459,Hamburg,53.621822357177734,9.942730903625488,15.0,FALSE,7,7,1,2026-03-30 15:00:00.000000
3228027559,2026-01-02T11:02:36.412Z,Introducing,de,23562,Lübeck,53.83544921875,10.692291259765625,20.0,FALSE,0,4,0,1900-01-01 00:00:00.000005
2315241449,2026-01-02T10:20:27.141Z,Chatting,de,22085,Hamburg,53.5692024230957,10.017345428466797,20.0,FALSE,0,2,0,1900-01-01 00:00:00.000005
2941075328,2026-01-02T07:36:12.131Z,Tutoring,de,37197,Hattorf am Harz,51.654449462890625,10.236457824707031,15.0,FALSE,25,10,3,2026-03-26 15:00:00.000000
1968761536,2026-01-01T21:25:00.156Z,Tutoring,nl,3572VZ,Utrecht,52.09917449951172,5.1353068351745605,7.0,TRUE,6,11,1,2026-02-17 16:30:00.000000
4230153413,2026-01-01T16:11:43.301Z,Introducing,nl,6717LS,Ede,52.019718170166016,5.666073799133301,7.0,FALSE,0,4,0,1900-01-01 00:00:00.000005
4168010627,2026-01-01T12:07:29.648Z,Tutoring,de,68159,Mannheim,49.491947174072266,8.457950592041016,7.0,TRUE,3,8,0,2026-02-26 16:00:00.000000
3684768886,2026-01-01T11:48:32.466Z,Introducing,de,38100,Braunschweig,52.266117095947266,10.526932716369629,6.0,FALSE,0,2,0,1900-01-01 00:00:00.000005
3421403865,2026-01-01T11:27:39.499Z,Tutoring,de,44143,Dortmund,51.511470794677734,7.488006591796875,5.0,FALSE,18,5,4,2026-04-21 15:00:00.000000
928045890,2025-12-30T15:47:13.500Z,Introducing,nl,3067TN,Rotterdam,51.94272994995117,4.53827428817749,5.0,FALSE,0,4,0,1900-01-01 00:00:00.000005
3979982903,2025-12-30T12:47:17.839Z,Introducing,nl,6221CH,Maastricht,50.85004425048828,5.700659275054932,4.0,FALSE,0,6,0,1900-01-01 00:00:00.000005
3051123853,2025-12-29T09:16:02.742Z,Tutoring,de,40229,Düsseldorf,51.19508361816406,6.836208820343018,5.0,FALSE,29,13,2,2026-03-01 13:00:00.000000
2813443593,2025-12-28T15:53:10.935Z,Tutoring,de,52072,Aachen,50.78293991088867,6.073590278625488,7.0,FALSE,36,19,2,2026-04-07 13:30:00.000000
2265608104,2025-12-26T10:33:46.649Z,Tutoring,nl,3446AP,Woerden,52.080772399902344,4.89876651763916,18.0,TRUE,26,17,2,2026-03-03 17:00:00.000000
4255241665,2025-12-25T15:57:48.063Z,Active,de,47169,Duisburg,51.51676559448242,6.743309497833252,10.0,FALSE,0,0,0,1900-01-01 00:00:00.000005
2250780595,2025-12-25T09:54:14.391Z,Introducing,nl,1795JS,De Cocksdorp,53.13005065917969,4.841336727142334,3.5,FALSE,0,1,0,1900-01-01 00:00:00.000005
3258138502,2025-12-24T13:50:57.892Z,Tutoring,nl,6708PG,Wageningen,51.98027801513672,5.656843662261963,8.0,FALSE,10,7,1,2026-03-06 14:30:00.000000
382843059,2025-12-23T21:14:44.173Z,Tutoring,nl,1065AM,Amsterdam,52.36052703857422,4.824071407318115,7.0,TRUE,9,7,1,2026-02-10 14:00:00.000000
2313527259,2025-12-23T17:35:35.693Z,Tutoring,de,33615,Bielefeld,52.032958984375,8.523089408874512,15.0,FALSE,13,6,2,2026-03-30 15:00:00.000000
668053646,2025-12-23T15:46:43.970Z,Tutoring,nl,2995TM,Heerjansdam,51.83154296875,4.563945293426514,5.0,FALSE,20,5,4,2026-02-27 14:45:00.000000
2865582430,2025-12-23T12:34:58.830Z,Tutoring,nl,7431CB,Diepenveen,52.29546356201172,6.146067142486572,20.0,FALSE,5,1,5,2026-02-26 15:15:00.000000
1736800284,2025-12-23T12:10:29.212Z,Tutoring,nl,3552XP,Utrecht,52.10627365112305,5.109173774719238,5.0,FALSE,18,7,3,2026-05-28 13:00:00.000000
2458608759,2025-12-23T09:06:24.217Z,Tutoring,de,40223,Düsseldorf,51.208866119384766,6.783640384674072,4.0,FALSE,2,7,0,2026-01-20 15:00:00.000000
3630254884,2025-12-23T08:44:28.863Z,Active,nl,7322NV,Apeldoorn,52.220458984375,5.994649410247803,9.0,FALSE,0,0,0,1900-01-01 00:00:00.000005
3779098701,2025-12-22T22:41:43.226Z,Introducing,nl,1097PW,Amsterdam,52.3441162109375,4.925992012023926,6.0,TRUE,0,9,0,1900-01-01 00:00:00.000005
1763044956,2025-12-22T20:45:37.291Z,Chatting,nl,6171VD,Stein,50.97232437133789,5.773759841918945,20.0,FALSE,0,3,0,1900-01-01 00:00:00.000005
870948483,2025-12-22T14:36:04.982Z,Introducing,nl,9741HA,Groningen,53.233734130859375,6.557870864868164,4.0,FALSE,0,2,0,1900-01-01 00:00:00.000005
1029053863,2025-12-22T12:04:32.980Z,Tutoring,nl,2631VD,Nootdorp,52.03940963745117,4.401701927185059,7.0,FALSE,67,30,2,2026-03-20 17:30:00.000000
62152290,2025-12-22T08:24:42.839Z,Tutoring,nl,2512JB,'s-Gravenhage,52.07152557373047,4.296513080596924,4.0,FALSE,32,4,8,2026-04-28 14:00:00.000000
2351624103,2025-12-21T09:51:57.155Z,Introducing,de,76646,Bruchsal,49.10538101196289,8.648821830749512,20.0,FALSE,0,3,0,1900-01-01 00:00:00.000005
1673827494,2025-12-20T09:22:28.153Z,Tutoring,de,81371,München,48.11476516723633,11.551553726196289,3.5,TRUE,51,25,2,2026-03-02 15:45:00.000000
3674907618,2025-12-19T21:32:38.107Z,Tutoring,nl,2551WL,'s-Gravenhage,52.0582275390625,4.2375335693359375,7.0,TRUE,21,12,2,2026-03-13 14:30:00.000000
2966417874,2025-12-19T17:38:25.190Z,Chatting,de,44269,Dortmund,51.49017333984375,7.531337261199951,10.0,FALSE,0,1,0,1900-01-01 00:00:00.000005
3612489418,2025-12-18T15:15:28.449Z,Tutoring,nl,3119JA,Schiedam,51.925228118896484,4.383655071258545,15.0,TRUE,27,23,1,2026-02-14 10:30:00.000000
2410194102,2025-12-18T10:41:48.083Z,Chatting,de,58097,Hagen,51.37261962890625,7.491989612579346,7.0,FALSE,0,1,0,1900-01-01 00:00:00.000005
149193339,2025-12-17T15:20:38.524Z,Introducing,de,66111,Saarbrücken,49.235015869140625,7.0045247077941895,7.0,FALSE,0,5,0,1900-01-01 00:00:00.000005
878888896,2025-12-17T14:23:21.681Z,Introducing,de,28777,Bremen,53.18699645996094,8.552888870239258,8.0,FALSE,0,3,0,1900-01-01 00:00:00.000005
1321657626,2025-12-17T12:39:10.735Z,Tutoring,nl,5022BR,Tilburg,51.54322052001953,5.096585750579834,7.0,FALSE,8,4,2,2026-03-25 14:00:00.000000
1550483780,2025-12-17T11:59:33.099Z,Tutoring,de,14513,Teltow,52.3922119140625,13.288118362426758,20.0,FALSE,1,5,0,2026-02-03 12:00:00.000000
1861513845,2025-12-16T23:33:52.945Z,Tutoring,de,92637,Weiden in der Oberpfalz,49.68498992919922,12.133479118347168,20.0,FALSE,95,25,4,2026-03-25 15:00:00.000000
2547342476,2025-12-16T14:23:47.189Z,Tutoring,nl,7442AH,Nijverdal,52.36323547363281,6.466090679168701,6.0,FALSE,21,10,2,2026-03-04 16:30:00.000000
3700355358,2025-12-16T13:37:37.941Z,Active,de,79106,Freiburg im Breisgau,48.00735855102539,7.850597858428955,10.0,FALSE,0,0,0,1900-01-01 00:00:00.000005
2340999891,2025-12-16T11:41:50.799Z,Introducing,de,55252,Wiesbaden,50.01719665527344,8.284093856811523,10.0,FALSE,0,1,0,1900-01-01 00:00:00.000005
3492955435,2025-12-16T11:12:17.687Z,Introducing,de,68159,Mannheim,49.49011993408203,8.465991020202637,5.0,FALSE,0,3,0,1900-01-01 00:00:00.000005
209402693,2025-12-16T10:33:26.152Z,Tutoring,de,24568,Kaltenkirchen,53.83537673950195,9.967156410217285,20.0,TRUE,18,13,1,2026-03-05 17:00:00.000000
596141803,2025-12-16T09:33:45.278Z,Tutoring,nl,3571XH,Utrecht,52.1053581237793,5.133780002593994,8.0,TRUE,21,12,2,2026-03-02 18:30:00.000000
2916107857,2025-12-15T19:06:40.688Z,Tutoring,nl,9617AB,Harkstede,53.21258544921875,6.693049907684326,12.0,FALSE,7,2,4,2026-03-11 18:00:00.000000
3632232596,2025-12-15T18:56:36.033Z,Tutoring,nl,3032HC,Rotterdam,51.92671585083008,4.482629776000977,10.0,FALSE,7,5,1,2026-01-02 12:00:00.000000
3356698552,2025-12-15T17:17:59.081Z,Tutoring,de,86153,Augsburg,48.377967834472656,10.904999732971191,5.0,FALSE,21,6,4,2026-03-27 13:00:00.000000
1238575569,2025-12-15T15:55:05.223Z,Tutoring,nl,9001ZG,Grou,53.103050231933594,5.834438323974609,20.0,TRUE,14,11,1,2026-03-12 17:00:00.000000
3350313326,2025-12-15T13:22:58.151Z,Tutoring,nl,9732CE,Groningen,53.23716354370117,6.628624439239502,15.0,FALSE,18,8,2,2026-02-27 18:00:00.000000
722305551,2025-12-15T12:32:18.293Z,Tutoring,nl,2321BS,Leiden,52.14729690551758,4.478932857513428,5.0,FALSE,36,12,3,2026-04-02 15:00:00.000000
1214472536,2025-12-15T09:54:57.313Z,Introducing,nl,9718GA,Groningen,53.21670913696289,6.5548095703125,7.0,FALSE,0,1,0,1900-01-01 00:00:00.000005
372320636,2025-12-15T09:01:54.544Z,Tutoring,nl,3524ZG,Utrecht,52.0598030090332,5.138158798217773,3.5,TRUE,8,8,1,2026-03-12 12:30:00.000000
4241594167,2025-12-15T09:01:27.845Z,Tutoring,nl,1813CG,Alkmaar,52.61976623535156,4.753310203552246,7.0,TRUE,2,10,0,2026-02-06 11:00:00.000000
454057444,2025-12-15T08:40:14.669Z,Introducing,nl,6006KN,Weert,51.24245834350586,5.699882984161377,7.0,FALSE,0,4,0,1900-01-01 00:00:00.000005
1787562049,2025-12-15T07:21:08.963Z,Tutoring,de,40789,Monheim am Rhein,51.117431640625,6.897974967956543,8.0,FALSE,4,7,1,2026-03-02 15:00:00.000000
1673426506,2025-12-14T23:24:14.078Z,Chatting,de,44793,Bochum,51.478458404541016,7.201010227203369,15.0,FALSE,0,4,0,1900-01-01 00:00:00.000005
583888257,2025-12-14T20:17:46.152Z,Tutoring,nl,3533SB,Utrecht,52.08686828613281,5.082124710083008,4.0,FALSE,1,3,0,2026-02-25 18:15:00.000000
4031100338,2025-12-14T14:46:01.392Z,Tutoring,nl,6222XH,Maastricht,50.85970687866211,5.7105841636657715,3.5,FALSE,31,7,4,2026-04-01 15:00:00.000000
3581273070,2025-12-14T11:45:21.959Z,Tutoring,nl,3038KD,Rotterdam,51.93265151977539,4.467769145965576,5.0,TRUE,6,13,0,2026-03-05 15:00:00.000000
1707184214,2025-12-13T05:17:44.654Z,Tutoring,de,77656,Offenburg,48.457035064697266,7.921867847442627,7.0,TRUE,27,16,2,2026-03-16 15:30:00.000000
704927622,2025-12-12T14:58:11.619Z,Tutoring,de,90419,Nürnberg,49.457130432128906,11.069741249084473,5.0,TRUE,8,11,1,2026-02-27 13:00:00.000000
3020607800,2025-12-12T13:06:06.982Z,Tutoring,nl,6524GD,Nijmegen,51.83964920043945,5.860023498535156,5.0,TRUE,25,18,1,2026-02-28 13:30:00.000000
733712110,2025-12-12T11:42:53.229Z,Tutoring,nl,3318CE,Dordrecht,51.786312103271484,4.678752899169922,4.0,TRUE,6,13,0,2026-03-03 19:00:00.000000
1934220061,2025-12-11T15:12:10.077Z,Tutoring,de,64287,Darmstadt,49.860984802246094,8.67323112487793,20.0,FALSE,4,7,1,2026-03-03 16:00:00.000000
3057802328,2025-12-11T11:39:36.911Z,Chatting,de,52511,Geilenkirchen,50.9658203125,6.129149913787842,3.5,FALSE,0,1,0,1900-01-01 00:00:00.000005
3385127845,2025-12-11T09:33:44.298Z,Introducing,nl,5673PA,Nuenen,51.47111129760742,5.561971664428711,7.0,FALSE,0,1,0,1900-01-01 00:00:00.000005
395904652,2025-12-11T09:21:41.617Z,Tutoring,nl,8917ER,Leeuwarden,53.212425231933594,5.785436153411865,5.0,FALSE,22,3,7,2026-02-27 11:30:00.000000
856975922,2025-12-11T07:33:59.647Z,Chatting,nl,2586HG,'s-Gravenhage,52.10930252075195,4.285057544708252,7.0,FALSE,0,2,0,1900-01-01 00:00:00.000005
2127597960,2025-12-10T21:24:26.409Z,Tutoring,nl,2628GJ,Delft,52.00717544555664,4.37684440612793,7.0,TRUE,18,13,1,2026-02-26 18:30:00.000000
4077651118,2025-12-10T13:19:44.118Z,Tutoring,nl,1052CX,Amsterdam,52.37548065185547,4.875530242919922,7.0,TRUE,5,11,0,2026-02-28 15:00:00.000000
3934123317,2025-12-10T12:04:58.466Z,Tutoring,nl,9724GW,Groningen,53.20941162109375,6.582248687744141,3.5,TRUE,19,17,1,2026-04-01 14:00:00.000000
3240663302,2025-12-10T11:03:26.874Z,Chatting,de,14467,Potsdam,52.39545440673828,13.054704666137695,6.0,FALSE,0,1,0,1900-01-01 00:00:00.000005
283026994,2025-12-10T10:36:13.144Z,Tutoring,nl,4726BP,Heerle,51.51832962036133,4.356375694274902,15.0,TRUE,22,20,1,2026-03-05 14:00:00.000000
490149291,2025-12-10T06:54:57.091Z,Tutoring,nl,6932LK,Westervoort,51.9474983215332,5.978480339050293,10.0,FALSE,5,1,5,2026-03-05 15:00:00.000000
1333443234,2025-12-10T05:59:40.580Z,Introducing,nl,4388ET,Oost-Souburg,51.46196365356445,3.595935344696045,7.0,TRUE,0,17,0,1900-01-01 00:00:00.000005
1158892427,2025-12-09T21:52:31.776Z,Tutoring,nl,1761LG,Anna Paulowna,52.86196517944336,4.803096771240234,10.0,FALSE,6,7,1,2026-01-20 14:30:00.000000
1224827656,2025-12-09T20:55:11.549Z,Introducing,de,55118,Mainz,50.01118469238281,8.265464782714844,15.0,TRUE,0,7,0,1900-01-01 00:00:00.000005
317199586,2025-12-09T18:23:06.027Z,Tutoring,de,18059,Rostock,54.07674789428711,12.127431869506836,6.0,FALSE,22,4,6,2026-02-24 15:45:00.000000
3267394902,2025-12-09T18:16:17.526Z,Tutoring,nl,1059TR,Amsterdam,52.34786605834961,4.846231460571289,20.0,TRUE,12,12,1,2026-03-06 15:00:00.000000
1810192002,2025-12-09T18:11:11.684Z,Chatting,de,99089,Erfurt,50.99425506591797,11.00718879699707,6.0,FALSE,0,2,0,1900-01-01 00:00:00.000005
2753770217,2025-12-09T16:22:09.059Z,Chatting,de,28359,Bremen,53.09799575805664,8.882201194763184,5.0,FALSE,0,1,0,1900-01-01 00:00:00.000005
3200690531,2025-12-09T14:08:19.187Z,Introducing,nl,9726bm,Groningen,53.212249755859375,6.552897930145264,10.0,TRUE,0,8,0,1900-01-01 00:00:00.000005
3800738562,2025-12-09T13:36:06.922Z,Tutoring,nl,3511ZG,Utrecht,52.083438873291016,5.123275279998779,4.0,TRUE,4,7,1,2026-02-26 15:30:00.000000
381162304,2025-12-09T13:11:11.688Z,Tutoring,de,52074,Aachen,50.763179779052734,6.053800106048584,10.0,TRUE,16,12,1,2026-03-04 16:00:00.000000
1263454641,2025-12-09T13:06:26.119Z,Tutoring,nl,9712KB,Groningen,53.218528747558594,6.570930004119873,7.0,FALSE,21,7,3,2026-03-04 14:30:00.000000
2675522906,2025-12-09T13:01:22.131Z,Tutoring,nl,3853PW,Ermelo,52.290992736816406,5.597127437591553,5.0,FALSE,51,8,6,2026-04-16 15:00:00.000000
191316077,2025-12-08T21:15:16.826Z,Tutoring,de,45721,Haltern am See,51.74625015258789,7.190802097320557,5.0,FALSE,6,5,1,2026-01-07 17:30:00.000000
584437079,2025-12-08T18:40:02.078Z,Introducing,nl,6511LG,Nijmegen,51.84425354003906,5.865254878997803,20.0,TRUE,0,9,0,1900-01-01 00:00:00.000005
3373052898,2025-12-08T16:49:43.494Z,Introducing,nl,8931HC,Leeuwarden,53.18747329711914,5.775653839111328,7.0,FALSE,0,6,0,1900-01-01 00:00:00.000005
717897045,2025-12-08T15:41:18.479Z,Tutoring,nl,2311CG,Leiden,52.160011291503906,4.486207485198975,6.0,FALSE,30,11,3,2026-03-30 12:00:00.000000
276344682,2025-12-08T14:19:21.549Z,Tutoring,nl,6953BM,Dieren,52.04167556762695,6.106085300445557,5.0,FALSE,2,1,2,2026-02-12 14:00:00.000000
3175646225,2025-12-08T12:42:16.892Z,Tutoring,nl,3452SJ,Vleuten,52.08917236328125,5.011780261993408,7.0,TRUE,23,17,1,2026-02-26 14:00:00.000000
1649514881,2025-12-08T12:01:48.701Z,Tutoring,nl,2935ce,Ouderkerk aan den IJssel,51.967811584472656,4.646116256713867,12.0,FALSE,12,8,2,2026-02-24 13:00:00.000000
1048893613,2025-12-08T11:01:06.219Z,Tutoring,nl,5654DB,Eindhoven,51.422847747802734,5.462311267852783,5.0,FALSE,89,43,2,2026-04-16 18:00:00.000000
3454630824,2025-12-08T09:46:49.007Z,Tutoring,de,53227,Bonn,50.71164321899414,7.170144557952881,10.0,FALSE,34,11,3,2026-03-24 16:00:00.000000
87202651,2025-12-08T08:42:22.063Z,Introducing,nl,2871CX,Schoonhoven,51.94677734375,4.854071617126465,3.5,FALSE,0,2,0,1900-01-01 00:00:00.000005
2242595677,2025-12-07T19:35:27.594Z,Tutoring,nl,3882EB,Putten,52.253761291503906,5.593706130981445,7.0,TRUE,7,11,1,2026-03-06 18:00:00.000000
1440009327,2025-12-07T17:22:27.760Z,Introducing,de,06120,Halle (Saale),51.50442123413086,11.944212913513184,20.0,FALSE,0,4,0,1900-01-01 00:00:00.000005
2693931613,2025-12-07T15:32:25.841Z,Chatting,de,48145,Münster,51.967323303222656,7.663156509399414,15.0,FALSE,0,1,0,1900-01-01 00:00:00.000005
3463574148,2025-12-07T13:41:07.036Z,Introducing,de,23617,Stockelsdorf,53.90308380126953,10.6690673828125,20.0,FALSE,0,2,0,1900-01-01 00:00:00.000005
785193065,2025-12-07T12:30:50.946Z,Tutoring,de,70374,Stuttgart,48.80768966674805,9.241201400756836,20.0,FALSE,0,4,0,1900-01-01 00:00:00.000005
1266270311,2025-12-07T09:20:28.304Z,Chatting,de,01169,Dresden,51.04997253417969,13.65575122833252,15.0,FALSE,0,2,0,1900-01-01 00:00:00.000005
3483042908,2025-12-06T19:08:20.596Z,Tutoring,nl,7511HL,Enschede,52.21847915649414,6.895277500152588,4.0,FALSE,4,6,1,2026-03-03 14:00:00.000000
2748829607,2025-12-06T15:47:48.470Z,Tutoring,nl,5506BH,Veldhoven,51.419376373291016,5.389956951141357,3.5,TRUE,10,9,1,2026-03-04 15:00:00.000000
1796322397,2025-12-06T10:41:03.234Z,Tutoring,nl,1058JA,Amsterdam,52.35457229614258,4.852094650268555,7.0,TRUE,33,19,2,2026-02-27 15:00:00.000000
1088467809,2025-12-06T08:38:58.373Z,Tutoring,nl,9714bt,Groningen,53.22795104980469,6.566411972045898,20.0,TRUE,22,12,2,2026-02-20 15:00:00.000000
1194016472,2025-12-05T16:16:21.684Z,Tutoring,de,70191,Stuttgart,48.80680465698242,9.18321418762207,7.0,TRUE,16,11,1,2026-03-04 14:00:00.000000
2238479985,2025-12-05T13:43:33.328Z,Introducing,de,67577,Alsheim,49.76479721069336,8.338242530822754,20.0,FALSE,0,6,0,1900-01-01 00:00:00.000005
1586435614,2025-12-05T11:50:18.616Z,Introducing,nl,5035DB,Tilburg,51.58766174316406,4.980735778808594,8.0,FALSE,0,6,0,1900-01-01 00:00:00.000005
3644061244,2025-12-05T11:15:31.098Z,Tutoring,de,04105,Leipzig,51.344276428222656,12.358216285705566,6.0,FALSE,55,22,3,2026-05-11 16:00:00.000000
481726116,2025-12-04T21:29:17.187Z,Chatting,nl,1112EB,Diemen,52.336570739746094,4.955926895141602,7.0,FALSE,0,5,0,1900-01-01 00:00:00.000005
2063785627,2025-12-04T20:32:18.517Z,Tutoring,nl,6811MB,Arnhem,51.98392105102539,5.8971428871154785,3.5,TRUE,34,20,2,2026-04-15 14:45:00.000000
327093042,2025-12-04T14:47:19.104Z,Introducing,nl,3023KV,Rotterdam,51.91355895996094,4.449955940246582,5.0,TRUE,0,8,0,1900-01-01 00:00:00.000005
3230283330,2025-12-04T14:37:41.879Z,Active,de,59073,Hamm,51.70493698120117,7.830706596374512,15.0,FALSE,0,0,0,1900-01-01 00:00:00.000005
101272910,2025-12-04T11:41:18.844Z,Tutoring,nl,3582BW,Utrecht,52.084327697753906,5.136203289031982,7.0,TRUE,6,12,1,2026-02-17 15:30:00.000000
4006326012,2025-12-03T19:55:11.505Z,Chatting,de,28201,Bremen,53.066131591796875,8.79903507232666,4.0,FALSE,0,1,0,1900-01-01 00:00:00.000005
3793087973,2025-12-03T19:50:28.440Z,Tutoring,de,14469,Potsdam,52.415409088134766,13.051820755004883,10.0,FALSE,37,14,3,2026-07-15 13:00:00.000000
4161224304,2025-12-03T13:18:38.191Z,Tutoring,de,23552,Lübeck,53.86358642578125,10.686604499816895,20.0,FALSE,9,8,1,2026-03-12 14:00:00.000000
3159140949,2025-12-03T11:19:46.023Z,Tutoring,nl,6706JS,Wageningen,51.978797912597656,5.675571918487549,7.0,FALSE,9,5,2,2026-02-27 18:15:00.000000
2026875139,2025-12-03T10:07:02.214Z,Tutoring,de,06120,Halle (Saale),51.49992370605469,11.943467140197754,10.0,FALSE,10,10,1,2026-03-02 14:00:00.000000
4133759088,2025-12-03T09:50:10.966Z,Chatting,nl,6538HD,Nijmegen,51.814903259277344,5.811122417449951,4.0,FALSE,0,1,0,1900-01-01 00:00:00.000005
1086827323,2025-12-02T17:45:35.387Z,Tutoring,nl,2312BZ,Leiden,52.16374969482422,4.485389232635498,13.0,TRUE,8,7,1,2026-03-05 16:00:00.000000
2259021256,2025-12-02T16:29:47.818Z,Tutoring,nl,6521LE,Nijmegen,51.8399658203125,5.875753879547119,5.0,FALSE,4,1,4,2026-03-04 12:30:00.000000
2141805140,2025-12-02T15:27:41.820Z,Introducing,de,47279,Duisburg,51.39044189453125,6.814340114593506,20.0,FALSE,0,4,0,1900-01-01 00:00:00.000005
1595584666,2025-12-02T14:56:12.042Z,Tutoring,de,38118,Braunschweig,52.25721740722656,10.509908676147461,8.0,FALSE,10,10,1,2026-01-11 13:00:00.000000
2227395328,2025-12-01T20:54:46.562Z,Introducing,de,58708,Menden (Sauerland),51.436317443847656,7.759762287139893,4.0,TRUE,0,8,0,1900-01-01 00:00:00.000005
136184580,2025-12-01T20:33:17.582Z,Tutoring,nl,7533AE,Enschede,52.22243118286133,6.9244256019592285,7.0,TRUE,3,9,0,2026-03-05 15:00:00.000000
3711983088,2025-12-01T20:08:44.685Z,Tutoring,nl,3864MC,Nijkerkerveen,52.18715286254883,5.4807939529418945,3.5,FALSE,5,8,1,2026-01-29 14:30:00.000000
2493252496,2025-12-01T19:54:33.284Z,Tutoring,nl,5037PE,Tilburg,51.54905700683594,5.058484077453613,8.0,TRUE,20,11,2,2026-03-03 15:30:00.000000
1863028133,2025-12-01T12:37:43.642Z,Active,de,41238,Mönchengladbach,51.1695442199707,6.4646782875061035,4.0,FALSE,0,0,0,1900-01-01 00:00:00.000005
1402097008,2025-12-01T10:30:04.562Z,Introducing,de,22145,Hamburg,53.62111282348633,10.159907341003418,8.0,TRUE,0,12,0,1900-01-01 00:00:00.000005
3530134140,2025-12-01T08:11:33.713Z,Tutoring,nl,4694AB,Scherpenisse,51.54607391357422,4.1092095375061035,10.0,TRUE,13,12,1,2026-03-04 14:00:00.000000
1301542475,2025-11-30T12:12:37.792Z,Introducing,nl,2628AX,Delft,51.99628829956055,4.3751420974731445,3.5,FALSE,0,3,0,1900-01-01 00:00:00.000005
2880407520,2025-11-29T20:50:32.040Z,Introducing,nl,3033SG,Rotterdam,51.92810821533203,4.470712661743164,7.0,TRUE,0,7,0,1900-01-01 00:00:00.000005
1214318585,2025-11-29T19:19:31.792Z,Tutoring,nl,1183AD,Amstelveen,52.31911849975586,4.873353481292725,8.0,FALSE,9,4,2,2026-04-01 13:00:00.000000
3941129272,2025-11-29T19:04:15.592Z,Tutoring,de,20146,Hamburg,53.573081970214844,9.979096412658691,20.0,FALSE,11,7,2,2026-03-28 16:00:00.000000
4199630722,2025-11-29T18:35:35.555Z,Tutoring,nl,1171TM,Badhoevedorp,52.336307525634766,4.779870510101318,3.5,TRUE,2,7,0,2026-01-24 12:00:00.000000
643665603,2025-11-28T17:25:13.340Z,Tutoring,de,44879,Bochum,51.42646026611328,7.143377780914307,10.0,FALSE,73,18,4,2026-04-13 14:00:00.000000
4071874806,2025-11-28T14:30:36.415Z,Chatting,nl,2521CA,'s-Gravenhage,52.067081451416016,4.318667888641357,10.0,FALSE,0,3,0,1900-01-01 00:00:00.000005
2249124971,2025-11-28T10:38:21.616Z,Tutoring,nl,1019WL,Amsterdam,52.3718147277832,4.946761131286621,7.0,FALSE,4,2,2,2026-03-02 16:00:00.000000
1815405209,2025-11-27T20:54:36.779Z,Tutoring,nl,7332AT,Apeldoorn,52.20603942871094,5.975050926208496,20.0,FALSE,6,3,2,2026-01-25 14:00:00.000000
1220730675,2025-11-27T19:20:20.726Z,Introducing,nl,4756AP,Kruisland,51.570926666259766,4.406919956207275,3.5,FALSE,0,6,0,1900-01-01 00:00:00.000005
2191427613,2025-11-27T14:55:47.896Z,Introducing,de,38118,Braunschweig,52.25721740722656,10.509908676147461,7.0,TRUE,0,7,0,1900-01-01 00:00:00.000005
3266833879,2025-11-27T10:58:02.143Z,Tutoring,nl,6511KJ,Nijmegen,51.84626770019531,5.863816261291504,5.0,FALSE,35,18,2,2026-03-18 14:30:00.000000
3365664735,2025-11-26T14:45:11.128Z,Introducing,nl,6708WH,Wageningen,51.98357009887695,5.664226531982422,10.0,TRUE,0,4,0,1900-01-01 00:00:00.000005
2460312686,2025-11-26T11:31:50.773Z,Tutoring,nl,8091AN,Wezep,52.44950485229492,6.005463600158691,10.0,TRUE,5,11,0,2026-02-25 16:30:00.000000
441539327,2025-11-25T21:17:49.170Z,Tutoring,nl,2925CZ,Krimpen aan den IJssel,51.917388916015625,4.62120246887207,10.0,TRUE,4,13,0,2026-02-21 14:00:00.000000
486540080,2025-11-25T19:49:42.436Z,Tutoring,nl,5621AA,Eindhoven,51.45163345336914,5.462924003601074,7.0,FALSE,1,7,0,2025-12-16 16:45:00.000000
2685954052,2025-11-25T17:04:03.785Z,Tutoring,nl,2681PB,Monster,52.03972244262695,4.192575931549072,12.0,FALSE,13,4,3,2026-02-10 15:00:00.000000
4159562800,2025-11-25T15:53:00.414Z,Tutoring,nl,6525EC,Nijmegen,51.82422637939453,5.871111869812012,6.0,FALSE,6,6,1,2026-03-03 14:30:00.000000
1470609487,2025-11-25T14:22:43.643Z,Tutoring,nl,9712KV,Groningen,53.22309875488281,6.568263053894043,6.0,FALSE,52,10,5,2026-04-07 12:30:00.000000
2435122609,2025-11-25T12:30:40.275Z,Tutoring,de,69168,Wiesloch,49.29935073852539,8.744345664978027,9.0,FALSE,1,3,0,2026-01-22 12:30:00.000000
822832179,2025-11-24T22:34:22.158Z,Tutoring,nl,3072NX,Rotterdam,51.900264739990234,4.480486869812012,12.0,TRUE,51,30,2,2026-03-26 14:00:00.000000
1222891736,2025-11-24T17:00:16.877Z,Chatting,de,42853,Remscheid,51.18861389160156,7.179814338684082,15.0,FALSE,0,3,0,1900-01-01 00:00:00.000005
1334396939,2025-11-24T16:56:17.172Z,Tutoring,nl,7511DJ,Enschede,52.21951675415039,6.900815963745117,4.0,FALSE,5,4,1,2025-12-17 18:30:00.000000
203661998,2025-11-24T13:44:44.352Z,Introducing,de,12349,Berlin,52.41889190673828,13.434410095214844,4.0,FALSE,0,2,0,1900-01-01 00:00:00.000005
156649714,2025-11-24T12:40:03.343Z,Tutoring,de,33615,Bielefeld,52.036930084228516,8.499113082885742,7.0,FALSE,6,4,2,2026-02-26 13:00:00.000000
2907979116,2025-11-24T11:08:10.210Z,Chatting,de,22177,Hamburg,53.59576416015625,10.062435150146484,5.0,FALSE,0,3,0,1900-01-01 00:00:00.000005
4169687339,2025-11-24T10:12:19.469Z,Introducing,de,06124,Halle (Saale),51.47774124145508,11.916756629943848,8.0,FALSE,0,2,0,1900-01-01 00:00:00.000005
660335257,2025-11-23T21:56:28.344Z,Chatting,nl,5709RG,Helmond,51.49384689331055,5.696073532104492,4.0,TRUE,0,7,0,1900-01-01 00:00:00.000005
2827941830,2025-11-23T15:17:45.341Z,Tutoring,nl,1363WB,Almere,52.35268020629883,5.151885986328125,20.0,TRUE,12,21,1,2026-02-24 17:00:00.000000
2516152777,2025-11-23T14:52:46.073Z,Tutoring,nl,6532CZ,Nijmegen,51.81615447998047,5.836400032043457,10.0,TRUE,10,11,1,2026-02-21 10:00:00.000000
3659106928,2025-11-23T14:44:49.657Z,Introducing,de,99089,Erfurt,51.000396728515625,11.020773887634277,20.0,FALSE,0,2,0,1900-01-01 00:00:00.000005
110984167,2025-11-22T21:14:18.527Z,Tutoring,nl,9715CA,Groningen,53.22932052612305,6.561574935913086,7.0,TRUE,19,14,1,2026-02-19 13:00:00.000000
1031859451,2025-11-22T20:24:15.432Z,Tutoring,nl,7314LL,Apeldoorn,52.21330642700195,5.943437576293945,10.0,TRUE,13,13,1,2026-03-01 09:00:00.000000
3319845550,2025-11-22T19:49:59.476Z,Tutoring,nl,1391VM,Abcoude,52.27108383178711,4.970798969268799,20.0,FALSE,67,22,3,2026-03-04 14:45:00.000000
3902294646,2025-11-22T15:44:57.593Z,Tutoring,de,17491,Greifswald,54.07705307006836,13.402788162231445,10.0,FALSE,67,33,2,2026-04-27 13:45:00.000000
4161304221,2025-11-22T10:39:09.417Z,Tutoring,nl,2324Br,Leiden,52.1391716003418,4.470550537109375,4.0,TRUE,8,20,0,2026-02-25 19:00:00.000000
2186567052,2025-11-21T20:13:33.456Z,Tutoring,de,15913,Alt Zauche-Wußwerk,51.9268798828125,14.05424976348877,7.0,FALSE,80,26,3,2026-03-26 13:00:00.000000
1671204278,2025-11-21T15:53:47.226Z,Introducing,nl,9716AS,Groningen,53.23024368286133,6.558340549468994,4.0,FALSE,0,1,0,1900-01-01 00:00:00.000005
334587230,2025-11-21T14:19:09.207Z,Tutoring,nl,1087MN,Amsterdam,52.34666442871094,5.008927822113037,7.0,FALSE,7,3,2,2026-03-12 14:30:00.000000
3084471320,2025-11-21T13:17:31.406Z,Introducing,de,30459,Hannover,52.349632263183594,9.719566345214844,7.0,FALSE,0,6,0,1900-01-01 00:00:00.000005
359775528,2025-11-21T12:07:16.203Z,Tutoring,nl,3315NM,Dordrecht,51.81114196777344,4.7136077880859375,4.0,TRUE,9,11,1,2026-02-24 15:00:00.000000
4214996236,2025-11-21T09:20:24.120Z,Tutoring,de,04347,Leipzig,51.35316467285156,12.410236358642578,10.0,FALSE,6,2,3,2026-02-28 10:00:00.000000
1625197341,2025-11-20T19:56:47.643Z,Tutoring,nl,2317ZZ,Leiden,52.17445755004883,4.506701469421387,5.0,TRUE,10,11,1,2026-02-07 11:00:00.000000
2110711865,2025-11-20T13:53:07.651Z,Tutoring,nl,7557dh,Hengelo,52.27063751220703,6.814042568206787,7.0,FALSE,24,7,3,2026-04-09 13:15:00.000000
3520401935,2025-11-20T00:02:10.911Z,Tutoring,nl,2526SV,'s-Gravenhage,52.070621490478516,4.306236267089844,20.0,FALSE,26,13,2,2026-03-20 17:30:00.000000
1489163966,2025-11-19T15:38:26.354Z,Introducing,nl,9726GB,Groningen,53.214176177978516,6.551450729370117,5.0,FALSE,0,5,0,1900-01-01 00:00:00.000005
3832210585,2025-11-19T14:56:03.612Z,Tutoring,nl,2225CN,Katwijk,52.20404052734375,4.396609306335449,20.0,FALSE,34,15,2,2026-03-26 18:00:00.000000
3852913871,2025-11-19T14:06:59.583Z,Tutoring,de,47226,Duisburg,51.408790588378906,6.715207576751709,10.0,TRUE,1,7,0,2026-01-28 18:00:00.000000
2301216915,2025-11-19T14:06:37.529Z,Tutoring,nl,6521gg,Nijmegen,51.840911865234375,5.871850967407227,7.0,FALSE,56,17,3,2026-03-02 15:30:00.000000
259615060,2025-11-19T10:54:04.408Z,Tutoring,nl,3135PV,Vlaardingen,51.9151496887207,4.355366230010986,7.0,FALSE,4,4,1,2026-03-02 18:00:00.000000
1463359581,2025-11-19T10:01:04.666Z,Tutoring,nl,6224JG,Maastricht,50.848995208740234,5.719282150268555,7.0,FALSE,29,15,2,2026-03-16 18:00:00.000000
827971938,2025-11-19T09:39:47.594Z,Tutoring,nl,2036KA,Haarlem,52.35176467895508,4.643232345581055,3.5,FALSE,33,9,4,2026-04-03 15:00:00.000000
1459819525,2025-11-19T00:39:03.697Z,Tutoring,nl,1185SM,Amstelveen,52.293636322021484,4.844606399536133,20.0,FALSE,133,33,4,2026-06-23 13:45:00.000000
3800808540,2025-11-18T23:32:28.048Z,Tutoring,nl,2552XG,'s-Gravenhage,52.055965423583984,4.250402450561523,7.0,FALSE,33,17,2,2026-03-05 16:00:00.000000
219991763,2025-11-18T22:12:03.734Z,Tutoring,nl,2566DE,'s-Gravenhage,52.07761764526367,4.246539115905762,8.0,TRUE,28,17,2,2026-03-03 14:00:00.000000
66923660,2025-11-18T20:29:04.952Z,Introducing,nl,9741PE,Groningen,53.234962463378906,6.545830249786377,6.0,TRUE,0,8,0,1900-01-01 00:00:00.000005
852197588,2025-11-18T17:06:32.879Z,Tutoring,nl,6708WH,Wageningen,51.98357009887695,5.664226531982422,9.0,FALSE,12,4,3,2026-02-11 16:30:00.000000
3530765095,2025-11-18T16:06:14.733Z,Introducing,nl,9717EV,Groningen,53.223060607910156,6.548954486846924,5.0,TRUE,0,7,0,1900-01-01 00:00:00.000005
1530006588,2025-11-18T13:24:52.827Z,Introducing,de,14482,Potsdam,52.390869140625,13.090986251831055,7.0,FALSE,0,1,0,1900-01-01 00:00:00.000005
1699500124,2025-11-18T12:58:09.715Z,Introducing,de,52072,Aachen,50.78641891479492,6.069670677185059,4.0,FALSE,0,1,0,1900-01-01 00:00:00.000005
927223225,2025-11-18T12:29:33.820Z,Chatting,nl,3823HX,Amersfoort,52.193241119384766,5.387584209442139,7.0,TRUE,0,8,0,1900-01-01 00:00:00.000005
2180712530,2025-11-18T11:38:34.470Z,Tutoring,de,38106,Braunschweig,52.273799896240234,10.535305976867676,7.0,TRUE,1,8,0,2025-12-15 16:30:00.000000
4251082147,2025-11-18T09:25:41.297Z,Introducing,de,66125,Saarbrücken,49.28661346435547,7.043013095855713,15.0,TRUE,0,9,0,1900-01-01 00:00:00.000005
1261453409,2025-11-17T15:17:57.611Z,Tutoring,de,46045,Oberhausen,51.46816635131836,6.863733768463135,4.0,TRUE,4,7,1,2026-03-07 13:00:00.000000
1889824959,2025-11-17T13:01:06.782Z,Active,nl,6535ZN,Nijmegen,51.80767059326172,5.824204921722412,7.0,FALSE,0,0,0,1900-01-01 00:00:00.000005
3649164221,2025-11-17T12:29:29.353Z,Tutoring,nl,3721GT,Bilthoven,52.12408447265625,5.183497905731201,10.0,FALSE,18,6,3,2026-03-03 17:30:00.000000
2968011268,2025-11-17T12:14:46.577Z,Tutoring,de,47259,Duisburg,51.3680305480957,6.726478576660156,10.0,FALSE,8,3,3,2026-03-19 14:00:00.000000
631249389,2025-11-17T10:21:55.638Z,Active,de,66793,Saarwellingen,49.35519027709961,6.807909965515137,18.0,FALSE,0,0,0,1900-01-01 00:00:00.000005
2433183345,2025-11-17T09:16:07.116Z,Tutoring,nl,8343XJ,Zuidveen,52.77642059326172,6.112372875213623,5.0,FALSE,13,6,2,2026-02-28 15:30:00.000000
1173639682,2025-11-16T21:58:08.176Z,Introducing,de,65197,Wiesbaden,50.074378967285156,8.227571487426758,10.0,TRUE,0,7,0,1900-01-01 00:00:00.000005
1173890184,2025-11-16T21:22:48.213Z,Tutoring,nl,2311AR,Leiden,52.15321350097656,4.481239318847656,5.0,TRUE,24,15,2,2026-02-12 16:00:00.000000
2963800064,2025-11-16T20:29:11.053Z,Tutoring,nl,6678AW,Oosterhout,51.87954330444336,5.8234782218933105,8.0,TRUE,16,12,1,2026-03-03 15:30:00.000000
2253671763,2025-11-16T20:25:11.454Z,Tutoring,nl,1068XS,Amsterdam,52.36355209350586,4.802627086639404,6.0,FALSE,55,21,3,2026-04-04 09:45:00.000000
1442191011,2025-11-16T18:37:51.023Z,Tutoring,nl,6541EC,Nijmegen,51.84954833984375,5.850313186645508,7.0,TRUE,7,7,1,2026-02-23 16:00:00.000000
2519008901,2025-11-16T16:29:39.620Z,Tutoring,de,39104,Magdeburg,52.117820739746094,11.627830505371094,10.0,TRUE,11,11,1,2026-02-06 15:00:00.000000
3327973136,2025-11-16T16:10:46.480Z,Tutoring,nl,5152JR,Drunen,51.68566131591797,5.1245951652526855,5.0,TRUE,23,14,2,2026-04-16 13:15:00.000000
3873189653,2025-11-16T14:42:35.691Z,Tutoring,de,81739,München,48.08452606201172,11.661213874816895,14.0,FALSE,35,10,4,2026-02-27 14:45:00.000000
361513270,2025-11-16T12:58:55.765Z,Chatting,de,99085,Erfurt,50.98004913330078,11.047880172729492,6.0,FALSE,0,1,0,1900-01-01 00:00:00.000005
2466364571,2025-11-16T12:20:44.377Z,Tutoring,nl,3991KM,Houten,52.02628707885742,5.171114444732666,4.0,TRUE,11,13,1,2026-02-26 12:15:00.000000
2055909897,2025-11-16T12:11:23.647Z,Introducing,nl,9716BP,Groningen,53.23115921020508,6.561165809631348,6.0,FALSE,0,4,0,1900-01-01 00:00:00.000005
3203397386,2025-11-16T10:55:38.326Z,Introducing,de,13187,Berlin,52.57331085205078,13.416680335998535,7.0,FALSE,0,2,0,1900-01-01 00:00:00.000005
1338372190,2025-11-16T10:08:48.504Z,Tutoring,de,24114,Kiel,54.315147399902344,10.125099182128906,20.0,TRUE,23,14,2,2026-02-28 10:00:00.000000
1838402292,2025-11-16T09:13:43.888Z,Active,de,47799,Krefeld,51.33055114746094,6.575010776519775,7.0,FALSE,0,0,0,1900-01-01 00:00:00.000005
74715634,2025-11-15T20:05:43.410Z,Tutoring,nl,3023SR,Rotterdam,51.914371490478516,4.447384834289551,7.0,FALSE,49,15,3,2026-03-05 14:00:00.000000
3774940814,2025-11-15T19:17:05.789Z,Tutoring,nl,3582HB,Utrecht,52.078575134277344,5.139819622039795,8.0,TRUE,8,13,1,2025-12-22 09:30:00.000000
1094444567,2025-11-15T13:42:35.101Z,Active,de,49074,Osnabrück,52.26804733276367,8.04787540435791,5.0,FALSE,0,0,0,1900-01-01 00:00:00.000005
1539588954,2025-11-15T11:16:13.831Z,Tutoring,nl,2611SZ,Delft,52.011714935302734,4.366308689117432,3.5,FALSE,36,9,4,2026-03-17 15:00:00.000000
1716251648,2025-11-14T20:42:58.139Z,Tutoring,nl,7512EX,Enschede,52.21565246582031,6.906986713409424,5.0,FALSE,5,2,3,2026-02-26 15:00:00.000000
2845711649,2025-11-14T19:59:17.559Z,Tutoring,nl,6702CL,Wageningen,51.96335983276367,5.6497087478637695,20.0,FALSE,11,2,6,2026-02-28 14:00:00.000000
179959459,2025-11-14T13:27:28.257Z,Introducing,de,33602,Bielefeld,52.02617263793945,8.54068374633789,6.0,TRUE,0,7,0,1900-01-01 00:00:00.000005
689857327,2025-11-14T10:40:43.217Z,Tutoring,nl,6374EH,Landgraaf,50.91593551635742,6.042020797729492,20.0,TRUE,9,14,1,2026-03-04 15:00:00.000000
2041473595,2025-11-14T10:29:24.419Z,Introducing,de,13503,Berlin,52.623817443847656,13.244247436523438,7.0,TRUE,0,10,0,1900-01-01 00:00:00.000005
732372357,2025-11-14T10:28:57.669Z,Tutoring,de,85551,Kirchheim bei München,48.160484313964844,11.75148868560791,15.0,FALSE,3,6,1,2026-01-27 16:00:00.000000
3471387498,2025-11-13T21:43:07.047Z,Introducing,nl,3551TT,Utrecht,52.10145950317383,5.095202445983887,5.0,FALSE,0,2,0,1900-01-01 00:00:00.000005
3236307669,2025-11-13T15:59:18.477Z,Chatting,de,45141,Essen,51.48511505126953,7.022510051727295,7.0,FALSE,0,1,0,1900-01-01 00:00:00.000005
2910815755,2025-11-13T15:50:54.795Z,Tutoring,nl,3328WD,Dordrecht,51.777347564697266,4.677381992340088,20.0,TRUE,18,11,2,2026-02-28 09:00:00.000000
1189700702,2025-11-13T15:20:00.361Z,Tutoring,de,86179,Augsburg,48.299766540527344,10.900858879089355,10.0,TRUE,12,14,1,2026-03-05 14:30:00.000000
1568676041,2025-11-13T09:01:26.105Z,Tutoring,de,68169,Mannheim,49.49800491333008,8.470691680908203,7.0,TRUE,10,11,1,2026-03-23 16:00:00.000000
2474434041,2025-11-13T07:10:07.853Z,Tutoring,de,53115,Bonn,50.723907470703125,7.097175598144531,5.0,FALSE,45,14,3,2026-04-04 08:00:00.000000
2902951198,2025-11-12T23:32:29.842Z,Tutoring,nl,9712LC,Groningen,53.22347640991211,6.569228172302246,5.0,FALSE,20,7,3,2026-02-11 08:00:00.000000
1633997243,2025-11-12T20:23:47.021Z,Tutoring,de,04315,Leipzig,51.346317291259766,12.40365219116211,4.0,FALSE,29,16,2,2026-02-16 11:30:00.000000
3625232186,2025-11-12T17:15:25.182Z,Tutoring,de,59073,Hamm,51.705074310302734,7.833535194396973,7.0,TRUE,1,8,0,2025-12-15 16:45:00.000000
1097677009,2025-11-12T16:50:48.975Z,Chatting,de,13435,Berlin,52.60124588012695,13.352142333984375,12.0,FALSE,0,1,0,1900-01-01 00:00:00.000005
2423648478,2025-11-12T16:49:48.195Z,Tutoring,nl,3069SR,Rotterdam,51.96363830566406,4.539639472961426,5.0,FALSE,15,6,3,2026-02-24 13:45:00.000000
1905293889,2025-11-12T16:13:59.733Z,Tutoring,nl,3824EJ,Amersfoort,52.200252532958984,5.372198104858398,7.0,FALSE,48,14,3,2026-02-22 15:00:00.000000
3361020588,2025-11-12T13:55:09.546Z,Chatting,de,65191,Wiesbaden,50.08423614501953,8.265833854675293,10.0,FALSE,0,3,0,1900-01-01 00:00:00.000005
1172288989,2025-11-12T12:20:43.692Z,Tutoring,de,78464,Konstanz,47.6932373046875,9.19263744354248,5.0,FALSE,12,8,2,2026-02-25 15:30:00.000000
2234228329,2025-11-12T11:28:04.525Z,Tutoring,de,76135,Karlsruhe,49.0064582824707,8.381505012512207,10.0,FALSE,5,5,1,2026-02-25 15:30:00.000000
1853365683,2025-11-12T08:44:46.894Z,Tutoring,de,77972,Mahlberg,48.28920364379883,7.815110683441162,20.0,FALSE,4,2,2,2026-03-01 15:00:00.000000
3373493795,2025-11-11T17:22:08.968Z,Introducing,de,73728,Esslingen am Neckar,48.7415657043457,9.28913688659668,20.0,FALSE,0,6,0,1900-01-01 00:00:00.000005
78602693,2025-11-11T15:29:44.615Z,Tutoring,de,22885,Barsbüttel,53.57373809814453,10.159095764160156,20.0,TRUE,49,27,2,2026-03-24 16:00:00.000000
441747550,2025-11-11T14:20:03.621Z,Introducing,de,53113,Bonn,50.72423553466797,7.102941989898682,7.0,FALSE,0,1,0,1900-01-01 00:00:00.000005
48180609,2025-11-11T13:36:38.250Z,Tutoring,nl,9742LR,Groningen,53.22842025756836,6.536195755004883,7.0,FALSE,33,13,3,2026-02-12 18:00:00.000000
397225210,2025-11-11T12:06:13.296Z,Tutoring,nl,2612CE,Delft,52.0228385925293,4.351792812347412,5.0,FALSE,25,8,3,2026-03-26 16:30:00.000000
360419353,2025-11-10T15:42:40.926Z,Tutoring,nl,3039CN,Rotterdam,51.92962646484375,4.457242012023926,6.0,TRUE,46,20,2,2026-04-07 18:00:00.000000
3968231234,2025-11-10T14:12:16.528Z,Tutoring,de,04109,Leipzig,51.34031677246094,12.373162269592285,12.0,FALSE,7,9,1,2026-02-18 14:00:00.000000
299521174,2025-11-10T11:32:34.034Z,Tutoring,de,31311,Uetze,52.484798431396484,10.087494850158691,10.0,TRUE,19,13,1,2026-03-03 15:00:00.000000
1734338338,2025-11-09T16:37:30.462Z,Tutoring,nl,5406cm,Uden,51.646053314208984,5.615175724029541,5.0,TRUE,11,12,1,2026-01-12 15:30:00.000000
2923873112,2025-11-09T10:41:25.715Z,Tutoring,nl,3062HA,Rotterdam,51.92448043823242,4.51873254776001,5.0,FALSE,9,5,2,2026-03-03 18:30:00.000000
593313538,2025-11-09T09:47:46.183Z,Tutoring,nl,2611BB,Delft,52.00632858276367,4.359954833984375,5.0,TRUE,44,22,2,2026-03-31 14:00:00.000000
3013774229,2025-11-08T22:14:50.277Z,Tutoring,nl,6833DN,Arnhem,51.96699142456055,5.912819862365723,12.0,TRUE,5,17,0,2026-02-11 18:15:00.000000
1162141978,2025-11-08T09:54:13.859Z,Tutoring,nl,2628ZJ,Delft,51.996089935302734,4.37283182144165,7.0,TRUE,9,10,1,2026-02-24 15:30:00.000000
3114121994,2025-11-07T16:43:52.453Z,Tutoring,nl,2611BT,Delft,52.00653839111328,4.358841419219971,7.0,FALSE,17,3,6,2026-02-11 18:00:00.000000
2684376310,2025-11-07T13:38:15.405Z,Introducing,de,58638,Iserlohn,51.39348602294922,7.688348770141602,7.0,TRUE,0,9,0,1900-01-01 00:00:00.000005
2460878987,2025-11-07T11:13:28.927Z,Tutoring,nl,2645nb,Delfgauw,52.009033203125,4.397957801818848,7.0,FALSE,26,12,2,2026-03-31 17:00:00.000000
4159614198,2025-11-06T21:57:18.764Z,Tutoring,nl,2742MW,Waddinxveen,52.028770446777344,4.646565914154053,3.5,TRUE,17,13,1,2026-02-17 12:30:00.000000
3104362017,2025-11-06T20:16:45.079Z,Tutoring,de,55128,Mainz,49.99277114868164,8.234760284423828,5.0,FALSE,5,5,1,2026-02-09 16:00:00.000000
3293519488,2025-11-06T16:31:11.727Z,Introducing,de,38106,Braunschweig,52.28511047363281,10.535870552062988,10.0,FALSE,0,2,0,1900-01-01 00:00:00.000005
3599005037,2025-11-06T13:35:57.189Z,Tutoring,nl,6953AX,Dieren,52.037879943847656,6.099088668823242,4.0,FALSE,50,16,3,2026-03-25 15:00:00.000000
672985366,2025-11-06T09:09:12.316Z,Chatting,nl,6523NJ,Nijmegen,51.82155990600586,5.882878303527832,7.0,FALSE,0,2,0,1900-01-01 00:00:00.000005
495880578,2025-11-05T18:58:09.277Z,Tutoring,nl,3062XB,Rotterdam,51.92246627807617,4.510571002960205,10.0,TRUE,33,19,2,2026-03-31 15:00:00.000000
3034591943,2025-11-05T17:43:20.672Z,Tutoring,nl,6833HS,Arnhem,51.965938568115234,5.9139323234558105,3.5,FALSE,2,3,1,2026-02-27 16:30:00.000000
2944945134,2025-11-05T16:29:25.370Z,Tutoring,nl,5667LJ,Geldrop,51.43037414550781,5.560419082641602,12.0,FALSE,15,9,2,2026-02-10 16:00:00.000000
932091230,2025-11-05T15:43:52.062Z,Introducing,de,67059,Ludwigshafen am Rhein,49.48460388183594,8.446793556213379,10.0,FALSE,0,4,0,1900-01-01 00:00:00.000005
427532735,2025-11-05T14:14:07.049Z,Tutoring,de,65307,Bad Schwalbach,50.14486312866211,8.077596664428711,20.0,TRUE,93,23,4,2026-03-31 14:00:00.000000
3914726068,2025-11-05T12:19:19.764Z,Tutoring,nl,6521KH,Nijmegen,51.84069061279297,5.874313831329346,7.0,FALSE,92,9,10,2026-05-14 15:00:00.000000
1343426390,2025-11-04T14:23:23.320Z,Introducing,nl,9716KP,Groningen,53.23649978637695,6.564068794250488,5.0,TRUE,0,8,0,1900-01-01 00:00:00.000005
2909591517,2025-11-04T14:00:13.192Z,Introducing,de,55131,Mainz,49.9766960144043,8.268045425415039,20.0,FALSE,0,4,0,1900-01-01 00:00:00.000005
2785868747,2025-11-04T11:31:31.930Z,Tutoring,de,20357,Hamburg,53.56281661987305,9.96216869354248,10.0,FALSE,45,21,2,2026-04-06 13:00:00.000000
1650996514,2025-11-04T10:49:58.142Z,Tutoring,de,86179,Augsburg,48.31282043457031,10.8982515335083,12.0,FALSE,1,1,1,2026-02-28 14:00:00.000000
931182453,2025-11-04T09:52:50.902Z,Introducing,de,52068,Aachen,50.77848434448242,6.107215881347656,7.0,FALSE,0,1,0,1900-01-01 00:00:00.000005
177020892,2025-11-03T22:18:00.928Z,Chatting,nl,1628KD,Hoorn,52.65351486206055,5.082346439361572,4.0,FALSE,0,5,0,1900-01-01 00:00:00.000005
1145784040,2025-11-03T18:00:57.589Z,Tutoring,nl,5641AV,Eindhoven,51.44508743286133,5.513547897338867,12.0,FALSE,39,12,3,2026-03-26 18:45:00.000000
1855279618,2025-11-03T14:43:31.242Z,Tutoring,de,01219,Dresden,51.025150299072266,13.756845474243164,4.0,FALSE,29,12,2,2026-02-20 13:30:00.000000
1882640358,2025-11-03T14:25:29.785Z,Tutoring,de,69214,Eppelheim,49.40365982055664,8.635581016540527,7.0,FALSE,146,36,4,2026-03-23 16:00:00.000000
4006550382,2025-11-03T14:15:51.935Z,Tutoring,de,33719,Bielefeld,52.029937744140625,8.614803314208984,8.0,FALSE,24,3,8,2026-03-06 13:00:00.000000
1851190718,2025-11-03T14:13:28.937Z,Tutoring,de,01069,Dresden,51.03196716308594,13.730951309204102,7.0,FALSE,33,14,2,2026-03-04 16:00:00.000000
2081241627,2025-11-03T14:05:50.415Z,Tutoring,de,12307,Berlin,52.3851432800293,13.390124320983887,6.0,TRUE,10,7,1,2026-03-18 14:30:00.000000
1968497800,2025-11-03T13:29:51.748Z,Tutoring,nl,1033SC,Amsterdam,52.404544830322266,4.888294219970703,20.0,TRUE,20,11,2,2026-02-05 16:00:00.000000
3118759824,2025-11-03T13:11:40.501Z,Introducing,nl,9727CE,Groningen,53.20667266845703,6.551504135131836,4.0,TRUE,0,7,0,1900-01-01 00:00:00.000005
3630157730,2025-11-03T13:00:48.671Z,Tutoring,de,01309,Dresden,51.03847885131836,13.786853790283203,10.0,FALSE,23,8,3,2026-02-01 12:00:00.000000
2669170324,2025-11-03T12:58:44.464Z,Introducing,nl,6221JG,Maastricht,50.843475341796875,5.703588962554932,8.0,FALSE,0,1,0,1900-01-01 00:00:00.000005
3967833639,2025-11-03T09:22:56.365Z,Introducing,nl,3752PB,Bunschoten-Spakenburg,52.23704147338867,5.3610310554504395,3.5,TRUE,0,8,0,1900-01-01 00:00:00.000005
4107754440,2025-11-02T20:38:54.528Z,Tutoring,nl,6531LD,Nijmegen,51.8282356262207,5.845857620239258,5.0,TRUE,22,14,2,2026-03-26 15:00:00.000000
490258086,2025-11-02T16:02:44.392Z,Tutoring,de,04109,Leipzig,51.33739471435547,12.36738109588623,4.0,FALSE,27,15,2,2026-03-02 18:00:00.000000
3774805880,2025-11-01T19:55:01.429Z,Introducing,nl,3122HB,Schiedam,51.93437957763672,4.367140293121338,5.0,FALSE,0,5,0,1900-01-01 00:00:00.000005
515282535,2025-11-01T16:13:52.219Z,Tutoring,de,44803,Bochum,51.47100830078125,7.249032020568848,7.0,FALSE,17,5,3,2026-03-19 13:30:00.000000
503919378,2025-11-01T14:43:15.963Z,Tutoring,de,22529,Hamburg,53.60066604614258,9.949236869812012,10.0,FALSE,25,11,2,2026-02-24 09:30:00.000000
245184172,2025-11-01T14:04:19.897Z,Tutoring,de,79115,Freiburg im Breisgau,47.99869918823242,7.816346168518066,7.0,FALSE,28,5,6,2026-03-26 18:00:00.000000
1589964375,2025-11-01T14:02:54.172Z,Tutoring,de,69126,Heidelberg,49.37955856323242,8.675941467285156,7.0,TRUE,20,11,2,2026-02-28 15:00:00.000000
768298614,2025-11-01T13:51:01.472Z,Tutoring,de,40468,Düsseldorf,51.27547073364258,6.786047458648682,20.0,TRUE,22,20,1,2026-02-16 16:30:00.000000
3562809477,2025-11-01T12:47:53.486Z,Active,de,52064,Aachen,50.775535583496094,6.071997165679932,7.0,FALSE,0,0,0,1900-01-01 00:00:00.000005
1764592828,2025-11-01T12:25:59.813Z,Tutoring,de,99089,Erfurt,51.000396728515625,11.020773887634277,20.0,FALSE,32,7,5,2026-03-01 17:00:00.000000
3261281562,2025-11-01T12:12:47.819Z,Active,de,68165,Mannheim,49.47809600830078,8.479405403137207,7.0,FALSE,0,0,0,1900-01-01 00:00:00.000005
2308032993,2025-11-01T11:57:42.822Z,Active,de,42327,Wuppertal,51.23977279663086,7.071374416351318,10.0,FALSE,0,0,0,1900-01-01 00:00:00.000005
2496593536,2025-11-01T09:57:43.265Z,Tutoring,de,68307,Mannheim,49.53882598876953,8.477333068847656,7.0,FALSE,15,6,3,2026-03-02 12:00:00.000000
2068840373,2025-11-01T02:13:58.159Z,Tutoring,de,63322,Rödermark,49.97237777709961,8.827871322631836,4.0,FALSE,39,6,7,2026-03-15 16:00:00.000000
3795314594,2025-10-31T08:06:49.546Z,Tutoring,nl,2312DT,Leiden,52.160770416259766,4.497785568237305,4.0,FALSE,12,10,1,2026-02-24 16:30:00.000000
3883095087,2025-10-30T10:39:10.744Z,Introducing,de,23554,Lübeck,53.8746452331543,10.664605140686035,10.0,FALSE,0,2,0,1900-01-01 00:00:00.000005
4015512152,2025-10-29T09:57:08.743Z,Tutoring,nl,7944LD,Meppel,52.69186782836914,6.182719707489014,5.0,FALSE,29,10,3,2026-02-28 10:00:00.000000
4111694146,2025-10-29T08:32:09.841Z,Tutoring,de,76149,Karlsruhe,49.03437042236328,8.382996559143066,4.0,FALSE,65,22,3,2026-03-23 17:00:00.000000
3171004755,2025-10-28T23:10:30.350Z,Tutoring,de,64347,Griesheim,49.86168670654297,8.572273254394531,20.0,TRUE,13,16,1,2025-12-04 18:30:00.000000
4139889452,2025-10-28T20:07:13.423Z,Tutoring,de,20253,Hamburg,53.58364486694336,9.969575881958008,4.0,FALSE,62,14,4,2026-03-03 17:00:00.000000
123895563,2025-10-28T16:56:54.491Z,Tutoring,nl,6721XA,Bennekom,52.001953125,5.667696475982666,7.0,FALSE,41,13,3,2026-03-26 15:00:00.000000
2589472802,2025-10-28T15:33:12.878Z,Chatting,nl,2665sp,Bleiswijk,52.01456069946289,4.547072410583496,5.0,FALSE,0,2,0,1900-01-01 00:00:00.000005
3079804437,2025-10-28T14:56:46.710Z,Chatting,nl,3086GC,Rotterdam,51.870487213134766,4.470409870147705,5.0,FALSE,0,2,0,1900-01-01 00:00:00.000005
415809536,2025-10-28T13:57:44.421Z,Active,de,35037,Marburg,50.802764892578125,8.768056869506836,15.0,FALSE,0,1,0,1900-01-01 00:00:00.000005
3895068174,2025-10-27T15:55:02.906Z,Introducing,de,28217,Bremen,53.087303161621094,8.78049373626709,7.0,TRUE,0,7,0,1900-01-01 00:00:00.000005
2589973354,2025-10-27T15:02:16.392Z,Tutoring,nl,2512XZ,'s-Gravenhage,52.07271194458008,4.3054304122924805,8.0,FALSE,29,11,3,2026-03-04 19:00:00.000000
417978694,2025-10-27T11:43:25.593Z,Tutoring,nl,5041LC,Tilburg,51.562522888183594,5.069701194763184,5.0,TRUE,8,9,1,2026-04-22 12:00:00.000000
2282810090,2025-10-27T11:02:42.300Z,Tutoring,de,68199,Mannheim,49.46609878540039,8.479424476623535,8.0,FALSE,12,11,1,2026-02-18 19:00:00.000000
141075556,2025-10-27T08:45:06.130Z,Tutoring,de,55122,Mainz,50.004493713378906,8.253047943115234,20.0,TRUE,7,9,1,2025-12-18 17:00:00.000000
1172225575,2025-10-26T19:00:59.160Z,Tutoring,de,45147,Essen,51.438514709472656,6.98562479019165,5.0,FALSE,21,6,4,2026-03-04 13:30:00.000000
523285794,2025-10-26T11:26:31.312Z,Chatting,de,66346,Püttlingen,49.281272888183594,6.887260437011719,17.0,FALSE,0,2,0,1900-01-01 00:00:00.000005
1737779990,2025-10-25T16:59:18.045Z,Tutoring,nl,9713GZ,Groningen,53.22101593017578,6.577088832855225,10.0,FALSE,27,7,4,2026-03-03 18:00:00.000000
2294472832,2025-10-25T12:55:42.463Z,Tutoring,nl,3544VX,Hengelo,52.09169006347656,5.047263145446777,6.0,FALSE,12,6,2,2026-03-05 17:00:00.000000
4099709174,2025-10-24T08:23:32.002Z,Tutoring,de,13599,Berlin,52.54510498046875,13.246137619018555,7.0,FALSE,68,23,3,2026-03-30 15:30:00.000000
2360851886,2025-10-23T19:19:48.083Z,Active,de,66740,Saarlouis,49.335994720458984,6.759206295013428,4.0,FALSE,0,0,0,1900-01-01 00:00:00.000005
1008765354,2025-10-23T16:27:02.082Z,Tutoring,de,04317,Leipzig,51.33309555053711,12.395424842834473,7.0,FALSE,2,6,0,2026-02-22 09:45:00.000000
2355759491,2025-10-23T15:50:42.916Z,Introducing,nl,3021PP,Rotterdam,51.9208869934082,4.462242603302002,7.0,TRUE,0,9,0,1900-01-01 00:00:00.000005
2206484917,2025-10-23T12:40:25.212Z,Tutoring,nl,1214HR,Hilversum,52.21217727661133,5.165492057800293,7.0,FALSE,4,8,1,2026-01-29 15:45:00.000000
1591672698,2025-10-23T11:19:16.749Z,Tutoring,nl,1033PX,Amsterdam,52.40597152709961,4.897485733032227,7.0,FALSE,70,16,4,2026-03-29 13:00:00.000000
69046597,2025-10-23T10:24:54.031Z,Tutoring,nl,6515LD,Nijmegen,51.88450241088867,5.847593784332275,13.0,FALSE,62,20,3,2026-02-27 15:00:00.000000
1510049074,2025-10-22T15:35:50.356Z,Tutoring,nl,6229HR,Maastricht,50.83338165283203,5.704895496368408,20.0,FALSE,72,27,3,2026-03-09 14:00:00.000000
4293294788,2025-10-22T13:19:47.815Z,Introducing,de,46049,Oberhausen,51.480323791503906,6.834748268127441,6.0,TRUE,0,4,0,1900-01-01 00:00:00.000005
2801991864,2025-10-22T10:53:56.748Z,Tutoring,nl,2134LZ,Hoofddorp,52.30282974243164,4.631743431091309,12.0,FALSE,46,18,3,2026-03-16 15:30:00.000000
3769229586,2025-10-21T21:25:16.363Z,Tutoring,de,01219,Dresden,51.02836990356445,13.762618064880371,4.5,FALSE,43,17,3,2026-03-19 18:00:00.000000
1270669187,2025-10-21T20:24:58.302Z,Tutoring,nl,7511HG,Enschede,52.21902084350586,6.895400524139404,10.0,FALSE,3,8,0,2025-12-11 14:30:00.000000
1572648822,2025-10-21T09:33:03.338Z,Tutoring,de,44892,Bochum,51.47543716430664,7.305373191833496,20.0,FALSE,2,3,1,2025-12-15 15:00:00.000000
1618774698,2025-10-20T22:11:57.517Z,Tutoring,nl,9351bm,Leek,53.16189956665039,6.390320777893066,4.0,FALSE,38,18,2,2026-02-11 15:00:00.000000
3380021576,2025-10-20T11:38:36.027Z,Introducing,de,70619,Stuttgart,48.74555587768555,9.211092948913574,12.0,TRUE,0,8,0,1900-01-01 00:00:00.000005
3166105974,2025-10-20T08:53:27.339Z,Tutoring,nl,4132GB,Vianen,51.983985900878906,5.092742919921875,6.0,TRUE,13,11,1,2026-03-18 15:30:00.000000
534909339,2025-10-20T08:24:32.728Z,Tutoring,nl,3571SH,Utrecht,52.10719680786133,5.11678409576416,7.0,TRUE,4,9,0,2026-03-19 14:30:00.000000
2487482899,2025-10-20T08:22:14.624Z,Chatting,de,10405,Berlin,52.53757095336914,13.42280387878418,6.0,FALSE,0,2,0,1900-01-01 00:00:00.000005
178556344,2025-10-19T20:58:22.145Z,Introducing,de,22763,Hamburg,53.551300048828125,9.907411575317383,7.0,FALSE,0,2,0,1900-01-01 00:00:00.000005
756060968,2025-10-19T18:06:53.741Z,Tutoring,nl,3061VZ,Rotterdam,51.9232292175293,4.503033638000488,10.0,FALSE,74,28,3,2026-03-27 17:30:00.000000
4031463724,2025-10-19T16:11:27.677Z,Tutoring,nl,6523NJ,Nijmegen,51.829586029052734,5.892846584320068,5.0,FALSE,13,5,3,2026-02-18 17:30:00.000000
2264236452,2025-10-19T13:05:12.308Z,Tutoring,nl,9712tb,Groningen,53.2208137512207,6.557543754577637,7.0,FALSE,46,10,5,2026-03-26 17:30:00.000000
2047464644,2025-10-19T11:40:21.592Z,Introducing,de,49124,Georgsmarienhütte,52.22454071044922,8.01661205291748,7.0,TRUE,0,7,0,1900-01-01 00:00:00.000005
3763187605,2025-10-19T10:21:18.165Z,Active,nl,6708PS,Wageningen,51.98863220214844,5.6743974685668945,7.0,FALSE,0,0,0,1900-01-01 00:00:00.000005
1056272747,2025-10-19T07:38:38.486Z,Introducing,nl,7521TP,Enschede,52.22406005859375,6.8660101890563965,5.0,FALSE,0,10,0,1900-01-01 00:00:00.000005
3084072747,2025-10-18T15:35:59.266Z,Tutoring,nl,6216RL,Maastricht,50.84608459472656,5.664449214935303,10.0,TRUE,16,11,1,2026-02-02 16:30:00.000000
1155337548,2025-10-18T15:08:30.134Z,Tutoring,nl,2311AR,Leiden,52.15321350097656,4.481239318847656,7.0,TRUE,36,20,2,2026-02-12 18:30:00.000000
1367519274,2025-10-18T13:52:17.046Z,Tutoring,de,18059,Rostock,54.077884674072266,12.111391067504883,10.0,TRUE,54,20,3,2026-03-18 15:30:00.000000
1769717254,2025-10-18T12:38:37.722Z,Tutoring,nl,8013AD,Zwolle,52.504425048828125,6.112754821777344,5.0,TRUE,7,11,1,2025-12-14 13:00:00.000000
2210243863,2025-10-18T12:19:09.377Z,Tutoring,nl,9718TC,Groningen,53.214385986328125,6.546679973602295,5.0,TRUE,21,12,2,2026-02-18 13:00:00.000000
862280820,2025-10-18T10:54:33.155Z,Chatting,nl,2253XH,Voorschoten,52.144744873046875,4.461324691772461,3.5,FALSE,0,1,0,1900-01-01 00:00:00.000005
2370665439,2025-10-18T08:30:20.070Z,Tutoring,de,64839,Münster,49.91495895385742,8.892637252807617,7.0,FALSE,3,3,1,2026-03-04 16:00:00.000000
2625832295,2025-10-17T18:13:31.610Z,Tutoring,de,28215,Bremen,53.09861373901367,8.822525978088379,15.0,FALSE,13,7,2,2026-03-03 17:00:00.000000
4115244359,2025-10-17T12:35:03.591Z,Tutoring,nl,5374BJ,Schaijk,51.74610137939453,5.634598255157471,3.5,FALSE,43,12,4,2026-02-13 14:00:00.000000
1510537303,2025-10-17T12:32:38.437Z,Chatting,de,58285,Gevelsberg,51.316009521484375,7.318936347961426,7.0,FALSE,0,1,0,1900-01-01 00:00:00.000005
4039061332,2025-10-17T11:12:06.931Z,Tutoring,de,38116,Braunschweig,52.26737594604492,10.452704429626465,20.0,FALSE,96,38,3,2026-05-11 14:00:00.000000
3653841091,2025-10-17T11:09:47.733Z,Tutoring,nl,4181BN,Waardenburg,51.83115005493164,5.2564826011657715,3.5,FALSE,105,33,3,2026-04-21 17:00:00.000000
1972916841,2025-10-17T09:35:10.212Z,Chatting,de,58095,Hagen,51.35727310180664,7.477576732635498,20.0,FALSE,0,4,0,1900-01-01 00:00:00.000005
2254129187,2025-10-17T08:56:03.400Z,Tutoring,de,34128,Kassel,51.3343391418457,9.442049980163574,15.0,FALSE,37,15,2,2026-03-04 14:00:00.000000
3657852182,2025-10-16T19:29:37.175Z,Tutoring,nl,3024cz,Rotterdam,51.90439224243164,4.454655647277832,5.0,FALSE,8,6,1,2026-03-01 18:30:00.000000
2476970253,2025-10-16T19:20:59.358Z,Tutoring,nl,2721ND,Zoetermeer,52.05913162231445,4.5422468185424805,20.0,FALSE,23,13,2,2026-03-04 15:30:00.000000
3607505853,2025-10-16T18:41:27.548Z,Tutoring,nl,5141DL,Waalwijk,51.686222076416016,5.06611442565918,15.0,TRUE,6,11,1,2025-12-12 14:30:00.000000
2384569092,2025-10-16T17:38:08.713Z,Tutoring,de,48161,Münster,51.97246551513672,7.570241928100586,20.0,FALSE,13,4,3,2026-01-14 18:00:00.000000
4228304266,2025-10-16T14:42:40.974Z,Tutoring,nl,3581VE,Utrecht,52.087276458740234,5.137118816375732,8.0,TRUE,21,15,1,2025-12-29 16:00:00.000000
3944891435,2025-10-16T13:16:38.991Z,Tutoring,nl,3137CB,Vlaardingen,51.93949890136719,4.345824718475342,5.0,FALSE,1,4,0,2025-10-28 16:30:00.000000
2758443776,2025-10-16T12:25:21.876Z,Tutoring,nl,2152RL,Nieuw-Vennep,52.27776336669922,4.621730327606201,3.5,FALSE,20,9,2,2026-01-28 15:15:00.000000
50493608,2025-10-16T10:00:14.155Z,Tutoring,nl,9713JV,Groningen,53.22738265991211,6.573124885559082,4.0,FALSE,23,5,5,2026-03-26 18:00:00.000000
21739325,2025-10-16T09:24:04.880Z,Introducing,de,40764,Langenfeld (Rheinland),51.12630081176758,6.941983222961426,7.0,FALSE,0,3,0,1900-01-01 00:00:00.000005
1222726012,2025-10-16T08:58:45.975Z,Chatting,de,58093,Hagen,51.37813186645508,7.517892360687256,10.0,FALSE,0,1,0,1900-01-01 00:00:00.000005
702177135,2025-10-15T22:00:12.284Z,Introducing,nl,6417PL,Heerlen,50.868595123291016,5.982091426849365,20.0,FALSE,0,4,0,1900-01-01 00:00:00.000005
3883217354,2025-10-15T11:42:57.956Z,Tutoring,nl,1056EJ,Amsterdam,52.37053680419922,4.852283954620361,15.0,TRUE,4,10,0,2025-12-14 11:00:00.000000
1261443030,2025-10-15T08:00:40.829Z,Chatting,de,09131,Chemnitz,50.85289764404297,12.94399642944336,7.0,FALSE,0,4,0,1900-01-01 00:00:00.000005
1358162258,2025-10-14T21:01:48.294Z,Introducing,de,70191,Stuttgart,48.79446029663086,9.190104484558105,5.0,FALSE,0,3,0,1900-01-01 00:00:00.000005
1173172985,2025-10-14T16:25:11.667Z,Tutoring,de,41812,Erkelenz,51.08256149291992,6.296112537384033,4.0,FALSE,67,23,3,2026-05-28 14:30:00.000000
662504478,2025-10-14T15:54:29.445Z,Tutoring,de,53129,Bonn,50.719425201416016,7.111017227172852,7.0,FALSE,119,15,8,2026-04-01 16:00:00.000000
4263371781,2025-10-14T13:52:19.351Z,Introducing,de,14469,Potsdam,52.404563903808594,13.010883331298828,15.0,FALSE,0,2,0,1900-01-01 00:00:00.000005
2355600670,2025-10-14T13:38:39.997Z,Tutoring,nl,4873CP,Etten-Leur,51.56571960449219,4.6462082862854,7.0,TRUE,11,11,1,2026-02-27 17:00:00.000000
2716643309,2025-10-13T23:30:55.411Z,Tutoring,nl,2547AD,'s-Gravenhage,52.06086349487305,4.270974636077881,7.0,FALSE,28,11,3,2026-03-08 13:00:00.000000
2059712642,2025-10-13T17:02:18.032Z,Introducing,de,40723,Hilden,51.159000396728516,6.946041584014893,7.0,FALSE,0,5,0,1900-01-01 00:00:00.000005
3825405246,2025-10-13T16:59:19.334Z,Chatting,de,24114,Kiel,54.31415557861328,10.115866661071777,7.0,FALSE,0,2,0,1900-01-01 00:00:00.000005
1481131528,2025-10-13T16:47:43.344Z,Tutoring,de,04318,Leipzig,51.343231201171875,12.430371284484863,7.0,FALSE,4,5,1,2026-02-26 14:00:00.000000
3440672909,2025-10-13T08:59:00.877Z,Tutoring,nl,9716EK,Groningen,53.23207092285156,6.5623908042907715,4.0,TRUE,60,27,2,2026-03-16 14:45:00.000000
477043016,2025-10-13T07:50:27.661Z,Tutoring,nl,5612JM,Eindhoven,51.44984436035156,5.462868690490723,7.0,FALSE,40,17,2,2026-06-26 13:00:00.000000
3790084662,2025-10-13T07:35:49.505Z,Tutoring,nl,2517AL,'s-Gravenhage,52.08571243286133,4.297752857208252,5.0,FALSE,27,11,2,2026-01-31 14:00:00.000000
3531235626,2025-10-12T17:18:11.489Z,Introducing,nl,2394 AX,Hazerswoude-Rijndijk,52.13475036621094,4.5543975830078125,8.0,TRUE,0,7,0,1900-01-01 00:00:00.000005
2573419683,2025-10-12T15:24:20.851Z,Tutoring,nl,6225 XL,Maastricht,50.85521697998047,5.719367027282715,6.0,TRUE,6,12,1,2026-01-06 07:30:00.000000
4120726766,2025-10-12T14:11:41.644Z,Tutoring,nl,2612BC,Delft,52.02409744262695,4.3565144538879395,7.0,TRUE,3,11,0,2025-12-15 16:00:00.000000
3327877736,2025-10-12T12:29:48.257Z,Tutoring,nl,5612TA,Eindhoven,51.450443267822266,5.492757797241211,5.0,FALSE,23,7,3,2026-05-03 17:00:00.000000
2229953282,2025-10-12T12:26:52.660Z,Tutoring,nl,9712PV,Groningen,53.22296142578125,6.562555313110352,7.0,FALSE,28,7,4,2026-02-17 15:00:00.000000
1235201350,2025-10-12T12:06:34.443Z,Tutoring,nl,3071PC,Rotterdam,51.9159049987793,4.4997968673706055,7.0,FALSE,15,7,2,2026-02-26 15:30:00.000000
759050474,2025-10-11T22:37:47.877Z,Introducing,nl,9714JK,Groningen,53.23134231567383,6.57737922668457,7.0,FALSE,0,2,0,1900-01-01 00:00:00.000005
246921176,2025-10-11T15:01:43.719Z,Chatting,nl,9713 GM,Groningen,53.22167205810547,6.579450607299805,7.0,FALSE,0,2,0,1900-01-01 00:00:00.000005
2908238338,2025-10-11T12:11:48.021Z,Tutoring,de,70191,Stuttgart,48.806739807128906,9.187347412109375,3.5,FALSE,25,9,3,2026-04-28 15:45:00.000000
2003639257,2025-10-11T12:08:28.324Z,Tutoring,de,50823,Köln,50.94900131225586,6.932347297668457,5.0,FALSE,1,2,1,2025-11-02 10:45:00.000000
1175408540,2025-10-11T11:13:38.361Z,Tutoring,de,12681,Berlin,52.52478790283203,13.533449172973633,7.0,TRUE,11,18,1,2026-01-09 14:00:00.000000
1067364216,2025-10-10T12:38:07.295Z,Tutoring,nl,2321RA,Leiden,52.147735595703125,4.482289791107178,4.0,TRUE,9,11,1,2026-01-29 18:00:00.000000
1196887056,2025-10-10T12:34:05.389Z,Tutoring,nl,9716 BM,Groningen,53.23078155517578,6.560891628265381,7.0,TRUE,14,11,1,2026-02-06 14:30:00.000000
962265947,2025-10-10T11:17:45.292Z,Tutoring,de,28779,Bremen,53.19283676147461,8.571263313293457,7.0,FALSE,25,13,2,2026-03-16 18:00:00.000000
528222820,2025-10-10T10:12:25.099Z,Chatting,de,53119,Bonn,50.74921417236328,7.049220085144043,7.0,FALSE,0,3,0,1900-01-01 00:00:00.000005
1458110348,2025-10-09T16:18:55.372Z,Tutoring,de,68305,Mannheim,49.51740646362305,8.499810218811035,5.0,FALSE,27,13,2,2026-02-23 18:00:00.000000
1765048409,2025-10-09T16:01:27.463Z,Chatting,de,09112,Chemnitz,50.83168029785156,12.902234077453613,7.0,FALSE,0,2,0,1900-01-01 00:00:00.000005
931450474,2025-10-09T15:20:16.983Z,Introducing,de,52072,Aachen,50.78861618041992,6.0697431564331055,16.0,FALSE,0,6,0,1900-01-01 00:00:00.000005
2116221465,2025-10-09T15:13:34.722Z,Tutoring,nl,1183 AR,Amstelveen,52.320472717285156,4.874744892120361,6.0,FALSE,17,10,2,2026-02-12 17:00:00.000000
2821985994,2025-10-09T15:13:01.260Z,Introducing,nl,9743KS,Groningen,53.229976654052734,6.526819229125977,10.0,TRUE,0,7,0,1900-01-01 00:00:00.000005
540236793,2025-10-09T15:02:48.145Z,Tutoring,nl,5611KV,Eindhoven,51.43498611450195,5.475784778594971,7.0,TRUE,20,16,1,2026-02-24 10:00:00.000000
2627238163,2025-10-09T13:41:40.255Z,Introducing,de,06122,Halle (Saale),51.487552642822266,11.943235397338867,7.0,FALSE,0,2,0,1900-01-01 00:00:00.000005
2554509437,2025-10-09T11:11:10.194Z,Tutoring,de,24143,Kiel,54.31142044067383,10.155519485473633,7.0,FALSE,12,5,2,2026-04-14 13:30:00.000000
4187524744,2025-10-09T10:20:19.267Z,Tutoring,nl,3312PB,Dordrecht,51.80545425415039,4.679630279541016,5.0,FALSE,14,8,2,2025-12-19 15:00:00.000000
1439274891,2025-10-09T09:14:35.119Z,Tutoring,de,79111,Freiburg im Breisgau,47.99692153930664,7.789379596710205,7.0,FALSE,41,10,4,2026-03-29 09:30:00.000000
3775827058,2025-10-09T07:31:14.776Z,Introducing,de,22946,Trittau,53.604835510253906,10.413604736328125,7.0,FALSE,0,1,0,1900-01-01 00:00:00.000005
3417814649,2025-10-08T13:32:37.022Z,Introducing,nl,6708  PG,Wageningen,51.98027801513672,5.656843662261963,7.0,FALSE,0,2,0,1900-01-01 00:00:00.000005
229994615,2025-10-08T11:48:35.764Z,Introducing,de,42281,Wuppertal,51.275535583496094,7.196118354797363,10.0,FALSE,0,2,0,1900-01-01 00:00:00.000005
1954090934,2025-10-08T08:50:03.553Z,Tutoring,nl,1501CX,Zaandam,52.43536376953125,4.831133842468262,4.0,TRUE,24,14,2,2026-02-20 18:00:00.000000
942880428,2025-10-07T16:50:07.866Z,Tutoring,de,13591,Berlin,52.547542572021484,13.140145301818848,20.0,TRUE,2,7,0,2026-01-26 15:30:00.000000
2039103533,2025-10-07T13:16:43.686Z,Tutoring,nl,2611HH,Delft,52.01351547241211,4.354825019836426,12.0,TRUE,9,8,1,2026-02-07 14:00:00.000000
1976369652,2025-10-07T12:34:14.365Z,Tutoring,de,76189,Karlsruhe,48.981048583984375,8.365273475646973,6.0,FALSE,6,10,1,2026-02-12 15:30:00.000000
937788600,2025-10-06T21:16:50.701Z,Tutoring,de,48161 ,Münster,51.96697998046875,7.566457271575928,12.0,FALSE,61,24,3,2026-03-31 14:00:00.000000
372542730,2025-10-06T19:08:20.837Z,Introducing,nl,1093XC,Amsterdam,52.361122131347656,4.92612361907959,5.0,TRUE,0,9,0,1900-01-01 00:00:00.000005
2929926630,2025-10-06T12:02:57.433Z,Tutoring,nl,1043CH,Amsterdam,52.38581848144531,4.831997871398926,5.0,FALSE,49,20,2,2026-03-06 09:00:00.000000
1287802118,2025-10-06T11:59:26.505Z,Tutoring,de,44137,Dortmund,51.514732360839844,7.450999736785889,7.0,FALSE,25,11,2,2026-03-01 12:00:00.000000
2490717733,2025-10-06T11:21:31.971Z,Introducing,nl,6535WR,Nijmegen,51.8059196472168,5.833322048187256,7.0,FALSE,0,6,0,1900-01-01 00:00:00.000005
1577596354,2025-10-06T09:36:30.405Z,Tutoring,nl,2405GB,Alphen aan den Rijn,52.13901138305664,4.661272048950195,6.0,FALSE,7,9,1,2026-01-07 18:30:00.000000
545586977,2025-10-06T05:36:55.629Z,Tutoring,de,04318,Leipzig,51.35089874267578,12.432095527648926,10.0,FALSE,31,6,5,2026-03-04 14:30:00.000000
1287436056,2025-10-05T20:29:27.551Z,Tutoring,nl,2728KM,Zoetermeer,52.07138442993164,4.521976947784424,10.0,FALSE,9,9,1,2025-11-24 19:00:00.000000
3976147981,2025-10-05T18:17:52.083Z,Tutoring,de,86517,Wehringen,48.249794006347656,10.795370101928711,10.0,FALSE,13,9,1,2025-11-21 13:30:00.000000
3034024370,2025-10-04T13:09:12.832Z,Tutoring,nl,1053 TV,Amsterdam,52.36981201171875,4.867225646972656,3.5,FALSE,1,4,0,2026-02-06 15:00:00.000000
1059933267,2025-10-04T09:36:18.292Z,Tutoring,de,30880,Laatzen,52.312374114990234,9.789795875549316,7.0,FALSE,22,11,2,2026-01-13 16:00:00.000000
478669275,2025-10-03T15:53:42.341Z,Tutoring,nl,1186XN,Amstelveen,52.28081512451172,4.866502285003662,13.0,TRUE,1,12,0,2025-11-20 16:00:00.000000
1171774718,2025-10-03T12:02:15.002Z,Introducing,nl,9715 CK,Groningen,53.228759765625,6.563817977905273,7.0,FALSE,0,4,0,1900-01-01 00:00:00.000005
142289835,2025-10-03T10:20:47.891Z,Tutoring,de,80802,München,48.15928268432617,11.58837604522705,7.0,FALSE,24,9,3,2026-01-24 09:30:00.000000
548903760,2025-10-03T09:23:23.258Z,Tutoring,de,50939,Köln,50.9067497253418,6.919966220855713,7.0,FALSE,9,2,5,2026-01-18 18:30:00.000000
1343394207,2025-10-03T07:41:34.098Z,Tutoring,nl,6211ND,Maastricht,50.84806823730469,5.678975582122803,5.0,TRUE,20,20,1,2026-03-06 15:00:00.000000
3421603304,2025-10-02T16:36:42.889Z,Chatting,de,40231,Düsseldorf,51.20494842529297,6.839879989624023,8.0,FALSE,0,3,0,1900-01-01 00:00:00.000005
555561983,2025-10-02T13:58:04.617Z,Tutoring,nl,8861 TL,Harlingen,53.17560577392578,5.42265510559082,7.0,FALSE,2,1,2,2025-11-18 16:00:00.000000
3526525972,2025-10-02T13:22:51.653Z,Tutoring,nl,1104GA,Amsterdam,52.320770263671875,4.984360694885254,20.0,FALSE,5,6,1,2026-01-15 16:30:00.000000
1503515134,2025-10-01T21:19:36.420Z,Tutoring,nl,5642GJ,Eindhoven,51.4398307800293,5.51259708404541,5.0,TRUE,8,11,1,2026-02-26 15:00:00.000000
1689058037,2025-10-01T16:06:10.458Z,Tutoring,nl,8302NC,Emmeloord,52.722320556640625,5.728965759277344,15.0,FALSE,68,17,4,2026-03-03 12:00:00.000000
1775862093,2025-10-01T15:39:32.343Z,Tutoring,nl,2511DP,'s-Gravenhage,52.07866668701172,4.320214748382568,5.0,TRUE,30,18,2,2026-02-17 16:30:00.000000
2422403544,2025-10-01T10:02:27.624Z,Tutoring,nl,3531PC,Utrecht,52.092559814453125,5.102459907531738,6.0,FALSE,21,6,4,2026-03-11 13:45:00.000000
2209789451,2025-10-01T08:29:52.856Z,Chatting,nl,9721PS,Groningen,53.19535827636719,6.56792688369751,10.0,FALSE,0,1,0,1900-01-01 00:00:00.000005
3137409550,2025-09-30T13:46:04.333Z,Tutoring,de,59457,Werl,51.54294967651367,7.873960971832275,20.0,FALSE,30,19,2,2026-03-03 16:45:00.000000
3872495030,2025-09-30T11:08:31.505Z,Introducing,nl,6431 NN,Hoensbroek,50.91948318481445,5.928280830383301,20.0,TRUE,0,7,0,1900-01-01 00:00:00.000005
3166842103,2025-09-30T10:06:54.879Z,Chatting,nl,6531DB,Nijmegen,51.83694076538086,5.849832057952881,5.0,FALSE,0,2,0,1900-01-01 00:00:00.000005
289164663,2025-09-30T09:34:16.320Z,Tutoring,nl,5231WC,'s-Hertogenbosch,51.71467208862305,5.305481910705566,5.0,FALSE,12,9,1,2026-01-11 17:00:00.000000
862593062,2025-09-30T08:43:48.675Z,Tutoring,de,52068,Aachen,50.77992630004883,6.109580993652344,7.0,FALSE,21,16,1,2026-03-03 14:00:00.000000
2506060894,2025-09-29T21:18:40.083Z,Tutoring,nl,2993dc,Barendrecht,51.84646224975586,4.5022382736206055,20.0,FALSE,30,6,5,2026-02-27 16:00:00.000000
941344431,2025-09-29T14:35:37.174Z,Tutoring,nl,3863VH,Nijkerk,52.215938568115234,5.454194068908691,4.0,TRUE,14,12,1,2026-03-02 14:30:00.000000
3224224349,2025-09-29T14:34:29.243Z,Introducing,nl,7908VR,Hoogeveen,52.70963668823242,6.445707321166992,7.0,FALSE,0,5,0,1900-01-01 00:00:00.000005
592397163,2025-09-29T13:18:54.172Z,Tutoring,nl,6532RL,Nijmegen,51.8307991027832,5.839574337005615,7.0,FALSE,54,19,3,2026-03-12 08:30:00.000000
3927129743,2025-09-29T11:41:45.418Z,Chatting,nl,7608ML,Almelo,52.37669372558594,6.686234951019287,20.0,TRUE,0,6,0,1900-01-01 00:00:00.000005
766710454,2025-09-28T14:48:45.925Z,Tutoring,nl,9021CM,Easterwierrum,53.1099853515625,5.732394218444824,3.5,TRUE,5,8,1,2026-01-26 18:30:00.000000
2753513355,2025-09-28T13:13:51.874Z,Tutoring,nl,9743HB,Groningen,53.22665786743164,6.529630661010742,5.0,FALSE,50,18,3,2026-03-03 17:00:00.000000
1678200034,2025-09-28T12:02:35.264Z,Chatting,de,33739,Bielefeld,52.08052444458008,8.494712829589844,7.0,FALSE,0,2,0,1900-01-01 00:00:00.000005
2440502314,2025-09-27T15:19:31.460Z,Tutoring,nl,1614KH,Lutjebroek,52.699867248535156,5.209277629852295,3.5,FALSE,33,14,2,2026-03-02 17:30:00.000000
3969233275,2025-09-25T15:36:03.514Z,Tutoring,nl,7555CS,Hengelo,52.262447357177734,6.781216144561768,7.0,TRUE,26,13,2,2026-03-01 13:30:00.000000
846745163,2025-09-25T11:45:38.557Z,Tutoring,nl,3037RP,Rotterdam,51.93650817871094,4.47582483291626,5.0,TRUE,25,14,2,2026-02-25 18:00:00.000000
393669693,2025-09-25T10:12:36.257Z,Introducing,nl,1816PZ,Alkmaar,52.628082275390625,4.717649459838867,10.0,FALSE,0,5,0,1900-01-01 00:00:00.000005
3931988098,2025-09-25T09:10:31.179Z,Tutoring,nl,3023KV,Rotterdam,51.91355895996094,4.449955940246582,6.0,FALSE,70,20,4,2026-03-02 16:00:00.000000
1393623250,2025-09-25T07:15:43.144Z,Introducing,nl,1093SL,Amsterdam,52.36613082885742,4.929830074310303,5.0,TRUE,0,9,0,1900-01-01 00:00:00.000005
850293929,2025-09-24T12:37:01.583Z,Tutoring,nl,1056 XG,Amsterdam,52.3765754699707,4.860802173614502,5.0,FALSE,88,30,3,2026-04-29 12:45:00.000000
428144779,2025-09-24T11:19:13.180Z,Tutoring,nl,5629CE,Eindhoven,51.49172592163086,5.452147960662842,15.0,TRUE,17,11,2,2026-02-06 15:00:00.000000
3501245000,2025-09-24T08:23:33.403Z,Introducing,de,76185,Karlsruhe,49.02108383178711,8.358964920043945,20.0,FALSE,0,3,0,1900-01-01 00:00:00.000005
3530321657,2025-09-24T07:20:59.769Z,Tutoring,de,30169,Hannover,52.373294830322266,9.727304458618164,8.0,FALSE,3,1,3,2025-12-08 16:00:00.000000
1510548594,2025-09-24T06:54:08.026Z,Tutoring,de,52066,Aachen,50.75153350830078,6.090790748596191,5.0,FALSE,13,8,2,2025-12-12 16:00:00.000000
1004564807,2025-09-23T20:12:23.902Z,Tutoring,de,81671,München,48.11838150024414,11.61855411529541,7.0,FALSE,5,8,1,2026-02-27 16:00:00.000000
1246732125,2025-09-23T19:49:31.212Z,Tutoring,nl,3817 HK,Amersfoort,52.14291763305664,5.394546985626221,3.5,TRUE,11,13,1,2026-02-25 14:15:00.000000
1577393734,2025-09-23T16:03:21.222Z,Tutoring,nl,7511CV,Enschede,52.220794677734375,6.90564489364624,3.5,FALSE,65,10,7,2026-02-25 18:00:00.000000
2985251230,2025-09-23T15:02:11.314Z,Tutoring,de,44339,Dortmund,51.55097579956055,7.484750747680664,8.0,FALSE,8,3,3,2025-12-13 12:30:00.000000
3283464248,2025-09-23T10:19:40.054Z,Chatting,de,04157,Leipzig,51.36994552612305,12.374897003173828,7.0,FALSE,0,1,0,1900-01-01 00:00:00.000005
3240958716,2025-09-23T09:27:59.159Z,Introducing,nl,9711LX,Groningen,53.21792221069336,6.566871643066406,4.0,TRUE,0,8,0,1900-01-01 00:00:00.000005
3567267666,2025-09-23T09:01:22.236Z,Tutoring,nl,8044 PM,Zwolle,52.54146957397461,6.034959316253662,7.0,TRUE,17,12,1,2026-03-22 10:30:00.000000
4118727564,2025-09-23T06:11:34.046Z,Tutoring,de,70771,Leinfelden-Echterdingen,48.671749114990234,9.169720649719238,20.0,TRUE,44,21,2,2026-03-26 15:30:00.000000
1140400226,2025-09-22T20:03:46.360Z,Tutoring,de,30165,Hannover,52.40000915527344,9.713666915893555,10.0,FALSE,23,3,8,2026-03-20 16:00:00.000000
1273139013,2025-09-22T14:24:07.929Z,Tutoring,nl,2511 VP,'s-Gravenhage,52.07648849487305,4.322768211364746,20.0,TRUE,173,75,2,2026-05-11 13:45:00.000000
849698244,2025-09-22T14:16:51.127Z,Tutoring,nl,3515GR,Utrecht,52.103912353515625,5.111248016357422,10.0,FALSE,17,8,2,2026-03-30 15:00:00.000000
2539497725,2025-09-22T13:16:51.362Z,Tutoring,nl,4814 GC,Breda,51.58301544189453,4.758418083190918,7.0,FALSE,6,3,2,2026-02-27 16:00:00.000000
307995852,2025-09-22T07:26:29.877Z,Introducing,nl,1756TX,'t Zand,52.835994720458984,4.76071834564209,16.0,FALSE,0,5,0,1900-01-01 00:00:00.000005
673031691,2025-09-21T21:07:34.464Z,Tutoring,nl,3116 JJ,Schiedam,51.910396575927734,4.387033939361572,6.0,FALSE,107,40,3,2026-04-28 17:30:00.000000
1243102643,2025-09-21T18:28:33.433Z,Tutoring,nl,9718EN,Groningen,53.215972900390625,6.552741527557373,7.0,TRUE,4,13,0,2025-11-09 13:15:00.000000
2196487192,2025-09-21T15:59:36.239Z,Tutoring,nl,9743 RA,Groningen,53.23199462890625,6.524861812591553,20.0,TRUE,24,13,2,2026-02-19 13:00:00.000000
2990552887,2025-09-21T14:43:03.325Z,Tutoring,nl,7522NK,Enschede,52.24671936035156,6.847434043884277,4.0,FALSE,34,13,3,2026-02-26 16:00:00.000000
2479474786,2025-09-21T09:35:21.610Z,Chatting,de,40670,Meerbusch,51.266117095947266,6.6197967529296875,7.0,FALSE,0,0,0,1900-01-01 00:00:00.000005
1810275334,2025-09-20T06:58:21.693Z,Introducing,nl,6135 BL ,Sittard,51.008689880371094,5.853028297424316,10.0,FALSE,0,4,0,1900-01-01 00:00:00.000005
1079503336,2025-09-19T23:12:20.991Z,Tutoring,nl,2631 WB,Nootdorp,52.04384994506836,4.402351379394531,5.0,FALSE,98,23,4,2026-05-06 11:00:00.000000
4119635990,2025-09-19T17:36:48.014Z,Tutoring,nl,6524EE,Nijmegen,51.838768005371094,5.860443592071533,7.0,FALSE,26,12,2,2026-03-02 16:00:00.000000
2226328068,2025-09-19T15:19:02.614Z,Introducing,de,63065,Offenbach am Main,50.1068229675293,8.76878547668457,12.0,TRUE,0,7,0,1900-01-01 00:00:00.000005
4143176905,2025-09-18T12:13:55.292Z,Tutoring,nl,2283 JS,Rijswijk,52.04465866088867,4.32924747467041,3.5,FALSE,13,6,2,2025-12-04 14:15:00.000000
3823168998,2025-09-18T11:44:30.515Z,Introducing,nl,3813 EE,Amersfoort,52.17083740234375,5.382898330688477,7.0,FALSE,0,1,0,1900-01-01 00:00:00.000005
424582452,2025-09-18T10:05:11.804Z,Tutoring,nl,6222XJ,Maastricht,50.85983657836914,5.71014404296875,6.0,FALSE,47,11,4,2026-03-23 16:00:00.000000
802602270,2025-09-17T20:03:54.545Z,Tutoring,nl,6541SE,Nijmegen,51.846012115478516,5.845503807067871,4.0,FALSE,8,5,2,2026-03-01 09:00:00.000000
2272530562,2025-09-17T12:52:01.375Z,Tutoring,de,48149,Münster,51.97592544555664,7.602832317352295,7.0,FALSE,58,16,4,2026-04-01 15:00:00.000000
1672551676,2025-09-17T06:33:11.575Z,Tutoring,nl,3765AL,Soest,52.171600341796875,5.287164688110352,7.0,FALSE,70,19,4,2026-04-08 15:00:00.000000
2203736236,2025-09-16T20:42:53.501Z,Tutoring,nl,5622 CX,Eindhoven,51.45950698852539,5.463555812835693,15.0,FALSE,25,9,3,2026-02-28 11:30:00.000000
3868389633,2025-09-16T18:44:35.070Z,Introducing,nl,6088 CC,Roggel,51.268070220947266,5.9217329025268555,20.0,FALSE,0,5,0,1900-01-01 00:00:00.000005
3075605567,2025-09-16T14:39:53.342Z,Tutoring,nl,3572 LT,Utrecht,52.09901428222656,5.141626834869385,11.0,FALSE,31,15,2,2025-12-18 15:30:00.000000
3412217534,2025-09-16T13:42:18.804Z,Tutoring,nl,2321DZ,Leiden,52.14779281616211,4.48300838470459,6.0,FALSE,23,10,2,2026-02-02 14:30:00.000000
905301789,2025-09-16T11:13:53.385Z,Tutoring,nl,3584DX,Utrecht,52.08407211303711,5.1751389503479,7.0,TRUE,23,13,2,2025-12-16 18:30:00.000000
737535128,2025-09-16T09:50:29.842Z,Tutoring,nl,2274 PA,Voorburg,52.07736587524414,4.346096992492676,4.0,TRUE,8,11,1,2025-12-02 15:30:00.000000
3671828547,2025-09-16T08:47:20.217Z,Tutoring,nl,9402VP,Assen,53.00720977783203,6.564028263092041,7.0,FALSE,4,8,1,2025-10-19 09:00:00.000000
2492391844,2025-09-15T20:36:21.953Z,Tutoring,nl,3512BE,Utrecht,52.09454345703125,5.120527744293213,3.5,TRUE,11,13,1,2025-12-09 17:30:00.000000
3661620528,2025-09-15T13:19:43.587Z,Active,de,68169,Mannheim,49.50975036621094,8.47615909576416,4.0,FALSE,0,0,0,1900-01-01 00:00:00.000005
3433705005,2025-09-15T11:35:20.336Z,Introducing,nl,7936 PC ,Tiendeveen,52.74853515625,6.543081760406494,3.5,FALSE,0,3,0,1900-01-01 00:00:00.000005
728792717,2025-09-15T10:46:51.394Z,Tutoring,de,47877,Willich,51.23859405517578,6.476118564605713,16.0,FALSE,22,7,3,2026-01-12 19:15:00.000000
898181703,2025-09-15T07:37:31.434Z,Tutoring,de,34123,Kassel,51.293861389160156,9.556120872497559,4.0,FALSE,26,14,2,2026-03-25 16:30:00.000000
163723986,2025-09-14T22:19:40.942Z,Introducing,nl,9713EV,Groningen,53.217708587646484,6.580095291137695,10.0,FALSE,2,3,1,2025-10-17 14:00:00.000000
2298030594,2025-09-14T17:29:55.151Z,Introducing,de,63743,Aschaffenburg,49.947086334228516,9.204144477844238,10.0,TRUE,0,8,0,1900-01-01 00:00:00.000005
2084960816,2025-09-14T17:04:16.882Z,Tutoring,nl,6813HN,Arnhem,51.99584197998047,5.880863666534424,6.5,FALSE,36,10,4,2026-02-16 18:00:00.000000
2441345669,2025-09-13T20:39:32.726Z,Tutoring,nl,2926 PG,Krimpen aan den IJssel,51.90914535522461,4.603731155395508,3.5,TRUE,23,12,2,2026-03-05 07:45:00.000000
1292968570,2025-09-13T10:48:32.871Z,Introducing,nl,2718gx,Zoetermeer,52.037681579589844,4.491463661193848,3.5,FALSE,0,3,0,1900-01-01 00:00:00.000005
3381137550,2025-09-13T09:54:34.917Z,Introducing,nl,9711NA,Groningen,53.217811584472656,6.568014621734619,7.0,FALSE,0,3,0,1900-01-01 00:00:00.000005
1291171286,2025-09-12T16:29:20.321Z,Tutoring,de,24149,Kiel,54.33307647705078,10.182428359985352,17.0,FALSE,5,1,5,2026-02-23 15:00:00.000000
4086165703,2025-09-12T13:34:27.002Z,Tutoring,nl,6525JA,Nijmegen,51.8271484375,5.865122318267822,6.0,FALSE,24,7,3,2026-03-01 12:30:00.000000
2878630612,2025-09-12T10:57:15.364Z,Tutoring,nl,1057AP,Amsterdam,52.365211486816406,4.850884914398193,4.0,TRUE,12,15,1,2026-01-23 10:00:00.000000
529899112,2025-09-11T16:04:07.792Z,Tutoring,de,01219,Dresden,51.03158187866211,13.761189460754395,4.0,FALSE,56,10,6,2026-02-26 15:00:00.000000
2031944203,2025-09-11T13:56:23.851Z,Introducing,de,13158,Berlin,52.57345962524414,13.380871772766113,7.0,FALSE,0,3,0,1900-01-01 00:00:00.000005
957713909,2025-09-11T13:26:20.939Z,Tutoring,nl,6523 PB,Nijmegen,51.82164764404297,5.8817338943481445,9.0,TRUE,22,13,2,2026-03-31 16:00:00.000000
3585647019,2025-09-11T09:37:57.133Z,Tutoring,nl,7822BB,Emmen,52.80070495605469,6.904841899871826,3.5,FALSE,101,18,6,2026-03-12 15:30:00.000000
122884679,2025-09-11T08:26:15.362Z,Introducing,nl,9711KL,Groningen,53.21663284301758,6.566580295562744,7.0,FALSE,0,5,0,1900-01-01 00:00:00.000005
652508319,2025-09-10T18:48:05.473Z,Tutoring,de,66121,Saarbrücken,49.23759078979492,7.044370651245117,20.0,TRUE,50,24,2,2026-03-23 17:00:00.000000
1586245015,2025-09-10T16:46:11.490Z,Tutoring,nl,9715 CD,Groningen,53.23078918457031,6.562659740447998,7.0,TRUE,65,30,2,2026-02-10 16:00:00.000000
3263481277,2025-09-10T15:23:12.972Z,Active,de,48153,Münster,51.92719268798828,7.61831521987915,7.0,FALSE,0,0,0,1900-01-01 00:00:00.000005
802249213,2025-09-10T08:41:21.359Z,Active,nl,8191JN,Wapenveld,52.44207763671875,6.068747043609619,12.0,FALSE,0,0,0,1900-01-01 00:00:00.000005
3849343772,2025-09-10T08:00:28.860Z,Tutoring,de,70329,Stuttgart,48.76631546020508,9.265812873840332,20.0,FALSE,6,10,1,2025-12-19 15:30:00.000000
588391819,2025-09-09T14:18:56.420Z,Tutoring,nl,2512SB,'s-Gravenhage,52.06975173950195,4.296350955963135,5.0,FALSE,18,9,2,2026-02-24 16:15:00.000000
1812999662,2025-09-09T14:00:47.485Z,Tutoring,nl,9673ar,Winschoten,53.13612747192383,7.0234599113464355,20.0,FALSE,39,13,3,2026-03-04 16:00:00.000000
4100785614,2025-09-09T13:40:23.916Z,Introducing,de,02625,Bautzen,51.17398452758789,14.438712120056152,20.0,FALSE,0,5,0,1900-01-01 00:00:00.000005
2129961653,2025-09-09T12:30:44.265Z,Tutoring,de,04275,Leipzig,51.316402435302734,12.381486892700195,7.0,TRUE,10,16,1,2026-01-15 15:00:00.000000
2576139190,2025-09-09T11:07:11.519Z,Tutoring,nl,4811WG,Breda,51.589210510253906,4.774245738983154,7.0,TRUE,1,9,0,2025-09-22 14:00:00.000000
3425212496,2025-09-09T10:04:40.477Z,Tutoring,de,04318,Leipzig,51.33399200439453,12.410051345825195,5.0,FALSE,31,5,6,2026-03-30 15:45:00.000000
1458683627,2025-09-09T10:03:01.371Z,Tutoring,de,79106,Freiburg im Breisgau,48.01388168334961,7.846658706665039,7.0,TRUE,6,11,1,2026-02-02 16:45:00.000000
556921667,2025-09-08T12:35:54.786Z,Tutoring,nl,4207JJ,Gorinchem,51.8323974609375,4.994519233703613,10.0,FALSE,48,14,3,2026-03-04 12:00:00.000000
1617601032,2025-09-07T19:24:49.594Z,Tutoring,nl,1432PP,Aalsmeer,52.27534484863281,4.801001071929932,4.0,FALSE,5,1,5,2025-10-05 14:00:00.000000
3071349441,2025-09-06T06:51:21.237Z,Tutoring,nl,1111XA,Diemen,52.34272766113281,4.971991539001465,7.0,TRUE,1,14,0,2025-10-01 16:00:00.000000
802660642,2025-09-05T15:34:39.292Z,Chatting,nl,1065AT,Amsterdam,52.3629264831543,4.8256707191467285,4.5,FALSE,0,3,0,1900-01-01 00:00:00.000005
2172743724,2025-09-05T13:46:48.778Z,Chatting,de,55130,Mainz,49.97257995605469,8.285913467407227,15.0,FALSE,0,2,0,1900-01-01 00:00:00.000005
2710078204,2025-09-05T13:17:58.914Z,Tutoring,nl,9711JB,Groningen,53.216487884521484,6.5633134841918945,5.0,FALSE,13,8,2,2026-03-11 17:00:00.000000
1996837012,2025-09-04T20:30:15.646Z,Tutoring,nl,5643HK,Eindhoven,51.41826248168945,5.501392841339111,5.0,FALSE,15,2,8,2026-02-25 11:15:00.000000
4271677834,2025-09-04T19:24:30.192Z,Tutoring,nl,1338AJ,Almere,52.39082336425781,5.275383949279785,20.0,TRUE,35,22,2,2026-02-28 18:00:00.000000
1019746800,2025-09-04T13:29:10.555Z,Chatting,de,76185,Karlsruhe,49.01908493041992,8.361873626708984,8.0,FALSE,0,1,0,1900-01-01 00:00:00.000005
3083005831,2025-09-04T13:20:50.467Z,Tutoring,nl,6413LJ,Heerlen,50.91444396972656,5.949252605438232,10.0,TRUE,24,13,2,2026-02-19 17:00:00.000000
3728718129,2025-09-04T13:04:29.615Z,Chatting,de,53129,Bonn,50.70641326904297,7.114812850952148,5.0,FALSE,0,1,0,1900-01-01 00:00:00.000005
870948410,2025-09-04T12:24:41.767Z,Introducing,nl,1102VN,Amsterdam,52.32011413574219,4.945601463317871,7.0,TRUE,0,9,0,1900-01-01 00:00:00.000005
3443417618,2025-09-04T09:26:05.021Z,Chatting,de,13595,Berlin,52.52304458618164,13.199713706970215,20.0,FALSE,0,1,0,1900-01-01 00:00:00.000005
4114267072,2025-09-03T15:20:08.527Z,Tutoring,nl,3739JT,Hollandsche Rading,52.167842864990234,5.1705451011657715,10.0,FALSE,10,8,1,2025-11-21 14:30:00.000000
4057321507,2025-09-03T14:10:30.514Z,Tutoring,nl,7556CH,Hengelo,52.269981384277344,6.792965888977051,20.0,TRUE,17,12,1,2026-03-25 10:00:00.000000
1586183030,2025-09-03T13:38:23.653Z,Tutoring,nl,7522 NG,Enschede,52.24641036987305,6.847024917602539,5.0,TRUE,32,17,2,2026-03-08 09:00:00.000000
1748774860,2025-09-03T12:46:05.270Z,Chatting,nl,5644NH,Eindhoven,51.42115783691406,5.488039016723633,5.0,FALSE,0,2,0,1900-01-01 00:00:00.000005
4002867495,2025-09-03T12:41:13.739Z,Tutoring,nl,1183AC,Amstelveen,52.31901168823242,4.873366355895996,7.0,FALSE,1,2,1,2025-11-11 17:00:00.000000
4228408511,2025-09-03T12:39:16.250Z,Introducing,de,48153,Münster,51.941951751708984,7.625939846038818,5.0,TRUE,0,8,0,1900-01-01 00:00:00.000005
4270507622,2025-09-03T10:56:25.948Z,Tutoring,nl,9713 MN,Groningen,53.221893310546875,6.585029602050781,10.0,FALSE,70,12,6,2026-03-04 15:30:00.000000
3822969651,2025-09-03T09:37:50.207Z,Introducing,de,70569,Stuttgart,48.74319076538086,9.103090286254883,7.0,FALSE,0,5,0,1900-01-01 00:00:00.000005
4182085021,2025-09-03T06:59:40.327Z,Tutoring,nl,6224HH,Maastricht,50.850189208984375,5.7162981033325195,7.0,FALSE,25,7,4,2026-01-27 09:30:00.000000
190922207,2025-09-02T17:32:31.445Z,Tutoring,nl,7541 WX,Enschede,52.208709716796875,6.895949363708496,4.0,FALSE,72,10,7,2026-03-08 11:00:00.000000
2331969473,2025-09-02T15:46:39.470Z,Tutoring,nl,9711RS,Groningen,53.21686935424805,6.5777130126953125,20.0,FALSE,74,17,4,2026-03-30 15:00:00.000000
3370692266,2025-09-02T15:09:13.448Z,Tutoring,nl,1094EL,Amsterdam,52.36447525024414,4.931638240814209,8.0,FALSE,9,4,2,2026-01-09 15:30:00.000000
4037734768,2025-09-02T14:42:50.730Z,Tutoring,de,52477,Alsdorf,50.86123275756836,6.218599319458008,20.0,FALSE,46,8,6,2026-03-04 14:00:00.000000
3050754186,2025-09-02T11:30:24.912Z,Tutoring,nl,2671ks,Naaldwijk,51.98990249633789,4.212286472320557,6.0,FALSE,12,5,2,2026-01-17 11:00:00.000000
2861040547,2025-09-02T11:22:05.512Z,Tutoring,nl,9725CE,Groningen,53.209014892578125,6.5690813064575195,6.0,FALSE,73,7,10,2026-03-30 14:00:00.000000
707329597,2025-09-02T10:45:08.414Z,Active,de,58300,Wetter (Ruhr),51.386592864990234,7.387585639953613,3.5,TRUE,0,0,0,1900-01-01 00:00:00.000005
594547478,2025-09-02T10:07:46.946Z,Tutoring,de,40227,Düsseldorf,51.212615966796875,6.802481651306152,5.0,FALSE,54,13,4,2026-02-25 19:30:00.000000
1407288154,2025-09-02T08:12:52.973Z,Tutoring,de,51103,Köln,50.94355392456055,7.0033769607543945,15.0,FALSE,36,3,12,2026-03-27 17:15:00.000000
1433396191,2025-09-01T19:02:47.994Z,Tutoring,nl,5612TA,Eindhoven,51.4506950378418,5.493917942047119,5.0,FALSE,130,16,8,2026-03-03 14:45:00.000000
1460737460,2025-09-01T15:43:58.659Z,Active,nl,1601BN,Enkhuizen,52.69987869262695,5.259540557861328,15.0,TRUE,0,0,0,1900-01-01 00:00:00.000005
2771447239,2025-09-01T15:13:49.022Z,Tutoring,nl,9711ND,Groningen,53.21709442138672,6.568784713745117,4.0,FALSE,33,6,6,2026-03-13 12:00:00.000000
2239000195,2025-09-01T14:30:29.433Z,Tutoring,nl,6525at,Nijmegen,51.82621383666992,5.870803356170654,20.0,FALSE,40,9,4,2026-02-25 17:00:00.000000
2721009564,2025-09-01T13:19:44.966Z,Tutoring,nl,4904ZK,Oosterhout,51.64299392700195,4.830111026763916,7.0,TRUE,7,10,1,2025-12-20 15:00:00.000000
1110145300,2025-09-01T13:16:38.914Z,Tutoring,nl,1077 RT,Amsterdam,52.34732437133789,4.869176864624023,6.0,TRUE,20,16,1,2026-01-30 15:00:00.000000
2079469547,2025-09-01T09:45:04.945Z,Tutoring,de,99085,Erfurt,50.98323440551758,11.036850929260254,7.0,FALSE,6,7,1,2025-11-25 14:30:00.000000
3769988883,2025-08-31T12:04:05.954Z,Tutoring,nl,1211AJ,Hilversum,52.2280387878418,5.176131725311279,5.0,FALSE,48,10,5,2026-04-05 11:00:00.000000
394456367,2025-08-31T08:41:00.297Z,Tutoring,nl,5017 JT,Tilburg,51.560150146484375,5.100272178649902,8.0,FALSE,33,9,4,2026-02-25 15:00:00.000000
3711270134,2025-08-29T17:37:49.161Z,Chatting,de,78532,Tuttlingen,47.98369598388672,8.823247909545898,15.0,TRUE,0,3,0,1900-01-01 00:00:00.000005
804294716,2025-08-29T15:46:24.526Z,Tutoring,de,77656,Offenburg,48.45232391357422,7.932833671569824,15.0,FALSE,68,11,6,2026-03-03 16:00:00.000000
4286054761,2025-08-29T14:08:40.570Z,Tutoring,nl,6708PG,Wageningen,51.98027801513672,5.656843662261963,10.0,TRUE,27,17,2,2026-03-04 18:00:00.000000
1858042470,2025-08-29T14:06:56.282Z,Active,nl,6523KT,Nijmegen,51.83118438720703,5.883617877960205,5.0,TRUE,0,0,0,1900-01-01 00:00:00.000005
126764246,2025-08-29T12:38:06.951Z,Chatting,nl,9771 CA,Sauwerd,53.291622161865234,6.538546562194824,15.0,TRUE,0,2,0,1900-01-01 00:00:00.000005
3154150184,2025-08-29T11:52:56.625Z,Tutoring,nl,8012VE,Zwolle,52.506752014160156,6.100325107574463,10.0,TRUE,2,12,0,2026-01-07 16:00:00.000000
4197478353,2025-08-29T11:40:14.275Z,Introducing,nl,7081 HV,Gendringen,51.871463775634766,6.369462966918945,20.0,FALSE,0,3,0,1900-01-01 00:00:00.000005
85403020,2025-08-29T10:34:05.521Z,Tutoring,nl,5022BC,Tilburg,51.54494094848633,5.097290515899658,8.0,FALSE,116,29,4,2026-03-31 15:00:00.000000
1170006739,2025-08-29T08:48:36.217Z,Tutoring,nl,3014HE,Rotterdam,51.91464614868164,4.4652228355407715,20.0,FALSE,28,12,2,2026-03-01 17:00:00.000000
1605682102,2025-08-29T07:21:44.459Z,Introducing,nl,6703 BW,Wageningen,51.96609115600586,5.676890850067139,3.5,TRUE,0,3,0,1900-01-01 00:00:00.000005
3638736285,2025-08-28T17:24:49.669Z,Tutoring,nl,9712PZ,Groningen,53.223140716552734,6.563395023345947,20.0,FALSE,5,7,1,2025-10-25 09:30:00.000000
260813900,2025-08-27T13:19:47.295Z,Tutoring,nl,2512XG,'s-Gravenhage,52.071929931640625,4.304592609405518,20.0,FALSE,28,5,6,2026-02-27 13:30:00.000000
2414541829,2025-08-27T10:14:50.929Z,Chatting,nl,4413HG,Krabbendijke,51.43717956542969,4.106132507324219,5.0,TRUE,0,1,0,1900-01-01 00:00:00.000005
3443429696,2025-08-27T09:31:56.014Z,Active,de,30165,Hannover,52.393611907958984,9.723560333251953,7.0,TRUE,0,0,0,1900-01-01 00:00:00.000005
719429108,2025-08-26T19:26:24.120Z,Tutoring,nl,3083JK,Rotterdam,51.88905334472656,4.480044364929199,7.0,FALSE,49,10,5,2026-02-26 15:30:00.000000
1707826770,2025-08-26T13:54:11.785Z,Tutoring,nl,3035SP,Rotterdam,51.934104919433594,4.477568626403809,7.0,TRUE,21,20,1,2026-02-27 15:30:00.000000
3650789003,2025-08-26T10:22:13.301Z,Tutoring,de,28779,Bremen,53.20848846435547,8.5781888961792,10.0,TRUE,7,7,1,2025-12-17 15:00:00.000000
2546218620,2025-08-26T10:07:46.274Z,Introducing,nl,3991VJ,Houten,52.0324821472168,5.1617560386657715,20.0,TRUE,0,7,0,1900-01-01 00:00:00.000005
1749017379,2025-08-26T09:55:44.285Z,Tutoring,nl,3941MJ,Doorn,52.03228759765625,5.36954402923584,15.0,TRUE,19,11,2,2025-12-05 13:00:00.000000
2009610494,2025-08-26T09:04:00.476Z,Introducing,nl,8012 CR,Zwolle,52.50345993041992,6.104098320007324,3.5,TRUE,0,3,0,1900-01-01 00:00:00.000005
2351987993,2025-08-26T09:02:35.765Z,Tutoring,nl,3551JB,Utrecht,52.097251892089844,5.101284503936768,5.0,FALSE,51,3,17,2026-03-25 16:15:00.000000
1806023922,2025-08-25T15:33:17.932Z,Tutoring,nl,3045bd,Rotterdam,51.94566345214844,4.449848651885986,5.0,FALSE,46,11,4,2026-03-11 12:30:00.000000
2530096720,2025-08-25T13:47:51.981Z,Tutoring,nl,1106ZM,Amsterdam,52.299476623535156,4.996765613555908,7.0,FALSE,69,10,7,2026-03-11 13:30:00.000000
1242388281,2025-08-25T11:08:52.257Z,Tutoring,nl,2625PN,Delft,51.98896026611328,4.345775127410889,8.0,FALSE,18,10,2,2026-03-05 10:30:00.000000
1030493214,2025-08-25T00:00:24.130Z,Introducing,nl,2804 LT,Gouda,52.03684616088867,4.714544773101807,20.0,TRUE,0,4,0,1900-01-01 00:00:00.000005
2561335923,2025-08-24T17:19:55.606Z,Active,nl,9302EN,Roden,53.13856887817383,6.403312683105469,4.0,TRUE,0,0,0,1900-01-01 00:00:00.000005
489755543,2025-08-23T20:52:46.511Z,Tutoring,nl,2628SJ,Delft,52.0059700012207,4.382323265075684,6.0,FALSE,120,17,7,2026-03-31 16:00:00.000000
3407909782,2025-08-23T18:05:41.006Z,Tutoring,nl,3583TC,Utrecht,52.08488464355469,5.144908428192139,7.0,FALSE,19,6,3,2026-02-25 14:00:00.000000
1033164755,2025-08-23T17:01:43.469Z,Tutoring,nl,7824VN,Emmen,52.77942657470703,6.935795307159424,7.0,FALSE,54,16,3,2026-03-23 18:45:00.000000
1401235520,2025-08-23T14:37:26.545Z,Tutoring,nl,2611sz,Delft,52.011714935302734,4.366308689117432,7.0,FALSE,48,7,7,2026-03-04 14:00:00.000000
2571427683,2025-08-23T14:15:06.557Z,Tutoring,nl,6543je,Nijmegen,51.83120346069336,5.830062389373779,7.0,FALSE,9,9,1,2026-03-03 08:00:00.000000
3176062132,2025-08-23T13:49:42.315Z,Tutoring,de,24147,Kiel,54.298622131347656,10.182577133178711,7.0,TRUE,17,10,2,2026-03-02 14:00:00.000000
751214138,2025-08-23T13:34:49.005Z,Tutoring,de,14193,Berlin,52.492347717285156,13.292579650878906,7.0,TRUE,16,11,1,2026-02-28 12:00:00.000000
1216090887,2025-08-23T10:05:22.691Z,Tutoring,nl,3082 RR,Rotterdam,51.893611907958984,4.469376564025879,8.0,TRUE,26,16,2,2025-11-26 16:00:00.000000
1113091482,2025-08-22T19:32:00.801Z,Tutoring,nl,5051HE,Goirle,51.51411437988281,5.061222076416016,8.0,FALSE,17,3,6,2026-01-22 13:00:00.000000
2465787895,2025-08-22T14:00:37.022Z,Tutoring,nl,1211AR,Hilversum,52.2277717590332,5.179763317108154,7.0,FALSE,6,6,1,2025-10-30 14:00:00.000000
654208558,2025-08-22T11:59:42.009Z,Tutoring,nl,7559LB,Hengelo,52.29875946044922,6.7982025146484375,15.0,FALSE,39,19,2,2026-02-20 15:00:00.000000
3372780337,2025-08-22T08:36:06.320Z,Tutoring,de,59457,Werl,51.54294967651367,7.873960971832275,20.0,TRUE,24,16,2,2026-01-28 15:00:00.000000
4158676798,2025-08-21T17:52:47.898Z,Tutoring,nl,6215RK,Maastricht,50.83820724487305,5.6476874351501465,8.0,FALSE,121,35,3,2026-03-31 14:30:00.000000
2264543617,2025-08-21T15:42:21.291Z,Tutoring,nl,1328SP,Almere,52.369407653808594,5.267434120178223,10.0,FALSE,108,41,3,2026-03-27 14:00:00.000000
4152913474,2025-08-21T15:27:32.883Z,Chatting,de,99086,Erfurt,50.989444732666016,11.031679153442383,15.0,TRUE,0,1,0,1900-01-01 00:00:00.000005
2520471114,2025-08-21T13:36:04.698Z,Tutoring,nl,2551XC,'s-Gravenhage,52.05751037597656,4.244527816772461,7.0,FALSE,103,41,3,2026-04-07 15:00:00.000000
3543883550,2025-08-21T12:47:52.798Z,Tutoring,nl,6709PR,Wageningen,51.96603012084961,5.6504034996032715,7.0,FALSE,14,8,2,2026-03-24 14:45:00.000000
965507216,2025-08-21T09:25:48.486Z,Tutoring,de,12559 ,Berlin,52.441864013671875,13.592226028442383,7.0,TRUE,9,7,1,2026-02-26 14:00:00.000000
348828803,2025-08-21T09:24:38.337Z,Active,nl,9713 CJ,Groningen,53.225711822509766,6.577170372009277,4.0,TRUE,0,0,0,1900-01-01 00:00:00.000005
2771867268,2025-08-20T21:21:17.910Z,Tutoring,nl,9717 JN,Groningen,53.22700881958008,6.554074287414551,7.0,FALSE,46,9,5,2026-03-04 18:00:00.000000
4111950159,2025-08-20T14:17:32.020Z,Tutoring,nl,2611ED,Delft,52.00992965698242,4.358091354370117,7.0,TRUE,5,15,0,2025-09-18 13:30:00.000000
1388812940,2025-08-20T10:34:38.904Z,Tutoring,de,53859,Niederkassel,50.795387268066406,7.048017501831055,20.0,TRUE,50,21,2,2026-03-05 15:15:00.000000
1538452818,2025-08-20T08:46:45.760Z,Tutoring,de,44149,Dortmund,51.51258850097656,7.413629531860352,10.0,FALSE,1,4,0,2025-11-05 15:30:00.000000
1159635824,2025-08-20T07:15:31.690Z,Introducing,nl,7521XR,Enschede,52.228302001953125,6.854803562164307,7.0,TRUE,0,1,0,1900-01-01 00:00:00.000005
1551636204,2025-08-19T20:26:54.604Z,Introducing,nl,2652gw,Berkel en Rodenrijs,51.98595428466797,4.458075523376465,4.0,TRUE,0,3,0,1900-01-01 00:00:00.000005
1848794073,2025-08-19T18:41:37.573Z,Tutoring,nl,2312 HB,Leiden,52.159454345703125,4.492556571960449,4.0,FALSE,39,12,3,2026-02-27 15:30:00.000000
397204355,2025-08-19T14:57:56.455Z,Introducing,de,30826,Garbsen,52.440277099609375,9.541753768920898,7.0,TRUE,0,7,0,1900-01-01 00:00:00.000005
1185874324,2025-08-19T12:35:20.350Z,Tutoring,nl,6711 DT,Ede,52.04620361328125,5.681763648986816,10.0,FALSE,36,18,2,2026-03-31 16:30:00.000000
1835132019,2025-08-19T07:30:12.073Z,Tutoring,de,76829,Landau in der Pfalz,49.197330474853516,8.131457328796387,10.0,FALSE,35,15,2,2026-03-16 15:30:00.000000
1568998418,2025-08-19T06:44:43.521Z,Introducing,nl,9737SM,Groningen,53.248634338378906,6.591563701629639,7.0,TRUE,0,7,0,1900-01-01 00:00:00.000005
2547609864,2025-08-18T15:20:54.554Z,Introducing,nl,9737TE,Groningen,53.24702453613281,6.58757209777832,3.5,TRUE,0,2,0,1900-01-01 00:00:00.000005
2487748823,2025-08-18T14:51:46.018Z,Tutoring,nl,3069LB,Rotterdam,51.966529846191406,4.546612739562988,10.0,TRUE,6,13,0,2025-10-15 13:30:00.000000
3646738390,2025-08-18T12:48:05.782Z,Introducing,nl,9743HX,Groningen,53.23115921020508,6.525235652923584,9.0,TRUE,0,3,0,1900-01-01 00:00:00.000005
2540168544,2025-08-18T08:48:53.477Z,Tutoring,de,68165,Mannheim,49.480262756347656,8.486285209655762,15.0,FALSE,17,9,2,2026-02-04 15:00:00.000000
1905252699,2025-08-18T08:34:11.438Z,Introducing,nl,9711 sh,Groningen,53.21754455566406,6.576926231384277,20.0,TRUE,0,4,0,1900-01-01 00:00:00.000005
3311585941,2025-08-18T07:55:19.876Z,Chatting,de,40477,Düsseldorf,51.2413330078125,6.789934158325195,15.0,TRUE,0,1,0,1900-01-01 00:00:00.000005
747184385,2025-08-17T18:52:51.383Z,Tutoring,nl,5509 NJ,Veldhoven,51.4285774230957,5.409974575042725,7.0,FALSE,31,7,4,2026-02-04 14:30:00.000000
942315581,2025-08-17T16:10:55.166Z,Tutoring,nl,2807HK,Gouda,52.01405334472656,4.748292922973633,7.0,FALSE,3,5,1,2025-11-11 15:00:00.000000
3856041042,2025-08-16T15:56:29.162Z,Tutoring,nl,8916 AH,Leeuwarden,53.20558166503906,5.78469181060791,6.0,FALSE,1,4,0,2025-09-18 13:15:00.000000
398326784,2025-08-16T10:39:07.115Z,Tutoring,nl,5644RA,Eindhoven,51.42217254638672,5.4853434562683105,10.0,FALSE,38,10,4,2026-02-23 16:00:00.000000
2895949039,2025-08-15T19:19:59.687Z,Chatting,nl,9711XA,Groningen,53.2224235534668,6.569093704223633,7.0,TRUE,0,1,0,1900-01-01 00:00:00.000005
1521057563,2025-08-15T19:11:36.712Z,Introducing,nl,5482GW,Schijndel,51.61787414550781,5.446953296661377,20.0,TRUE,0,7,0,1900-01-01 00:00:00.000005
605386036,2025-08-15T15:38:46.072Z,Tutoring,nl,1319EP,Almere,52.39510726928711,5.166781425476074,3.5,FALSE,25,6,4,2026-02-09 16:30:00.000000
1898995404,2025-08-15T13:55:16.043Z,Active,nl,9723AC,Groningen,53.21142578125,6.5836944580078125,3.5,TRUE,0,0,0,1900-01-01 00:00:00.000005
3309927370,2025-08-15T12:23:08.725Z,Tutoring,de,44139,Dortmund,51.50663757324219,7.454442977905273,20.0,TRUE,46,21,2,2026-03-05 15:00:00.000000
1064472603,2025-08-14T10:05:59.827Z,Chatting,nl,6521KN,Nijmegen,51.8416862487793,5.875243186950684,15.0,TRUE,0,1,0,1900-01-01 00:00:00.000005
3620864687,2025-08-13T17:45:41.057Z,Active,de,33332,Gütersloh,51.8798713684082,8.383441925048828,15.0,TRUE,0,0,0,1900-01-01 00:00:00.000005
1551834004,2025-08-13T07:14:33.156Z,Tutoring,de,90409,Nürnberg,49.47031784057617,11.099542617797852,4.0,FALSE,2,5,0,2025-10-15 13:30:00.000000
3183864509,2025-08-12T22:26:20.240Z,Tutoring,de,48161,Münster,51.962852478027344,7.572984218597412,8.0,FALSE,8,3,3,2026-02-19 15:00:00.000000
908289045,2025-08-12T15:25:35.334Z,Tutoring,de,42499,Hückeswagen,51.13900375366211,7.282505989074707,20.0,FALSE,4,5,1,2025-11-05 18:15:00.000000
3041952342,2025-08-12T11:57:44.022Z,Chatting,nl,5501CA,Veldhoven,51.417137145996094,5.396407127380371,5.0,TRUE,0,1,0,1900-01-01 00:00:00.000005
3095297680,2025-08-12T11:45:33.502Z,Tutoring,nl,5552HG,Valkenswaard,51.35987854003906,5.457712650299072,7.0,TRUE,2,3,1,2026-03-05 18:00:00.000000
814685052,2025-08-12T09:47:47.414Z,Tutoring,de,48153,Münster,51.95113754272461,7.6293158531188965,4.0,FALSE,116,29,4,2026-03-05 13:00:00.000000
1630878311,2025-08-12T09:33:14.797Z,Tutoring,de,04105,Leipzig,51.34990692138672,12.376046180725098,4.0,FALSE,45,18,3,2026-03-24 15:00:00.000000
3442943427,2025-08-11T19:14:07.147Z,Chatting,nl,2331 NK,Leiden,52.148681640625,4.447046756744385,5.0,TRUE,0,1,0,1900-01-01 00:00:00.000005
2909225022,2025-08-11T16:02:07.726Z,Chatting,de,50859,Köln,50.96391677856445,6.829503536224365,10.0,TRUE,0,1,0,1900-01-01 00:00:00.000005
3540475703,2025-08-11T09:56:14.085Z,Tutoring,de,53721,Siegburg,50.80323028564453,7.206874847412109,7.0,FALSE,16,4,4,2026-01-28 17:00:00.000000
2374126838,2025-08-10T13:43:12.888Z,Tutoring,de,44869,Bochum,51.44644546508789,7.157687187194824,7.0,FALSE,12,6,2,2025-12-17 17:00:00.000000
4077902904,2025-08-10T07:29:34.956Z,Tutoring,nl,9718BC,Groningen,53.21488952636719,6.5538249015808105,7.0,FALSE,40,17,2,2026-03-06 15:30:00.000000
424276150,2025-08-09T20:00:09.903Z,Active,nl,1221 KK,Hilversum,52.22527313232422,5.1881303787231445,5.0,TRUE,0,0,0,1900-01-01 00:00:00.000005
836189962,2025-08-08T22:07:13.418Z,Tutoring,nl,8245HB,Lelystad,52.489933013916016,5.4441375732421875,20.0,FALSE,23,9,3,2026-08-06 11:00:00.000000
606339338,2025-08-08T21:54:12.409Z,Chatting,nl,9714 GW,Groningen,53.230472564697266,6.573723793029785,4.0,TRUE,0,2,0,1900-01-01 00:00:00.000005
2787016628,2025-08-08T13:00:47.833Z,Active,nl,2481AC,Woubrugge,52.167171478271484,4.637296676635742,10.0,TRUE,0,0,0,1900-01-01 00:00:00.000005
732662193,2025-08-08T10:57:49.880Z,Introducing,nl,9711 KL,Groningen,53.21684265136719,6.566430568695068,5.5,TRUE,0,7,0,1900-01-01 00:00:00.000005
1997051477,2025-08-08T10:56:13.877Z,Tutoring,nl,6538DD,Nijmegen,51.81031799316406,5.811324596405029,20.0,FALSE,236,34,7,2026-05-06 15:15:00.000000
3415804187,2025-08-08T10:05:09.023Z,Chatting,nl,6828CA,Arnhem,51.98371505737305,5.915518760681152,7.0,TRUE,0,4,0,1900-01-01 00:00:00.000005
3685122990,2025-08-08T08:26:29.154Z,Introducing,de,04315,Leipzig,51.344947814941406,12.398524284362793,10.0,TRUE,0,6,0,1900-01-01 00:00:00.000005
3083865550,2025-08-07T16:45:41.824Z,Tutoring,nl,6523NJ,Nijmegen,51.82155990600586,5.882878303527832,7.5,FALSE,9,9,1,2026-02-22 10:00:00.000000
237819689,2025-08-07T14:47:31.455Z,Tutoring,de,76149,Karlsruhe,49.0400276184082,8.393077850341797,20.0,TRUE,11,13,1,2025-11-24 13:00:00.000000
1025041510,2025-08-07T12:40:32.061Z,Tutoring,nl,1906BW,Limmen,52.56752014160156,4.696037292480469,15.0,FALSE,165,35,5,2026-03-26 16:15:00.000000
1995312170,2025-08-07T09:29:22.722Z,Tutoring,de,50672,Köln,50.94145584106445,6.935352325439453,4.0,TRUE,2,2,1,2026-02-26 15:00:00.000000
3858480286,2025-08-07T07:26:54.472Z,Tutoring,nl,3842 ZP,Harderwijk,52.34444808959961,5.636383056640625,7.0,TRUE,11,3,4,2025-12-08 17:00:00.000000
975551950,2025-08-06T18:09:40.850Z,Tutoring,nl,2321 KW,Leiden,52.144508361816406,4.493291854858398,7.0,FALSE,40,19,2,2026-03-03 16:00:00.000000
4035481846,2025-08-06T13:39:44.395Z,Tutoring,de,42107,Wuppertal,51.263729095458984,7.151463985443115,4.0,TRUE,1,8,0,2025-11-20 16:30:00.000000
3843616589,2025-08-06T13:15:44.610Z,Tutoring,nl,6662zv,Elst,51.9144172668457,5.837804794311523,13.0,FALSE,7,4,2,2025-12-05 14:00:00.000000
2107609128,2025-08-06T10:59:53.708Z,Introducing,de,63067,Offenbach am Main,50.10948944091797,8.75339412689209,15.0,TRUE,0,5,0,1900-01-01 00:00:00.000005
2863107121,2025-08-06T10:22:39.422Z,Tutoring,nl,3315RN,Dordrecht,51.803226470947266,4.713078022003174,12.0,TRUE,33,21,2,2026-02-12 17:00:00.000000
2639744532,2025-08-06T08:43:20.570Z,Tutoring,de,81737,München,48.10133743286133,11.637700080871582,15.0,TRUE,20,18,1,2026-02-18 17:00:00.000000
830380366,2025-08-06T08:28:23.557Z,Introducing,nl,9746CR,Groningen,53.241519927978516,6.516512870788574,8.0,TRUE,0,3,0,1900-01-01 00:00:00.000005
2167900076,2025-08-05T17:42:59.064Z,Chatting,de,04347,Leipzig,51.353206634521484,12.40975570678711,7.0,TRUE,0,6,0,1900-01-01 00:00:00.000005
999847804,2025-08-05T14:20:19.529Z,Tutoring,nl,2628TK,Delft,52.008026123046875,4.372737884521484,10.0,TRUE,18,14,1,2026-02-12 13:00:00.000000
3396108525,2025-08-05T14:02:41.638Z,Tutoring,nl,1060 PL,Amsterdam,52.348628997802734,4.782716751098633,7.0,TRUE,16,16,1,2025-12-01 18:00:00.000000
69087119,2025-08-05T12:21:34.240Z,Tutoring,nl,5311GX,Rotterdam,51.79990005493164,5.198493480682373,20.0,FALSE,17,8,2,2026-03-06 18:00:00.000000
3228790569,2025-08-05T11:32:55.682Z,Introducing,nl,7312HA,Apeldoorn,52.206912994384766,5.933953285217285,3.5,TRUE,0,3,0,1900-01-01 00:00:00.000005
1550970897,2025-08-05T11:16:24.498Z,Tutoring,de,49078,Osnabrück,52.259342193603516,7.9870805740356445,7.0,FALSE,6,1,6,2026-02-09 15:00:00.000000
2248808142,2025-08-05T11:11:18.676Z,Tutoring,nl,8031CH,Zwolle,52.52824783325195,6.081249713897705,10.0,TRUE,7,11,1,2026-03-02 15:30:00.000000
3946793462,2025-08-05T10:29:50.958Z,Tutoring,de,06114,Halle (Saale),51.49726867675781,11.96550464630127,8.0,FALSE,118,22,5,2026-03-31 17:00:00.000000
2114976898,2025-08-04T19:55:33.484Z,Chatting,de,44809,Bochum,51.49211883544922,7.1942830085754395,10.0,TRUE,0,1,0,1900-01-01 00:00:00.000005
1826374913,2025-08-04T19:30:12.461Z,Tutoring,nl,2951GL,Alblasserdam,51.861751556396484,4.667110443115234,10.0,FALSE,52,4,13,2026-03-30 18:00:00.000000
3775391331,2025-08-04T16:16:27.949Z,Tutoring,nl,1112XJ,Diemen,52.329437255859375,4.957380771636963,4.0,TRUE,4,15,0,2025-08-30 12:00:00.000000
188319898,2025-08-03T16:17:34.088Z,Tutoring,nl,5017 Cv,Tilburg,51.55348205566406,5.097870826721191,4.0,TRUE,39,21,2,2026-03-06 09:00:00.000000
115918189,2025-08-03T13:48:13.007Z,Tutoring,de,28205,Bremen,53.07286071777344,8.837960243225098,3.5,TRUE,48,22,2,2026-03-02 17:30:00.000000
2926089267,2025-08-02T16:22:15.606Z,Tutoring,de,30165,Hannover,52.40482711791992,9.713265419006348,20.0,FALSE,14,8,2,2025-12-10 16:15:00.000000
3862157830,2025-08-02T16:05:03.817Z,Active,nl,9723ZT,Groningen,53.20677947998047,6.588876724243164,5.0,TRUE,0,0,0,1900-01-01 00:00:00.000005
3901731560,2025-08-01T17:58:30.404Z,Tutoring,nl,4207WP,Gorinchem,51.83119201660156,5.003561973571777,10.0,FALSE,23,9,3,2026-02-26 16:30:00.000000
3158011868,2025-08-01T15:39:27.592Z,Tutoring,nl,1018MZ,Amsterdam,52.365535736083984,4.924462795257568,5.0,TRUE,44,26,2,2026-03-30 15:45:00.000000
3022967982,2025-08-01T09:10:42.313Z,Tutoring,nl,1217NL,Hilversum,52.22593688964844,5.167241096496582,7.0,FALSE,1,3,0,2025-12-08 13:30:00.000000
3371303185,2025-08-01T07:38:52.361Z,Chatting,de,04107,Leipzig,51.33280944824219,12.363097190856934,20.0,TRUE,0,9,0,1900-01-01 00:00:00.000005
289442439,2025-07-31T11:37:08.471Z,Introducing,nl,4823 JS,Breda,51.624839782714844,4.743365287780762,3.5,TRUE,0,6,0,1900-01-01 00:00:00.000005
3779387830,2025-07-30T19:51:33.765Z,Tutoring,nl,2613HZ,Delft,52.00177001953125,4.351406097412109,5.0,FALSE,29,5,6,2026-02-26 14:00:00.000000
2256880471,2025-07-30T11:55:17.290Z,Tutoring,nl,7513DR,Enschede,52.21571350097656,6.887383937835693,8.0,FALSE,26,10,3,2026-03-07 09:00:00.000000
1701460494,2025-07-30T08:06:20.896Z,Tutoring,nl,2523GZ,'s-Gravenhage,52.054893493652344,4.319845676422119,7.0,FALSE,22,3,7,2026-03-30 14:00:00.000000
1785867756,2025-07-29T16:09:48.600Z,Chatting,nl,6602DH,Wijchen,51.80861282348633,5.733242511749268,20.0,TRUE,0,2,0,1900-01-01 00:00:00.000005
3948140094,2025-07-29T15:41:12.597Z,Tutoring,nl,3731GB,De Bilt,52.09880065917969,5.160339832305908,7.0,FALSE,42,10,4,2026-02-28 09:00:00.000000
3069992854,2025-07-29T13:15:48.810Z,Chatting,de,27777,Ganderkesee,53.037841796875,8.554903030395508,20.0,TRUE,0,5,0,1900-01-01 00:00:00.000005
3666693337,2025-07-29T11:36:31.357Z,Tutoring,nl,6813kx,Arnhem,51.99074935913086,5.889410018920898,10.0,FALSE,8,8,1,2025-10-30 15:30:00.000000
690693643,2025-07-28T18:09:13.297Z,Tutoring,nl,5682EV,Best,51.51629638671875,5.386440753936768,10.0,TRUE,18,13,1,2026-03-05 16:00:00.000000
2248054738,2025-07-28T14:19:57.076Z,Introducing,nl,1187JJ,Amstelveen,52.2857551574707,4.82640266418457,7.0,TRUE,0,5,0,1900-01-01 00:00:00.000005
1861304577,2025-07-28T11:16:52.529Z,Tutoring,nl,1102zx,Amsterdam,52.32341003417969,4.945847511291504,7.0,TRUE,24,14,2,2026-02-10 15:30:00.000000
1251377416,2025-07-28T06:29:33.225Z,Tutoring,nl,2333CZ,Leiden,52.16543960571289,4.462181091308594,7.0,FALSE,16,9,2,2025-09-30 15:00:00.000000
1657970970,2025-07-27T14:40:18.467Z,Introducing,nl,1338 JM,Almere,52.38390350341797,5.272304058074951,7.0,TRUE,0,5,0,1900-01-01 00:00:00.000005
4260893976,2025-07-27T12:12:02.198Z,Tutoring,nl,3312SE,Dordrecht,51.80908203125,4.686302185058594,3.5,FALSE,37,5,7,2026-02-01 12:00:00.000000
1053593039,2025-07-27T09:30:43.071Z,Chatting,nl,1011SB,Amsterdam,52.36820983886719,4.907813549041748,3.5,TRUE,0,4,0,1900-01-01 00:00:00.000005
3769017455,2025-07-27T08:39:52.276Z,Tutoring,de,30159,Hannover,52.381805419921875,9.731854438781738,15.0,FALSE,9,4,2,2025-10-30 16:00:00.000000
3209693556,2025-07-26T18:50:34.931Z,Active,nl,2352JV,Leiderdorp,52.15508270263672,4.528311252593994,4.0,TRUE,0,0,0,1900-01-01 00:00:00.000005
3282579659,2025-07-26T17:14:09.973Z,Chatting,nl,1211GX,Hilversum,52.22367477416992,5.172324180603027,20.0,TRUE,0,3,0,1900-01-01 00:00:00.000005
2599368743,2025-07-26T13:07:13.727Z,Introducing,de,24116,Kiel,54.324954986572266,10.115930557250977,5.0,TRUE,0,3,0,1900-01-01 00:00:00.000005
284823452,2025-07-26T07:38:13.371Z,Active,nl,5821CA,Vierlingsbeek,51.59414291381836,6.007071495056152,20.0,TRUE,0,0,0,1900-01-01 00:00:00.000005
3399061707,2025-07-25T20:08:34.199Z,Chatting,de,49661,Cloppenburg,52.841854095458984,8.011741638183594,10.0,TRUE,0,1,0,1900-01-01 00:00:00.000005
3328132875,2025-07-25T08:21:07.663Z,Tutoring,de,60318,Frankfurt am Main,50.129276275634766,8.688955307006836,10.0,FALSE,23,4,6,2026-03-02 16:00:00.000000
175672556,2025-07-24T16:04:41.712Z,Introducing,nl,5622PB,Eindhoven,51.4561767578125,5.4604716300964355,12.0,TRUE,0,10,0,1900-01-01 00:00:00.000005
1388862320,2025-07-24T13:08:06.605Z,Chatting,nl,6211SG,Maastricht,50.8515510559082,5.689347743988037,7.0,TRUE,0,4,0,1900-01-01 00:00:00.000005
1352363314,2025-07-24T12:11:29.786Z,Tutoring,nl,8021EZ,Zwolle,52.51542282104492,6.087851524353027,20.0,FALSE,14,6,2,2026-01-14 12:30:00.000000
1376865531,2025-07-24T08:55:11.461Z,Introducing,nl,1967 GE,Heemskerk,52.5000114440918,4.697906494140625,10.0,TRUE,0,5,0,1900-01-01 00:00:00.000005
88727037,2025-07-24T08:42:11.661Z,Chatting,de,16321,Bernau bei Berlin,52.68944549560547,13.591470718383789,20.0,TRUE,0,3,0,1900-01-01 00:00:00.000005
53653322,2025-07-23T15:02:56.910Z,Tutoring,nl,3026SE,Rotterdam,51.912559509277344,4.443453788757324,12.0,TRUE,1,22,0,2025-11-08 11:00:00.000000
2214621992,2025-07-22T11:23:58.506Z,Chatting,de,30171,Hannover,52.36769485473633,9.754473686218262,10.0,TRUE,0,4,0,1900-01-01 00:00:00.000005
3630338733,2025-07-21T21:28:49.219Z,Tutoring,nl,3317JA,Dordrecht,51.792999267578125,4.672335624694824,7.0,TRUE,14,11,1,2026-02-24 19:00:00.000000
2867619457,2025-07-20T13:42:49.217Z,Introducing,nl,6709PG,Wageningen,51.97000503540039,5.654076099395752,5.0,TRUE,0,3,0,1900-01-01 00:00:00.000005
1723090432,2025-07-20T10:58:49.605Z,Tutoring,nl,2411ls,Bodegraven,52.073856353759766,4.7488579750061035,20.0,FALSE,54,13,4,2026-02-26 14:30:00.000000
128126874,2025-07-19T09:55:43.308Z,Introducing,de,16727,Oberkrämer,52.69575500488281,13.112279891967773,20.0,TRUE,0,7,0,1900-01-01 00:00:00.000005
2360919197,2025-07-18T10:02:11.955Z,Tutoring,nl,3039zm,Rotterdam,51.928794860839844,4.461819171905518,10.0,FALSE,79,6,13,2026-03-01 10:00:00.000000
948654783,2025-07-18T07:41:29.889Z,Tutoring,de,10119,Berlin,52.53063201904297,13.4006929397583,4.0,TRUE,1,7,0,2025-09-15 16:00:00.000000
3579607778,2025-07-18T07:01:53.028Z,Tutoring,de,34119,Kassel,51.31807327270508,9.466451644897461,7.0,TRUE,1,11,0,2026-01-08 15:30:00.000000
4056444419,2025-07-17T16:08:18.800Z,Tutoring,nl,3328gn,Dordrecht,51.780799865722656,4.678980350494385,20.0,FALSE,13,5,3,2026-02-27 15:30:00.000000
309680401,2025-07-17T11:13:23.679Z,Introducing,nl,1705KM,Heerhugowaard,52.65060806274414,4.821704387664795,10.0,TRUE,0,2,0,1900-01-01 00:00:00.000005
919815068,2025-07-17T08:20:03.836Z,Tutoring,nl,1561 EA,Krommenie,52.49910354614258,4.76727294921875,7.0,TRUE,9,11,1,2025-12-16 18:00:00.000000
536354723,2025-07-16T20:43:35.450Z,Tutoring,nl,6543HC,Nijmegen,51.82917785644531,5.823402404785156,10.0,FALSE,5,7,1,2025-10-14 13:15:00.000000
1716635673,2025-07-16T10:43:10.806Z,Introducing,nl,3817BT,Amersfoort,52.15073013305664,5.390547752380371,6.0,TRUE,0,4,0,1900-01-01 00:00:00.000005
766350404,2025-07-16T07:49:48.085Z,Tutoring,nl,7351 AV,Hoenderloo,52.11940383911133,5.887475967407227,20.0,TRUE,22,14,2,2026-02-19 17:00:00.000000
4220838520,2025-07-16T01:22:09.873Z,Tutoring,nl,1078GH,Amsterdam,52.345458984375,4.891153335571289,10.0,TRUE,14,11,1,2025-11-01 16:00:00.000000
1310065119,2025-07-15T17:18:59.265Z,Tutoring,de,54424,Thalfang,49.75700378417969,6.993972301483154,14.0,TRUE,87,18,5,2026-03-25 15:15:00.000000
3129591419,2025-07-15T14:36:21.230Z,Tutoring,nl,9713AD,Groningen,53.21978759765625,6.579666614532471,7.0,FALSE,26,10,3,2026-01-28 16:00:00.000000
2781632737,2025-07-15T13:48:12.686Z,Tutoring,nl,6216PH,Maastricht,50.8443603515625,5.659255027770996,8.0,TRUE,9,14,1,2026-02-22 09:00:00.000000
707133473,2025-07-14T18:22:21.773Z,Tutoring,nl,5623GC,Eindhoven,51.46457290649414,5.479604721069336,12.0,FALSE,29,5,6,2026-02-25 17:30:00.000000
4000977403,2025-07-14T10:34:53.696Z,Tutoring,de,13347,Berlin,52.54349136352539,13.37531566619873,8.0,FALSE,12,7,2,2026-03-24 15:00:00.000000
165414262,2025-07-14T09:57:07.385Z,Tutoring,nl,6964CA,Hall,52.11484146118164,6.093058109283447,15.0,FALSE,46,8,6,2026-03-03 15:00:00.000000
1351945675,2025-07-13T17:50:05.385Z,Active,de,13159,Berlin,52.60356903076172,13.413484573364258,9.0,TRUE,0,0,0,1900-01-01 00:00:00.000005
3368359759,2025-07-12T20:46:32.363Z,Tutoring,nl,8091AV,Wezep,52.45114517211914,5.999462604522705,15.0,FALSE,31,14,2,2026-03-04 19:00:00.000000
1478252435,2025-07-12T16:26:45.358Z,Tutoring,nl,3739NC,Renkum,52.17850875854492,5.167291641235352,20.0,FALSE,22,4,6,2026-02-02 14:00:00.000000
924720862,2025-07-11T16:05:41.072Z,Tutoring,nl,4614ES,Bergen op Zoom,51.50783157348633,4.295031547546387,7.0,FALSE,27,2,14,2026-02-26 18:00:00.000000
1559980231,2025-07-11T11:52:59.295Z,Chatting,nl,2342CC,Oegstgeest,52.17530822753906,4.454095840454102,6.0,TRUE,0,2,0,1900-01-01 00:00:00.000005
811299083,2025-07-11T05:47:59.242Z,Chatting,de,31515,Wunstorf,52.42536544799805,9.421598434448242,5.0,TRUE,0,2,0,1900-01-01 00:00:00.000005
4233098865,2025-07-10T19:18:41.515Z,Chatting,nl,1768 BD,Barsingerhorn,52.785003662109375,4.84401273727417,10.0,TRUE,0,1,0,1900-01-01 00:00:00.000005
3318294688,2025-07-10T11:00:45.303Z,Active,de,48291,Telgte,52.03142166137695,7.757065773010254,15.0,TRUE,0,0,0,1900-01-01 00:00:00.000005
1132448689,2025-07-10T10:09:50.837Z,Chatting,nl,2625TD,Delft,51.99370193481445,4.339011192321777,7.0,TRUE,0,2,0,1900-01-01 00:00:00.000005
3566693892,2025-07-09T21:05:18.277Z,Chatting,nl,2516HM,'s-Gravenhage,52.066375732421875,4.329854965209961,6.0,TRUE,0,2,0,1900-01-01 00:00:00.000005
1907991802,2025-07-09T18:13:57.061Z,Active,nl,6471BB,Eygelshoven,50.88983917236328,6.063570976257324,7.0,TRUE,0,0,0,1900-01-01 00:00:00.000005
3315557238,2025-07-09T15:01:48.727Z,Active,nl,9725CM,Groningen,53.20841979980469,6.567991256713867,7.0,TRUE,0,0,0,1900-01-01 00:00:00.000005
3178388556,2025-07-09T13:13:40.236Z,Tutoring,nl,9934EE,Delfzijl,53.32986068725586,6.917924404144287,3.5,FALSE,72,20,4,2026-05-04 14:00:00.000000
3778434993,2025-07-08T15:37:17.112Z,Tutoring,de,15732,Eichwalde,52.36915588378906,13.628691673278809,20.0,FALSE,10,4,3,2026-03-19 14:45:00.000000
3078323915,2025-07-08T10:46:16.418Z,Tutoring,nl,5571WC,Bergeijk,51.32353973388672,5.343705654144287,10.0,FALSE,54,6,9,2026-03-31 17:00:00.000000
138722589,2025-07-08T10:00:12.252Z,Active,nl,1336CE,Almere,52.40612030029297,5.314990520477295,20.0,TRUE,0,0,0,1900-01-01 00:00:00.000005
107298176,2025-07-08T09:26:48.658Z,Active,nl,2521AZ,'s-Gravenhage,52.06110763549805,4.314155578613281,7.0,TRUE,0,0,0,1900-01-01 00:00:00.000005
1214449585,2025-07-07T17:45:17.956Z,Tutoring,nl,2718ha,Zoetermeer,52.03828430175781,4.48956298828125,8.0,FALSE,28,3,9,2026-03-08 12:00:00.000000
2879735683,2025-07-07T15:26:31.177Z,Tutoring,nl,6217HB,Maastricht,50.85509490966797,5.671771049499512,7.0,FALSE,2,4,1,2026-01-17 10:30:00.000000
1573249986,2025-07-07T15:02:07.922Z,Tutoring,nl,2353 TK,Leiderdorp,52.16240692138672,4.531337261199951,20.0,FALSE,17,9,2,2026-02-16 16:00:00.000000
1367821243,2025-07-07T13:30:45.831Z,Introducing,nl,5156AL,Oudheusden,51.724891662597656,5.1415886878967285,20.0,TRUE,0,9,0,1900-01-01 00:00:00.000005
274655519,2025-07-07T12:36:12.966Z,Tutoring,nl,6219NP,Maastricht,50.86359405517578,5.672615051269531,10.0,TRUE,39,24,2,2026-02-10 18:00:00.000000
3416043108,2025-07-07T12:02:50.378Z,Tutoring,nl,2721LN,Zoetermeer,52.054100036621094,4.534885406494141,17.0,FALSE,49,12,4,2026-03-03 18:00:00.000000
2442359374,2025-07-07T11:28:05.416Z,Chatting,de,44793,Bochum,51.47575759887695,7.207328796386719,12.0,TRUE,0,1,0,1900-01-01 00:00:00.000005
2723885441,2025-07-07T09:39:24.027Z,Tutoring,de,52146,Würselen,50.82979202270508,6.120079040527344,10.0,FALSE,20,2,10,2026-01-06 16:15:00.000000
2435403781,2025-07-07T09:30:09.877Z,Chatting,de,38102,Braunschweig,52.26130294799805,10.542421340942383,8.0,TRUE,0,1,0,1900-01-01 00:00:00.000005
1762586994,2025-07-07T08:29:21.907Z,Introducing,de,52064,Aachen,50.77040481567383,6.091914176940918,3.5,TRUE,0,1,0,1900-01-01 00:00:00.000005
2098589590,2025-07-07T07:24:12.990Z,Chatting,de,69117,Heidelberg,49.40979766845703,8.702985763549805,20.0,TRUE,0,1,0,1900-01-01 00:00:00.000005
3068785798,2025-07-07T06:53:31.729Z,Tutoring,nl,2353TK,Leiderdorp,52.162296295166016,4.531748294830322,7.0,FALSE,76,6,13,2026-05-25 16:00:00.000000
2460153449,2025-07-07T05:25:35.324Z,Tutoring,nl,1422PA,Uithoorn,52.25025939941406,4.8134660720825195,10.0,FALSE,61,21,3,2026-03-20 15:00:00.000000
1793003301,2025-07-06T20:55:34.540Z,Tutoring,nl,1422WN,Uithoorn,52.25026321411133,4.8085713386535645,20.0,FALSE,72,26,3,2026-04-05 10:00:00.000000
163124334,2025-07-06T17:51:12.704Z,Introducing,nl,3206HL,Spijkenisse,51.82673645019531,4.327676296234131,4.0,TRUE,0,2,0,1900-01-01 00:00:00.000005
3116663823,2025-07-06T16:39:06.238Z,Tutoring,de,95326,Kulmbach,50.092533111572266,11.442547798156738,20.0,FALSE,2,1,2,2025-10-22 14:00:00.000000
4076445626,2025-07-06T15:52:30.622Z,Active,nl,9244 CJ,Beetsterzwaag,53.05866241455078,6.088932037353516,7.0,TRUE,0,0,0,1900-01-01 00:00:00.000005
3113162493,2025-07-06T13:49:31.426Z,Chatting,nl,3514XK,Utrecht,52.10008239746094,5.123086929321289,7.0,TRUE,0,1,0,1900-01-01 00:00:00.000005
2429174896,2025-07-06T11:37:37.264Z,Tutoring,nl,6536HJ,Nijmegen,51.79813003540039,5.809045314788818,12.0,FALSE,59,7,8,2026-03-06 14:00:00.000000
2184410840,2025-07-06T08:50:26.732Z,Introducing,de,09337,Callenberg,50.83533477783203,12.726999282836914,20.0,TRUE,0,3,0,1900-01-01 00:00:00.000005
834140914,2025-07-05T15:45:39.826Z,Tutoring,de,63875,Mespelbrunn,49.917884826660156,9.288932800292969,20.0,TRUE,63,20,3,2026-05-14 16:00:00.000000
3028794001,2025-07-05T14:06:51.934Z,Tutoring,de,53119,Bonn,50.749752044677734,7.056471824645996,10.0,FALSE,1,4,0,2025-11-27 14:30:00.000000
2933507853,2025-07-04T13:36:03.031Z,Chatting,nl,1083vx,Amsterdam,52.330631256103516,4.882971286773682,10.0,TRUE,0,2,0,1900-01-01 00:00:00.000005
874324205,2025-07-04T10:31:16.402Z,Chatting,de,70176,Stuttgart,48.77975082397461,9.159364700317383,10.0,TRUE,0,1,0,1900-01-01 00:00:00.000005
1743234348,2025-07-04T09:47:58.630Z,Tutoring,nl,5237KK,'s-Hertogenbosch,51.73168182373047,5.291443824768066,10.0,FALSE,73,9,8,2026-03-29 09:00:00.000000
2784292921,2025-07-03T20:15:56.858Z,Tutoring,nl,2545GM,'s-Gravenhage,52.04715347290039,4.277678489685059,5.0,FALSE,57,10,6,2026-04-12 16:00:00.000000
1311706459,2025-07-03T17:24:09.369Z,Tutoring,nl,9431cm,Westerbork,52.853248596191406,6.6049394607543945,20.0,FALSE,31,12,3,2026-03-24 14:00:00.000000
2280291284,2025-07-03T15:18:07.188Z,Chatting,de,42897,Remscheid,51.19624710083008,7.253195285797119,15.0,TRUE,0,6,0,1900-01-01 00:00:00.000005
1073702154,2025-07-03T14:49:42.399Z,Tutoring,nl,3035kg,Rotterdam,51.93314743041992,4.4858078956604,7.0,FALSE,7,5,1,2025-07-21 08:00:00.000000
469680552,2025-07-03T13:32:35.602Z,Active,nl,4388BB,Oost-Souburg,51.46468734741211,3.6015329360961914,20.0,TRUE,0,0,0,1900-01-01 00:00:00.000005
2454554644,2025-07-03T12:47:43.958Z,Tutoring,nl,7522ZA,Enschede,52.251712799072266,6.851313591003418,3.5,FALSE,24,11,2,2026-02-23 19:00:00.000000
3219239590,2025-07-02T16:19:03.791Z,Introducing,nl,1018ES,Amsterdam,52.361061096191406,4.904543876647949,3.5,TRUE,0,9,0,1900-01-01 00:00:00.000005
3864739556,2025-07-02T12:58:48.406Z,Active,nl,1566LC,Assendelft,52.471641540527344,4.751174449920654,10.0,TRUE,0,0,0,1900-01-01 00:00:00.000005
1379289194,2025-07-02T11:48:05.701Z,Tutoring,de,38106,Braunschweig,52.279296875,10.524264335632324,8.0,FALSE,51,5,10,2026-02-25 14:00:00.000000
196547181,2025-07-02T09:45:54.291Z,Introducing,nl,1035SE,Amsterdam,52.420623779296875,4.9045562744140625,7.0,TRUE,0,6,0,1900-01-01 00:00:00.000005
2143764902,2025-07-02T08:55:27.457Z,Introducing,de,52074,Aachen,50.76773452758789,6.042311191558838,10.0,TRUE,0,1,0,1900-01-01 00:00:00.000005
1528621924,2025-07-01T18:25:36.251Z,Tutoring,nl,2721ax,Zoetermeer,52.062843322753906,4.546142101287842,10.0,TRUE,22,12,2,2026-02-21 09:00:00.000000
998440109,2025-07-01T13:45:11.592Z,Introducing,de,40591,Düsseldorf,51.18170166015625,6.808433532714844,7.0,TRUE,0,4,0,1900-01-01 00:00:00.000005
132271823,2025-07-01T08:51:11.523Z,Tutoring,de,44805,Bochum,51.52218246459961,7.2805094718933105,20.0,TRUE,12,11,1,2026-01-14 15:00:00.000000
3360347199,2025-07-01T06:20:04.633Z,Tutoring,nl,6658XS,Beneden-Leeuwen,51.87571716308594,5.5143866539001465,10.0,FALSE,20,8,3,2026-03-05 18:00:00.000000
1738906367,2025-06-30T13:59:35.271Z,Tutoring,nl,3076WK,Rotterdam,51.87284851074219,4.528231620788574,15.0,FALSE,24,11,2,2026-02-23 11:30:00.000000
833520584,2025-06-30T08:57:49.167Z,Tutoring,de,48366,Laer,52.052024841308594,7.350435256958008,20.0,TRUE,15,11,1,2026-02-20 16:45:00.000000
3735238399,2025-06-30T08:32:42.380Z,Active,de,45897,Gelsenkirchen,51.57054138183594,7.044571399688721,20.0,TRUE,0,0,0,1900-01-01 00:00:00.000005
1037092116,2025-06-30T08:25:26.667Z,Introducing,de,35428,Langgöns,50.491966247558594,8.663309097290039,20.0,TRUE,0,1,0,1900-01-01 00:00:00.000005
1800436651,2025-06-30T00:12:41.681Z,Chatting,de,60598,Frankfurt am Main,50.09373092651367,8.690384864807129,20.0,TRUE,0,1,0,1900-01-01 00:00:00.000005
373456304,2025-06-29T21:48:40.052Z,Chatting,nl,3023 KE,Rotterdam,51.91510009765625,4.451467514038086,7.0,TRUE,0,2,0,1900-01-01 00:00:00.000005
2270500828,2025-06-29T21:15:28.659Z,Introducing,de,42657,Solingen,51.161006927490234,7.059604167938232,7.0,TRUE,0,6,0,1900-01-01 00:00:00.000005
551589039,2025-06-29T20:26:03.223Z,Active,nl,4881 VG,Zundert,51.470298767089844,4.655378818511963,9.0,TRUE,0,0,0,1900-01-01 00:00:00.000005
600885039,2025-06-29T19:32:36.719Z,Tutoring,nl,1341EB ,Almere,52.35764694213867,5.287952423095703,6.0,FALSE,63,10,6,2026-02-18 17:30:00.000000
2731910106,2025-06-29T13:43:58.911Z,Tutoring,nl,5654JA,Eindhoven,51.41750717163086,5.457766532897949,3.5,FALSE,3,7,0,2025-09-20 10:00:00.000000
3793005134,2025-06-29T08:20:29.371Z,Tutoring,nl,1095KX,Amsterdam,52.369651794433594,4.965259552001953,10.0,FALSE,124,25,5,2026-03-31 17:00:00.000000
206443469,2025-06-28T16:11:11.064Z,Introducing,nl,5688RE,Oirschot,51.50801467895508,5.322402477264404,20.0,TRUE,0,7,0,1900-01-01 00:00:00.000005
3424911352,2025-06-28T08:51:00.258Z,Active,de,47057,Duisburg,51.417903900146484,6.779139041900635,15.0,TRUE,0,0,0,1900-01-01 00:00:00.000005
2006115898,2025-06-27T21:52:26.672Z,Introducing,de,70569,Stuttgart,48.74474334716797,9.101516723632812,10.0,TRUE,0,2,0,1900-01-01 00:00:00.000005
289982694,2025-06-27T18:55:14.663Z,Active,de,10365,Berlin,52.51432418823242,13.499967575073242,10.0,TRUE,0,0,0,1900-01-01 00:00:00.000005
4231979688,2025-06-26T17:43:01.189Z,Tutoring,nl,4823ME,Breda,51.621192932128906,4.729894161224365,8.0,FALSE,5,3,2,2026-01-25 15:00:00.000000
926943733,2025-06-25T19:10:40.250Z,Introducing,nl,2545SV,'s-Gravenhage,52.04772186279297,4.272748947143555,3.5,TRUE,0,1,0,1900-01-01 00:00:00.000005
4063810872,2025-06-25T18:31:42.077Z,Introducing,nl,1321 KT,Almere,52.35405731201172,5.183197498321533,5.0,TRUE,0,5,0,1900-01-01 00:00:00.000005
4186570645,2025-06-25T15:40:12.931Z,Tutoring,nl,1096 GB,Amsterdam,52.33949661254883,4.915431499481201,7.0,FALSE,69,11,6,2026-02-27 16:00:00.000000
2947331153,2025-06-25T09:39:12.858Z,Chatting,de,33604,Bielefeld,52.011985778808594,8.545583724975586,15.0,TRUE,0,1,0,1900-01-01 00:00:00.000005
3336686186,2025-06-24T14:45:17.146Z,Introducing,nl,6211PP,Maastricht,50.85085678100586,5.679479598999023,7.0,TRUE,0,1,0,1900-01-01 00:00:00.000005
2337374586,2025-06-24T13:55:27.228Z,Chatting,de,70499,Stuttgart,48.80741500854492,9.088726997375488,9.0,TRUE,0,1,0,1900-01-01 00:00:00.000005
4236051473,2025-06-24T13:50:26.964Z,Tutoring,nl,3572EA,Utrecht,52.09604263305664,5.129748344421387,8.0,FALSE,31,9,3,2026-02-05 15:00:00.000000
1449981113,2025-06-24T13:23:45.209Z,Chatting,nl,3991XT,Houten,52.01498031616211,5.1670002937316895,12.0,TRUE,0,2,0,1900-01-01 00:00:00.000005
1142887930,2025-06-24T10:33:27.205Z,Tutoring,nl,8043 TX,Zwolle,52.53829574584961,6.03548526763916,7.0,FALSE,61,16,4,2026-03-03 12:00:00.000000
1696297144,2025-06-24T10:20:19.418Z,Tutoring,nl,3583JS,Utrecht,52.09115219116211,5.143454551696777,5.0,FALSE,5,4,1,2025-10-14 15:15:00.000000
10633431,2025-06-23T07:44:44.680Z,Active,de,04315,Leipzig,51.34846496582031,12.40156364440918,20.0,TRUE,0,0,0,1900-01-01 00:00:00.000005
1992184677,2025-06-22T15:56:38.826Z,Tutoring,nl,3319SB,Dordrecht,51.790828704833984,4.698366165161133,4.0,FALSE,189,40,5,2026-03-31 16:00:00.000000
966181262,2025-06-22T15:22:41.664Z,Chatting,de,21073,Hamburg,53.460140228271484,9.979164123535156,20.0,TRUE,0,2,0,1900-01-01 00:00:00.000005
2691558461,2025-06-22T12:45:34.261Z,Tutoring,nl,3354bb,Papendrecht,51.82962417602539,4.697131156921387,5.0,FALSE,1,7,0,2025-07-06 14:00:00.000000
4147904006,2025-06-21T05:37:53.259Z,Active,de,22119,Hamburg,53.56098556518555,10.128487586975098,15.0,TRUE,0,0,0,1900-01-01 00:00:00.000005
1220343611,2025-06-20T15:10:31.193Z,Chatting,nl,2023XL,Delft,52.391883850097656,4.628325939178467,10.0,TRUE,0,2,0,1900-01-01 00:00:00.000005
1561895681,2025-06-20T14:34:46.444Z,Tutoring,nl,7031 XA,Wehl,51.958168029785156,6.203351974487305,20.0,TRUE,7,11,1,2026-02-04 14:00:00.000000
628888541,2025-06-20T12:27:56.944Z,Chatting,de,38114,Braunschweig,52.2749137878418,10.51945972442627,12.0,TRUE,0,1,0,1900-01-01 00:00:00.000005
3645949535,2025-06-20T10:16:05.931Z,Active,de,84405,Dorfen,48.27445983886719,12.128097534179688,15.0,TRUE,0,0,0,1900-01-01 00:00:00.000005
1976057462,2025-06-20T07:20:52.932Z,Chatting,de,30165,Hannover,52.40395736694336,9.713123321533203,20.0,TRUE,0,2,0,1900-01-01 00:00:00.000005
2615968183,2025-06-19T21:03:45.147Z,Tutoring,de,30916,Isernhagen,52.430381774902344,9.849440574645996,13.0,FALSE,4,3,1,2025-08-12 08:45:00.000000
1102555007,2025-06-19T18:43:04.643Z,Introducing,nl,3034WH,Rotterdam,51.930606842041016,4.487926006317139,5.0,TRUE,0,2,0,1900-01-01 00:00:00.000005
1516524868,2025-06-19T16:47:09.248Z,Chatting,de,10627,Berlin,52.50999069213867,13.309807777404785,7.0,TRUE,0,1,0,1900-01-01 00:00:00.000005
3250019045,2025-06-19T10:40:33.679Z,Tutoring,nl,1054BT,Amsterdam,52.363285064697266,4.875215530395508,5.0,FALSE,78,10,8,2026-02-19 14:30:00.000000
423142569,2025-06-19T07:37:22.152Z,Chatting,nl,9742 XD,Groningen,53.22743606567383,6.5417799949646,5.0,TRUE,0,1,0,1900-01-01 00:00:00.000005
3975391214,2025-06-18T10:13:24.928Z,Tutoring,de,67271,Kindenheim,49.611480712890625,8.166339874267578,15.0,TRUE,2,4,1,2025-10-31 16:00:00.000000
2669086925,2025-06-18T09:09:59.314Z,Tutoring,de,01705,Freital,51.013648986816406,13.663250923156738,20.0,FALSE,5,3,2,2025-12-02 15:00:00.000000
994017142,2025-06-18T07:19:48.369Z,Introducing,de,33609,Bielefeld,52.05198669433594,8.592117309570312,10.0,TRUE,0,1,0,1900-01-01 00:00:00.000005
3807040761,2025-06-18T00:42:06.271Z,Chatting,nl,6716CG,Ede,52.02262878417969,5.6420817375183105,5.0,TRUE,0,1,0,1900-01-01 00:00:00.000005
2425552057,2025-06-17T20:34:56.110Z,Tutoring,nl,7335ah,Apeldoorn,52.2039680480957,5.957343101501465,15.0,TRUE,4,1,4,2025-11-01 14:00:00.000000
1414633213,2025-06-17T20:14:14.362Z,Tutoring,nl,8032 EP,Zwolle,52.52993392944336,6.096197128295898,7.0,TRUE,11,11,1,2025-11-05 15:00:00.000000
1457566363,2025-06-17T18:29:42.109Z,Chatting,nl,1326AK,Almere,52.375518798828125,5.240684986114502,5.0,TRUE,0,1,0,1900-01-01 00:00:00.000005
801955073,2025-06-17T17:54:31.396Z,Tutoring,nl,1827ND,Alkmaar,52.66606140136719,4.772864818572998,7.0,FALSE,36,17,2,2026-02-19 14:00:00.000000
51937648,2025-06-17T17:34:03.858Z,Introducing,nl,1628ZA,Hoorn,52.65203857421875,5.114223003387451,7.0,TRUE,0,3,0,1900-01-01 00:00:00.000005
1508629793,2025-06-17T16:27:03.267Z,Tutoring,nl,9714GR,Groningen,53.23020553588867,6.57354211807251,5.0,FALSE,4,6,1,2025-09-29 18:00:00.000000
2618531052,2025-06-17T14:54:54.281Z,Tutoring,nl,1066KC,Amsterdam,52.349334716796875,4.81992769241333,4.0,TRUE,8,1,8,2025-11-24 14:00:00.000000
1296137094,2025-06-17T13:20:39.268Z,Introducing,nl,2314EN,Leiden,52.156394958496094,4.520279407501221,7.0,TRUE,0,2,0,1900-01-01 00:00:00.000005
211579042,2025-06-17T13:06:54.098Z,Chatting,nl,6525CD,Nijmegen,51.823974609375,5.874902725219727,7.0,TRUE,0,1,0,1900-01-01 00:00:00.000005
3784118708,2025-06-17T12:51:40.424Z,Tutoring,nl,2133HW,Hoofddorp,52.31569290161133,4.66978120803833,7.0,TRUE,13,8,2,2025-11-18 18:00:00.000000
3455108987,2025-06-17T11:42:29.581Z,Tutoring,de,90431,Nürnberg,49.45484161376953,11.019341468811035,20.0,FALSE,39,15,3,2026-02-22 10:00:00.000000
361918701,2025-06-17T11:40:19.528Z,Tutoring,de,70771,Leinfelden-Echterdingen,48.694129943847656,9.133182525634766,10.0,TRUE,14,13,1,2026-01-17 09:00:00.000000
4005177923,2025-06-17T09:51:53.233Z,Tutoring,nl,3072NE,Rotterdam,51.902198791503906,4.494779586791992,7.0,TRUE,26,16,2,2026-02-25 16:00:00.000000
305735895,2025-06-17T06:51:12.524Z,Tutoring,de,47169,Duisburg,51.516727447509766,6.746524810791016,15.0,TRUE,4,2,2,2025-06-30 11:00:00.000000
2981242149,2025-06-17T06:42:07.066Z,Active,de,22175,Hamburg,53.61826705932617,10.085455894470215,5.0,TRUE,0,0,0,1900-01-01 00:00:00.000005
692094178,2025-06-16T21:17:59.324Z,Tutoring,nl,7553AZ,Hengelo,52.256893157958984,6.783432483673096,10.0,FALSE,23,6,4,2026-02-18 13:00:00.000000
3372409708,2025-06-16T20:02:20.487Z,Tutoring,nl,5629MB,Eindhoven,51.485694885253906,5.472706317901611,3.5,FALSE,5,4,1,2026-03-01 14:30:00.000000
467225206,2025-06-16T17:08:30.824Z,Active,nl,2597 VP,'s-Gravenhage,52.094268798828125,4.333232402801514,8.899999618530273,TRUE,0,0,0,1900-01-01 00:00:00.000005
1875001874,2025-06-16T16:08:57.202Z,Tutoring,nl,2291VE,Wateringen,52.020713806152344,4.279295921325684,6.0,TRUE,1,3,0,2025-07-01 14:30:00.000000
3703108072,2025-06-16T15:58:08.129Z,Introducing,de,22765,Hamburg,53.550941467285156,9.936583518981934,4.0,TRUE,0,3,0,1900-01-01 00:00:00.000005
826099161,2025-06-16T15:46:59.326Z,Tutoring,nl,1336MR,Almere,52.400428771972656,5.327369213104248,10.0,FALSE,31,4,8,2025-11-22 08:00:00.000000
359969883,2025-06-16T14:51:39.785Z,Active,nl,6813 HA,Arnhem,51.996280670166016,5.875880241394043,6.0,TRUE,0,0,0,1900-01-01 00:00:00.000005
453912258,2025-06-16T12:03:42.357Z,Chatting,nl,7325EX,Apeldoorn,52.217994689941406,6.011853218078613,10.0,TRUE,0,2,0,1900-01-01 00:00:00.000005
1984179198,2025-06-16T09:06:07.973Z,Tutoring,nl,3825RA,Amersfoort,52.194461822509766,5.411649703979492,7.0,FALSE,1,9,0,2025-09-26 15:30:00.000000
3981642978,2025-06-16T09:06:04.235Z,Tutoring,de,01219,Dresden,51.032527923583984,13.752138137817383,10.0,FALSE,15,4,4,2025-10-01 14:00:00.000000
2409396665,2025-06-15T18:43:30.394Z,Tutoring,nl,9781AP,Bedum,53.29794692993164,6.592210292816162,13.0,FALSE,23,10,2,2026-03-04 18:00:00.000000
1328122404,2025-06-15T18:21:20.324Z,Active,de,33378,Rheda-Wiedenbrück,51.83985900878906,8.301790237426758,20.0,TRUE,0,0,0,1900-01-01 00:00:00.000005
1426821818,2025-06-15T11:13:15.240Z,Chatting,de,81369,München,48.11259078979492,11.529522895812988,8.0,TRUE,0,3,0,1900-01-01 00:00:00.000005
1658730357,2025-06-15T09:15:44.387Z,Chatting,nl,2982CH,Ridderkerk,51.87508773803711,4.584647178649902,5.0,TRUE,0,2,0,1900-01-01 00:00:00.000005
1036083762,2025-06-14T18:02:30.339Z,Tutoring,de,12683,Berlin,52.50282669067383,13.563392639160156,15.0,FALSE,139,26,5,2026-03-25 16:45:00.000000
3808843012,2025-06-14T15:08:43.376Z,Tutoring,nl,7544CG,Enschede,52.19301223754883,6.8696064949035645,15.0,FALSE,19,7,3,2026-01-07 18:00:00.000000
2085680072,2025-06-14T12:51:20.466Z,Tutoring,de,10715,Berlin,52.4866943359375,13.333429336547852,10.0,TRUE,14,11,1,2026-02-24 17:15:00.000000
1712450311,2025-06-13T15:48:08.281Z,Active,nl,8043RX,Zwolle,52.53529739379883,6.04380464553833,3.5,TRUE,0,0,0,1900-01-01 00:00:00.000005
2265697163,2025-06-13T14:11:50.987Z,Tutoring,de,66333,Völklingen,49.252445220947266,6.88157320022583,4.0,TRUE,32,19,2,2026-02-21 10:00:00.000000
2657230963,2025-06-13T14:09:55.623Z,Tutoring,nl,6211BJ,Maastricht,50.85393142700195,5.693124294281006,7.0,FALSE,33,4,8,2026-02-24 15:00:00.000000
3817934723,2025-06-13T13:33:52.671Z,Tutoring,nl,1187 WX,Amstelveen,52.27471160888672,4.822046756744385,8.0,FALSE,71,14,5,2026-02-24 17:30:00.000000
65931640,2025-06-13T12:44:29.432Z,Tutoring,nl,2613WN,Delft,52.011898040771484,4.344732761383057,4.0,FALSE,37,4,9,2026-03-02 17:00:00.000000
3760265298,2025-06-13T10:13:44.442Z,Tutoring,nl,3311LM,Dordrecht,51.810279846191406,4.670364856719971,3.5,TRUE,20,12,2,2026-04-08 17:00:00.000000
890127528,2025-06-12T18:56:06.316Z,Active,nl,2252BR,Voorschoten,52.12089538574219,4.4369730949401855,10.0,TRUE,0,0,0,1900-01-01 00:00:00.000005
2763048650,2025-06-12T14:05:16.599Z,Chatting,de,44137,Dortmund,51.51137161254883,7.445886611938477,16.0,TRUE,0,7,0,1900-01-01 00:00:00.000005
2180439437,2025-06-11T18:58:24.205Z,Active,nl,9712TB,Groningen,53.220767974853516,6.55758810043335,20.0,TRUE,0,0,0,1900-01-01 00:00:00.000005
329343650,2025-06-11T16:35:18.310Z,Tutoring,nl,9715ET,Groningen,53.22966384887695,6.562676906585693,5.0,FALSE,59,21,3,2026-03-04 18:00:00.000000
3683836290,2025-06-11T14:42:42.511Z,Active,de,47166,Duisburg,51.50173568725586,6.769990921020508,7.0,TRUE,0,0,0,1900-01-01 00:00:00.000005
1712994607,2025-06-11T13:33:04.771Z,Tutoring,nl,5451am,Mill,51.68471145629883,5.781930923461914,15.0,FALSE,31,8,4,2026-02-27 16:00:00.000000
2148790709,2025-06-11T09:08:31.436Z,Tutoring,nl,5629CT,Eindhoven,51.494163513183594,5.4571685791015625,15.0,FALSE,52,19,3,2026-02-03 13:30:00.000000
113524998,2025-06-10T17:15:35.859Z,Introducing,nl,3111AD,Schiedam,51.90961837768555,4.40552282333374,6.0,TRUE,0,2,0,1900-01-01 00:00:00.000005
2088581558,2025-06-10T13:53:04.422Z,Tutoring,nl,3531SE,Utrecht,52.0919075012207,5.094714164733887,7.0,FALSE,2,4,1,2025-07-01 17:00:00.000000
2640374927,2025-06-10T13:42:17.002Z,Active,nl,9741KJ,Groningen,53.23729705810547,6.54993200302124,5.0,TRUE,0,0,0,1900-01-01 00:00:00.000005
3263092258,2025-06-10T10:36:40.902Z,Chatting,nl,3816LV,Amersfoort,52.14820098876953,5.4030375480651855,7.0,TRUE,0,2,0,1900-01-01 00:00:00.000005
2619906506,2025-06-10T09:29:08.751Z,Chatting,de,33334,Gütersloh,51.89598846435547,8.357078552246094,5.0,TRUE,0,1,0,1900-01-01 00:00:00.000005
2323563800,2025-06-09T13:52:34.154Z,Tutoring,nl,9725ET,Groningen,53.20766067504883,6.564579486846924,7.0,FALSE,43,12,4,2026-02-23 16:00:00.000000
921025485,2025-06-09T11:49:22.385Z,Tutoring,nl,2587 he,'s-Gravenhage,52.111568450927734,4.286843776702881,8.0,TRUE,21,15,1,2026-02-26 18:00:00.000000
1864950702,2025-06-08T17:17:02.442Z,Active,de,42277,Wuppertal,51.2857551574707,7.234276294708252,9.0,TRUE,0,0,0,1900-01-01 00:00:00.000005
1954660417,2025-06-07T13:22:30.175Z,Tutoring,de,33689,Bielefeld,51.950889587402344,8.59984016418457,5.0,FALSE,18,5,4,2026-02-28 16:00:00.000000
3243160576,2025-06-07T11:14:54.108Z,Introducing,nl,9712HM,Groningen,53.221221923828125,6.565672874450684,7.0,TRUE,0,8,0,1900-01-01 00:00:00.000005
3532965188,2025-06-07T08:19:29.330Z,Tutoring,nl,3012 AS,Rotterdam,51.922122955322266,4.477219104766846,7.0,FALSE,70,25,3,2026-03-06 14:30:00.000000
1802627330,2025-06-07T06:58:32.928Z,Tutoring,de,04317,Leipzig,51.33071517944336,12.398757934570312,15.0,FALSE,57,18,3,2026-03-31 14:30:00.000000
1221287994,2025-06-06T17:22:30.646Z,Chatting,nl,9766 PN,Eelderwolde,53.18269348144531,6.534778594970703,7.0,TRUE,0,3,0,1900-01-01 00:00:00.000005
1037925126,2025-06-06T09:48:05.797Z,Tutoring,nl,1095GK,Amsterdam,52.36104202270508,4.94498872756958,8.0,FALSE,19,3,6,2026-01-27 16:30:00.000000
2023359724,2025-06-06T09:41:57.544Z,Tutoring,nl,3315JJ,Dordrecht,51.80472183227539,4.722817420959473,5.0,FALSE,6,1,6,2025-07-08 14:00:00.000000
3068807896,2025-06-06T09:26:37.094Z,Introducing,nl,6921 SH,Duiven,51.95090103149414,6.035645008087158,7.0,TRUE,0,9,0,1900-01-01 00:00:00.000005
3272267636,2025-06-06T08:45:46.067Z,Introducing,de,28325,Bremen,53.07637405395508,8.952133178710938,10.0,TRUE,0,1,0,1900-01-01 00:00:00.000005
2676112650,2025-06-05T20:21:24.570Z,Active,de,58095,Hagen,51.35711669921875,7.4812541007995605,5.0,TRUE,0,0,0,1900-01-01 00:00:00.000005
781908212,2025-06-05T17:44:23.337Z,Tutoring,nl,5653 NP,Eindhoven,51.42095947265625,5.441860198974609,10.0,FALSE,24,7,3,2026-02-16 14:00:00.000000
2326637945,2025-06-04T21:20:42.243Z,Tutoring,de,80333,München,48.150184631347656,11.563356399536133,8.0,FALSE,42,13,3,2026-01-28 17:00:00.000000
2859267418,2025-06-04T18:47:48.981Z,Tutoring,nl,1551AD,Westzaan,52.46302795410156,4.772369861602783,7.0,TRUE,23,14,2,2026-02-16 14:30:00.000000
1331418549,2025-06-04T12:43:32.187Z,Tutoring,nl,6546EK,Nijmegen,51.83377456665039,5.79349422454834,10.0,FALSE,43,17,3,2026-03-26 14:30:00.000000
1132369925,2025-06-03T18:28:31.191Z,Tutoring,nl,9725CE,Groningen,53.209259033203125,6.570138931274414,5.0,FALSE,7,2,4,2025-06-18 08:00:00.000000
2615029291,2025-06-03T18:04:48.110Z,Tutoring,nl,1097JR,Amsterdam,52.34950256347656,4.9222002029418945,7.0,FALSE,28,10,3,2026-01-17 11:00:00.000000
258903056,2025-06-03T14:10:03.882Z,Introducing,de,42103,Wuppertal,51.257442474365234,7.1587677001953125,7.0,TRUE,0,4,0,1900-01-01 00:00:00.000005
72449343,2025-06-03T12:20:48.559Z,Active,nl,6521 HV,Nijmegen,51.84223556518555,5.870907783508301,7.0,TRUE,0,0,0,1900-01-01 00:00:00.000005
4200166480,2025-06-03T09:24:41.223Z,Tutoring,nl,5296LP,Esch,51.6148567199707,5.295382499694824,7.0,TRUE,21,12,2,2026-02-27 15:45:00.000000
1880846614,2025-06-02T19:56:07.921Z,Tutoring,nl,3231CB,Brielle,51.907135009765625,4.165600776672363,12.0,FALSE,56,22,3,2026-03-01 14:45:00.000000
2744093709,2025-06-02T18:23:23.126Z,Chatting,nl,6721AE,Bennekom,52.001182556152344,5.687355995178223,5.0,TRUE,0,1,0,1900-01-01 00:00:00.000005
3797646214,2025-06-02T13:48:09.728Z,Tutoring,nl,3524KV,Utrecht,52.057884216308594,5.138434886932373,10.0,TRUE,19,15,1,2026-03-18 13:00:00.000000
834403377,2025-06-02T08:20:30.930Z,Active,de,44879,Bochum,51.432472229003906,7.183871269226074,4.0,TRUE,0,0,0,1900-01-01 00:00:00.000005
2228460964,2025-06-02T06:58:21.497Z,Tutoring,nl,4811 ES,Breda,51.591514587402344,4.784297466278076,7.0,FALSE,7,3,2,2025-06-22 13:00:00.000000
2316741573,2025-06-02T06:18:51.851Z,Chatting,de,28237,Bremen,53.11147689819336,8.766488075256348,10.0,TRUE,0,2,0,1900-01-01 00:00:00.000005
2467813349,2025-06-01T19:26:52.858Z,Tutoring,nl,3012JG,Rotterdam,51.91762161254883,4.4756388664245605,7.0,FALSE,3,4,1,2025-06-23 15:30:00.000000
1688967507,2025-06-01T15:42:26.838Z,Tutoring,nl,2012WS,Haarlem,52.36266326904297,4.616815567016602,15.0,FALSE,9,5,2,2025-07-07 16:30:00.000000
3288972141,2025-06-01T13:31:43.142Z,Chatting,nl,1055ZE,Amsterdam,52.384315490722656,4.852734565734863,12.0,TRUE,0,5,0,1900-01-01 00:00:00.000005
2786784821,2025-05-31T22:07:16.005Z,Introducing,nl,1186VG,Amstelveen,52.27888870239258,4.878011226654053,5.0,TRUE,0,2,0,1900-01-01 00:00:00.000005
209734738,2025-05-30T21:07:51.739Z,Tutoring,nl,2493bk ,'s-Gravenhage,52.06064224243164,4.392539978027344,15.0,TRUE,16,19,1,2025-11-30 18:30:00.000000
3537753802,2025-05-30T13:46:14.007Z,Tutoring,nl,3114 BJ,Schiedam,51.90618133544922,4.400331020355225,7.0,TRUE,50,23,2,2026-02-26 16:00:00.000000
3814559600,2025-05-30T11:04:52.188Z,Tutoring,nl,3037 NA,Rotterdam,51.93843078613281,4.470337390899658,4.0,FALSE,2,7,0,2025-06-17 10:00:00.000000
641949613,2025-05-29T17:36:57.061Z,Active,nl,3361VD,Sliedrecht,51.81747817993164,4.7755937576293945,8.0,TRUE,0,0,0,1900-01-01 00:00:00.000005
3929879893,2025-05-29T12:51:24.420Z,Tutoring,nl,1991XR,Velserbroek,52.429866790771484,4.662912368774414,7.0,FALSE,5,6,1,2025-11-29 15:00:00.000000
2030088490,2025-05-29T10:08:40.748Z,Tutoring,de,72074,Tübingen,48.52396774291992,9.062957763671875,3.5,FALSE,54,23,2,2026-03-04 14:30:00.000000
3936172555,2025-05-29T08:01:47.180Z,Tutoring,de,70374,Stuttgart,48.81771469116211,9.239192008972168,7.0,FALSE,24,14,2,2026-02-06 10:00:00.000000
604556766,2025-05-28T15:32:50.592Z,Introducing,de,66386,Sankt Ingbert,49.2873420715332,7.099089622497559,7.0,TRUE,0,2,0,1900-01-01 00:00:00.000005
60239387,2025-05-28T13:41:24.731Z,Tutoring,nl,8243HA,Lelystad,52.51250457763672,5.448098659515381,7.0,FALSE,50,7,7,2026-02-19 17:00:00.000000
2472984588,2025-05-28T12:24:12.092Z,Active,nl,7511 DH,Enschede,52.22016525268555,6.902496337890625,10.0,TRUE,0,0,0,1900-01-01 00:00:00.000005
693130687,2025-05-28T06:16:52.079Z,Tutoring,nl,2548sx,'s-Gravenhage,52.027408599853516,4.2985053062438965,5.0,TRUE,3,12,0,2025-06-25 18:00:00.000000
4084612602,2025-05-28T06:09:49.726Z,Chatting,nl,6715KD,Ede,52.041534423828125,5.637394428253174,11.0,TRUE,0,2,0,1900-01-01 00:00:00.000005
1058872727,2025-05-27T15:09:35.646Z,Chatting,nl,1508XH,Zaandam,52.45526885986328,4.818864345550537,7.0,TRUE,0,1,0,1900-01-01 00:00:00.000005
2232358906,2025-05-27T14:44:45.982Z,Introducing,de,48149,Münster,51.965328216552734,7.596763610839844,4.0,TRUE,0,3,0,1900-01-01 00:00:00.000005
522530426,2025-05-27T12:52:09.679Z,Tutoring,nl,1319 BR,Almere,52.387638092041016,5.183002948760986,10.0,TRUE,10,12,1,2025-06-25 13:00:00.000000
3942485468,2025-05-27T10:58:52.408Z,Introducing,nl,1506GM,Zaandam,52.45355224609375,4.813540935516357,5.0,TRUE,0,2,0,1900-01-01 00:00:00.000005
1519949354,2025-05-27T09:58:40.945Z,Chatting,nl,6828ZP,Arnhem,51.9779167175293,5.920408725738525,5.0,TRUE,0,1,0,1900-01-01 00:00:00.000005
486950541,2025-05-27T08:31:46.341Z,Chatting,nl,2721JA,Zoetermeer,52.05396270751953,4.5437331199646,7.0,TRUE,0,3,0,1900-01-01 00:00:00.000005
2356418306,2025-05-27T08:27:05.193Z,Introducing,nl,1017TR,Amsterdam,52.361358642578125,4.8932952880859375,7.0,TRUE,0,3,0,1900-01-01 00:00:00.000005
3577663556,2025-05-27T07:58:28.697Z,Active,de,99423,Weimar,50.990089416503906,11.333943367004395,7.0,TRUE,0,0,0,1900-01-01 00:00:00.000005
1344777089,2025-05-27T06:28:07.894Z,Chatting,de,22607,Hamburg,53.56747817993164,9.881887435913086,4.0,TRUE,0,4,0,1900-01-01 00:00:00.000005
2348955450,2025-05-26T20:01:05.633Z,Tutoring,nl,5622AL,Eindhoven,51.45307922363281,5.468133926391602,15.0,TRUE,14,9,2,2025-06-28 10:30:00.000000
446831815,2025-05-26T11:25:12.178Z,Tutoring,nl,2522kn,'s-Gravenhage,52.06016540527344,4.328449726104736,7.0,FALSE,10,5,2,2026-01-07 12:15:00.000000
3283224467,2025-05-25T17:42:32.757Z,Introducing,nl,5244gn,Rosmalen,51.715274810791016,5.3743791580200195,7.0,TRUE,0,1,0,1900-01-01 00:00:00.000005
488660783,2025-05-25T14:41:29.238Z,Active,nl,7577KH,Oldenzaal,52.31889343261719,6.917081356048584,10.0,TRUE,0,0,0,1900-01-01 00:00:00.000005
1568822614,2025-05-24T18:01:37.200Z,Tutoring,nl,3571CE,Utrecht,52.10673141479492,5.124600410461426,8.0,FALSE,9,2,5,2025-09-26 13:30:00.000000
3045777516,2025-05-24T16:05:57.159Z,Tutoring,nl,3514 XJ,Utrecht,52.10075759887695,5.123532772064209,7.0,FALSE,7,5,1,2025-06-23 11:00:00.000000
3087812567,2025-05-24T13:57:10.891Z,Chatting,nl,3543 HA,Utrecht,52.10947036743164,5.032591819763184,7.0,TRUE,0,1,0,1900-01-01 00:00:00.000005
173051123,2025-05-24T09:36:02.106Z,Tutoring,nl,2314AT,Leiden,52.154457092285156,4.519776821136475,15.0,TRUE,3,13,0,2025-10-02 08:30:00.000000
4008717057,2025-05-23T15:46:12.352Z,Active,nl,2242ER,Wassenaar,52.14140319824219,4.396378993988037,10.0,TRUE,0,0,0,1900-01-01 00:00:00.000005
929997800,2025-05-23T15:22:58.220Z,Active,de,70378,Stuttgart,48.836952209472656,9.229876518249512,7.0,TRUE,0,0,0,1900-01-01 00:00:00.000005
2331376210,2025-05-23T12:24:03.626Z,Tutoring,nl,1069KG,Amsterdam,52.35276412963867,4.795489311218262,10.0,FALSE,108,12,9,2026-03-02 15:30:00.000000
2275957832,2025-05-23T08:54:28.241Z,Active,de,44339,Dortmund,51.54808807373047,7.482924938201904,7.0,TRUE,0,0,0,1900-01-01 00:00:00.000005
1400574096,2025-05-23T07:57:36.921Z,Tutoring,nl,7558 MS,Hengelo,52.29021072387695,6.833393096923828,15.0,FALSE,52,21,2,2026-01-23 15:00:00.000000
2425809837,2025-05-23T06:47:46.008Z,Tutoring,nl,3331HS,Zwijndrecht,51.821800231933594,4.628737926483154,5.0,FALSE,17,8,2,2026-03-25 18:00:00.000000
1351209159,2025-05-22T18:16:00.356Z,Active,de,32107,Bad Salzuflen,52.04232406616211,8.755244255065918,3.5,TRUE,0,0,0,1900-01-01 00:00:00.000005
4021823384,2025-05-22T07:53:30.737Z,Tutoring,nl,8256JJ,Biddinghuizen,52.453731536865234,5.7055206298828125,10.0,TRUE,8,1,8,2025-11-20 17:30:00.000000
3726961241,2025-05-21T20:19:58.439Z,Tutoring,nl,3815SE ,Amersfoort,52.16007995605469,5.408824443817139,3.5,FALSE,4,1,4,2025-06-29 19:30:00.000000
1455570940,2025-05-21T16:03:49.932Z,Tutoring,nl,3061 MK,Rotterdam,51.92741775512695,4.500300884246826,15.0,FALSE,15,6,3,2025-06-26 10:30:00.000000
3181056919,2025-05-21T12:09:56.835Z,Tutoring,nl,7641 ED,Wierden,52.35679626464844,6.604821681976318,20.0,FALSE,1,3,0,2025-06-20 12:00:00.000000
549444887,2025-05-21T11:51:42.117Z,Chatting,nl,3361HS,Sliedrecht,51.818145751953125,4.771137237548828,7.0,TRUE,0,2,0,1900-01-01 00:00:00.000005
1855269703,2025-05-21T10:07:22.173Z,Tutoring,de,70563,Stuttgart,48.73189163208008,9.105175971984863,4.0,TRUE,3,12,0,2025-06-28 07:00:00.000000
661227749,2025-05-21T09:40:04.983Z,Active,de,33615,Bielefeld,52.03624725341797,8.509283065795898,5.0,TRUE,0,0,0,1900-01-01 00:00:00.000005
2080896820,2025-05-20T19:38:52.327Z,Tutoring,nl,2021SP,Haarlem,52.3943977355957,4.6496148109436035,8.0,FALSE,44,17,3,2026-01-28 13:00:00.000000
2704322774,2025-05-20T16:59:30.606Z,Chatting,nl,3021RV,Rotterdam,51.920501708984375,4.456667900085449,7.0,TRUE,0,3,0,1900-01-01 00:00:00.000005
3445972954,2025-05-20T12:59:04.431Z,Tutoring,nl,9713AL,Groningen,53.22351837158203,6.577839374542236,12.0,FALSE,4,10,0,2025-10-01 17:00:00.000000
1239931384,2025-05-20T09:11:45.634Z,Introducing,nl,5245 AK,Rosmalen,51.73003387451172,5.350710868835449,7.0,TRUE,0,2,0,1900-01-01 00:00:00.000005
2306194347,2025-05-20T08:12:30.357Z,Tutoring,nl,2291PW,Wateringen,52.02995681762695,4.2742600440979,8.0,FALSE,13,4,3,2025-06-26 14:30:00.000000
393435821,2025-05-19T20:57:24.314Z,Active,nl,1971ME,IJmuiden,52.45643997192383,4.628378868103027,10.0,TRUE,0,0,0,1900-01-01 00:00:00.000005
3844663704,2025-05-19T18:36:14.578Z,Chatting,nl,8091JS,Wezep,52.460575103759766,6.000735759735107,15.0,TRUE,0,1,0,1900-01-01 00:00:00.000005
3565090203,2025-05-19T15:50:50.456Z,Tutoring,de,13405,Berlin,52.56625747680664,13.317970275878906,15.0,TRUE,13,11,1,2025-11-11 14:00:00.000000
2461634926,2025-05-19T13:16:32.573Z,Tutoring,nl,2311XH,Leiden,52.153202056884766,4.484925746917725,7.0,TRUE,7,15,0,2025-07-01 14:30:00.000000
1515727520,2025-05-19T12:25:26.241Z,Tutoring,nl,3022BJ,Rotterdam,51.91767501831055,4.453128814697266,10.0,FALSE,61,22,3,2026-01-22 13:00:00.000000
82111050,2025-05-18T10:42:21.901Z,Introducing,nl,1326GD,Almere,52.370399475097656,5.248284816741943,3.5,TRUE,0,4,0,1900-01-01 00:00:00.000005
1169860265,2025-05-17T13:07:16.634Z,Tutoring,nl,1601 LA,Enkhuizen,52.7014045715332,5.2964677810668945,7.0,FALSE,60,12,5,2026-03-31 14:00:00.000000
3895426143,2025-05-16T22:01:05.772Z,Active,nl,6814GS,Arnhem,51.98831558227539,5.896468639373779,15.0,TRUE,0,0,0,1900-01-01 00:00:00.000005
1547347495,2025-05-16T20:13:22.824Z,Chatting,nl,7522ZA,Enschede,52.25145721435547,6.848199367523193,8.0,TRUE,0,1,0,1900-01-01 00:00:00.000005
985845075,2025-05-16T15:38:59.068Z,Tutoring,nl,2134ZE,Hoofddorp,52.31901550292969,4.647384166717529,4.0,TRUE,1,1,1,2025-06-20 14:00:00.000000
335524239,2025-05-16T10:54:46.578Z,Tutoring,nl,6721TK,Bennekom,51.99794387817383,5.668501377105713,15.0,FALSE,49,15,3,2026-03-02 17:30:00.000000
136570470,2025-05-15T09:51:09.853Z,Chatting,nl,2321KX,Leiden,52.14447021484375,4.493921279907227,6.0,TRUE,0,1,0,1900-01-01 00:00:00.000005
4195770696,2025-05-14T17:49:19.013Z,Tutoring,nl,2324LW,Leiden,52.15372085571289,4.47166109085083,7.0,FALSE,7,4,2,2025-07-04 14:00:00.000000
1301264830,2025-05-14T17:11:07.064Z,Chatting,nl,5804AB,Venray,51.535369873046875,5.981761455535889,9.0,TRUE,0,2,0,1900-01-01 00:00:00.000005
1648210071,2025-05-14T13:08:22.825Z,Tutoring,de,10827,Berlin,52.48064041137695,13.349589347839355,5.0,FALSE,5,6,1,2025-07-03 14:00:00.000000
3316849324,2025-05-14T11:01:32.955Z,Introducing,nl,5504aa,Veldhoven,51.406211853027344,5.3922014236450195,5.0,TRUE,0,2,0,1900-01-01 00:00:00.000005
1931819457,2025-05-14T10:27:03.475Z,Active,nl,1506 ZE,Zaandam,52.45405578613281,4.807816982269287,5.0,TRUE,0,0,0,1900-01-01 00:00:00.000005
3880127712,2025-05-14T09:45:16.390Z,Chatting,de,68163,Mannheim,49.47455978393555,8.465702056884766,10.0,TRUE,0,2,0,1900-01-01 00:00:00.000005
1573266528,2025-05-13T21:33:46.258Z,Active,de,58135,Hagen,51.340354919433594,7.39979362487793,15.0,TRUE,0,0,0,1900-01-01 00:00:00.000005
2433945978,2025-05-13T19:51:41.435Z,Active,de,27753,Delmenhorst,53.06873321533203,8.629090309143066,8.0,TRUE,0,0,0,1900-01-01 00:00:00.000005
1829801651,2025-05-13T19:41:21.192Z,Tutoring,nl,6165SE,Geleen,50.96515655517578,5.827165603637695,9.0,TRUE,1,2,1,2025-08-21 14:00:00.000000
2935783687,2025-05-13T19:28:19.584Z,Tutoring,nl,6982bc,Doesburg,52.008384704589844,6.1410393714904785,15.0,FALSE,1,2,1,2025-06-10 12:30:00.000000
4102124658,2025-05-13T16:16:02.061Z,Tutoring,nl,1094LD,Amsterdam,52.36231231689453,4.93415641784668,7.0,FALSE,6,6,1,2025-06-20 12:00:00.000000
2070302492,2025-05-13T14:59:06.991Z,Tutoring,nl,6211BZ,Maastricht,50.85323715209961,5.691072463989258,4.0,FALSE,26,11,2,2026-03-10 16:00:00.000000
4279689473,2025-05-13T13:15:14.403Z,Tutoring,nl,2312DJ,Leiden,52.1613655090332,4.486634731292725,3.5,FALSE,38,11,3,2026-02-11 17:00:00.000000
3297305846,2025-05-13T09:48:44.213Z,Tutoring,de,33611,Bielefeld,52.046180725097656,8.540069580078125,7.0,FALSE,21,10,2,2026-02-26 17:15:00.000000
2522408967,2025-05-12T20:06:27.922Z,Tutoring,nl,3116BE,Schiedam,51.91118621826172,4.385471343994141,4.0,FALSE,75,9,8,2026-03-26 14:30:00.000000
2830477115,2025-05-12T18:44:21.566Z,Chatting,nl,2132 CC,Hoofddorp,52.302276611328125,4.699397563934326,7.5,TRUE,0,1,0,1900-01-01 00:00:00.000005
247724941,2025-05-12T14:11:26.235Z,Chatting,de,51103,Köln,50.94358825683594,7.02528190612793,8.0,TRUE,0,1,0,1900-01-01 00:00:00.000005
3334520512,2025-05-12T13:28:22.166Z,Active,de,53119,Bonn,50.748748779296875,7.044159889221191,12.0,TRUE,0,0,0,1900-01-01 00:00:00.000005
2685346354,2025-05-12T11:04:14.377Z,Introducing,de,21077,Hamburg,53.43901062011719,9.965970993041992,15.0,TRUE,0,3,0,1900-01-01 00:00:00.000005
4216245912,2025-05-12T05:51:40.254Z,Tutoring,de,54296 ,Trier,49.74667739868164,6.684360027313232,4.0,TRUE,1,10,0,2025-10-07 15:15:00.000000
1136209837,2025-05-11T18:31:44.660Z,Tutoring,nl,2545 CD,'s-Gravenhage,52.05514907836914,4.267189025878906,10.0,TRUE,1,6,0,2025-06-10 13:00:00.000000
2911639641,2025-05-11T13:16:37.562Z,Tutoring,nl,5018HB,Tilburg,51.558589935302734,5.104612827301025,3.5,TRUE,1,2,1,2025-05-20 13:30:00.000000
3494872658,2025-05-11T12:35:59.360Z,Chatting,nl,3318AM,Dordrecht,51.790645599365234,4.677751064300537,15.0,TRUE,0,1,0,1900-01-01 00:00:00.000005
347302960,2025-05-11T11:34:37.875Z,Chatting,de,48143,Münster,51.96330261230469,7.619035720825195,7.0,TRUE,0,3,0,1900-01-01 00:00:00.000005
10340737,2025-05-10T20:09:49.079Z,Active,nl,6721NE,Bennekom,52.01608657836914,5.638096809387207,10.0,TRUE,0,0,0,1900-01-01 00:00:00.000005
656199669,2025-05-10T18:04:41.954Z,Chatting,nl,9737NC,Groningen,53.24488067626953,6.586494445800781,7.0,TRUE,0,1,0,1900-01-01 00:00:00.000005
2906923222,2025-05-10T14:59:41.145Z,Chatting,de,40229,Düsseldorf,51.203643798828125,6.816562652587891,7.0,TRUE,0,2,0,1900-01-01 00:00:00.000005
2206713463,2025-05-10T13:32:08.441Z,Tutoring,nl,2673 BN,Naaldwijk,51.99889373779297,4.20070743560791,10.0,FALSE,17,3,6,2026-02-27 15:00:00.000000
3192596688,2025-05-10T12:32:00.791Z,Chatting,nl,2382BV,Zoeterwoude,52.14471435546875,4.5178608894348145,20.0,TRUE,0,1,0,1900-01-01 00:00:00.000005
3063325606,2025-05-10T09:44:25.134Z,Chatting,nl,2731 BJ,Benthuizen,52.075958251953125,4.541141510009766,7.0,TRUE,0,1,0,1900-01-01 00:00:00.000005
3173236852,2025-05-10T09:41:41.192Z,Chatting,de,85368,Moosburg an der Isar,48.4608154296875,11.941367149353027,20.0,TRUE,0,1,0,1900-01-01 00:00:00.000005
784892052,2025-05-10T08:25:17.919Z,Chatting,de,83052,Bruckmühl,47.876258850097656,11.943209648132324,20.0,TRUE,0,2,0,1900-01-01 00:00:00.000005
3448148972,2025-05-10T07:47:42.786Z,Chatting,de,70199,Stuttgart,48.76000213623047,9.160785675048828,8.0,TRUE,0,1,0,1900-01-01 00:00:00.000005
4033373699,2025-05-10T06:43:08.329Z,Tutoring,nl,5652EB,Eindhoven,51.43852233886719,5.446444034576416,7.0,FALSE,31,2,16,2026-02-26 15:15:00.000000
3698251951,2025-05-09T11:12:08.166Z,Tutoring,de,20253,Hamburg,53.58570098876953,9.967824935913086,15.0,TRUE,11,15,1,2025-11-23 19:30:00.000000
2908519452,2025-05-09T09:21:58.310Z,Tutoring,de,33739,Bielefeld,52.07682418823242,8.514492988586426,4.0,FALSE,46,9,5,2026-03-29 09:00:00.000000
1693138511,2025-05-08T19:41:21.369Z,Introducing,de,64295,Darmstadt,49.865325927734375,8.637639999389648,7.0,TRUE,0,3,0,1900-01-01 00:00:00.000005
917248500,2025-05-08T19:22:16.356Z,Tutoring,nl,7722 KW,Dalfsen,52.5019416809082,6.2609992027282715,12.0,TRUE,3,2,2,2025-06-16 16:00:00.000000
3659663321,2025-05-08T18:06:42.081Z,Active,nl,2253xl,Voorschoten,52.147586822509766,4.459385395050049,20.0,TRUE,0,0,0,1900-01-01 00:00:00.000005
3644080937,2025-05-08T17:40:30.213Z,Introducing,de,48151,Münster,51.952606201171875,7.609963417053223,7.0,TRUE,0,7,0,1900-01-01 00:00:00.000005
1248775803,2025-05-08T16:38:05.801Z,Chatting,nl,2132LJ,Hoofddorp,52.29411315917969,4.6800856590271,20.0,TRUE,0,1,0,1900-01-01 00:00:00.000005
2279803314,2025-05-08T15:01:28.325Z,Introducing,de,21077,Hamburg,53.448890686035156,9.947270393371582,7.0,TRUE,0,2,0,1900-01-01 00:00:00.000005
1731894058,2025-05-08T14:40:35.547Z,Tutoring,nl,4207AK,Gorinchem,51.827056884765625,4.9989190101623535,3.5,TRUE,55,28,2,2026-03-04 19:00:00.000000
3244302887,2025-05-08T13:43:55.914Z,Tutoring,nl,4871CM,Etten-Leur,51.58665084838867,4.657305717468262,20.0,TRUE,2,2,1,2025-06-18 14:00:00.000000
950426083,2025-05-08T12:50:17.967Z,Tutoring,nl,3515aw,Utrecht,52.10499572753906,5.120490550994873,5.0,FALSE,13,7,2,2025-11-24 15:30:00.000000
1926149878,2025-05-08T12:44:38.911Z,Chatting,de,30880,Laatzen,52.30976867675781,9.813738822937012,15.0,TRUE,0,1,0,1900-01-01 00:00:00.000005
514572484,2025-05-08T12:29:26.087Z,Tutoring,nl,6561 KS,Groesbeek,51.8073844909668,5.961339950561523,12.0,TRUE,26,2,13,2025-11-18 18:00:00.000000
219216844,2025-05-08T10:07:03.186Z,Chatting,de,90547,Stein,49.40826416015625,11.008684158325195,12.0,TRUE,0,1,0,1900-01-01 00:00:00.000005
4224851879,2025-05-08T09:43:24.743Z,Tutoring,nl,9725ak,Groningen,53.20661544799805,6.573867321014404,4.0,FALSE,6,4,2,2025-06-18 14:00:00.000000
1406968541,2025-05-08T09:31:41.135Z,Active,nl,9718HK,Groningen,53.21671676635742,6.553162574768066,5.0,TRUE,0,0,0,1900-01-01 00:00:00.000005
1745855052,2025-05-08T06:36:54.911Z,Tutoring,nl,2613tv,Delft,52.00992965698242,4.353884220123291,3.5,FALSE,60,21,3,2026-02-17 18:30:00.000000
848403949,2025-05-07T16:20:44.952Z,Tutoring,de,01069,Dresden,51.041168212890625,13.739798545837402,6.0,FALSE,11,9,1,2026-01-07 13:30:00.000000
3200280969,2025-05-07T15:46:35.202Z,Introducing,de,42289,Wuppertal,51.269779205322266,7.224043369293213,10.0,FALSE,3,3,1,2025-10-15 11:30:00.000000
932031879,2025-05-07T13:27:05.470Z,Chatting,de,48291,Telgte,52.02243423461914,7.777940273284912,20.0,TRUE,0,1,0,1900-01-01 00:00:00.000005
2314576103,2025-05-07T10:34:18.852Z,Introducing,de,04318,Leipzig,51.344181060791016,12.43157958984375,6.0,TRUE,0,7,0,1900-01-01 00:00:00.000005
3731359981,2025-05-07T10:02:49.596Z,Chatting,de,33615,Bielefeld,52.02802276611328,8.518089294433594,7.0,TRUE,0,1,0,1900-01-01 00:00:00.000005
2207299574,2025-05-06T19:34:57.906Z,Tutoring,de,48329,Havixbeck,51.9785270690918,7.425547122955322,20.0,FALSE,21,7,3,2026-03-30 14:30:00.000000
774368763,2025-05-06T16:12:16.498Z,Active,de,76187 ,Karlsruhe,49.02397155761719,8.370718955993652,10.0,TRUE,0,0,0,1900-01-01 00:00:00.000005
806193369,2025-05-06T15:13:54.502Z,Tutoring,de,13359,Berlin,52.556129455566406,13.388469696044922,15.0,FALSE,8,4,2,2025-12-11 16:30:00.000000
668758258,2025-05-06T14:44:30.538Z,Active,nl,9718LD,Groningen,53.218475341796875,6.55211067199707,5.0,TRUE,0,0,0,1900-01-01 00:00:00.000005
1114244937,2025-05-06T12:53:12.056Z,Tutoring,de,30165,Hannover,52.39097595214844,9.729632377624512,3.5,FALSE,2,10,0,2025-06-23 14:00:00.000000
1275353089,2025-05-06T11:08:56.987Z,Tutoring,nl,1628 TE,Hoorn,52.65182876586914,5.097804546356201,7.0,TRUE,8,11,1,2026-02-14 10:30:00.000000
443360269,2025-05-06T06:08:55.630Z,Chatting,de,81541,München,48.117855072021484,11.582159042358398,7.0,TRUE,0,1,0,1900-01-01 00:00:00.000005
1381490054,2025-05-05T17:59:54.841Z,Chatting,de,30161,Hannover,52.38949203491211,9.737876892089844,7.0,TRUE,0,2,0,1900-01-01 00:00:00.000005
4110660384,2025-05-05T14:53:03.388Z,Active,de,65934,Frankfurt am Main,50.09939193725586,8.563154220581055,5.0,TRUE,0,0,0,1900-01-01 00:00:00.000005
3456187901,2025-05-05T14:43:20.210Z,Active,de,13055,Berlin,52.536746978759766,13.489201545715332,7.0,TRUE,0,0,0,1900-01-01 00:00:00.000005
1756361921,2025-05-05T14:34:34.856Z,Tutoring,de,44894,Bochum,51.481319427490234,7.299069881439209,7.0,FALSE,8,5,2,2025-06-27 09:00:00.000000
1154771836,2025-05-05T13:26:47.037Z,Active,de,48149,Münster,51.97443771362305,7.59291410446167,5.0,TRUE,0,0,0,1900-01-01 00:00:00.000005
2016687538,2025-05-05T12:51:10.681Z,Introducing,nl,2406BV,Alphen aan den Rijn,52.130638122558594,4.666589260101318,12.0,TRUE,0,4,0,1900-01-01 00:00:00.000005
1038571033,2025-05-05T11:12:21.163Z,Chatting,de,30449,Hannover,52.36653518676758,9.712782859802246,5.0,TRUE,0,2,0,1900-01-01 00:00:00.000005
973604542,2025-05-05T10:58:27.138Z,Tutoring,nl,1106EL,Amsterdam,52.30378341674805,4.968064308166504,7.0,FALSE,4,1,4,2025-06-11 16:15:00.000000
2213434732,2025-05-05T10:51:17.941Z,Active,de,33605,Bielefeld,52.00716781616211,8.569637298583984,10.0,TRUE,0,0,0,1900-01-01 00:00:00.000005
2174058614,2025-05-05T09:51:18.388Z,Chatting,de,85375,Neufahrn bei Freising,48.315452575683594,11.656305313110352,10.0,TRUE,0,1,0,1900-01-01 00:00:00.000005
3510267225,2025-05-05T09:33:09.976Z,Chatting,de,42277,Wuppertal,51.279144287109375,7.221475601196289,15.0,TRUE,0,1,0,1900-01-01 00:00:00.000005
989821422,2025-05-05T09:17:43.415Z,Tutoring,de,14059,Berlin,52.51453399658203,13.291064262390137,15.0,TRUE,11,12,1,2025-07-03 15:30:00.000000
261111813,2025-05-05T09:11:46.399Z,Introducing,de,30625,Hannover,52.37343215942383,9.782859802246094,5.0,TRUE,0,1,0,1900-01-01 00:00:00.000005
3646987489,2025-05-05T09:02:43.768Z,Chatting,de,13187,Berlin,52.57089614868164,13.407777786254883,7.0,TRUE,0,4,0,1900-01-01 00:00:00.000005
1607511575,2025-05-05T08:29:44.024Z,Tutoring,de,04177,Leipzig,51.340572357177734,12.322108268737793,13.0,FALSE,1,5,0,2025-05-26 15:30:00.000000
3303523387,2025-05-05T00:16:07.107Z,Active,nl,3842ZL,Harderwijk,52.34446334838867,5.636440753936768,3.5,TRUE,0,0,0,1900-01-01 00:00:00.000005
894579152,2025-05-04T21:38:17.334Z,Tutoring,nl,6511 AE,Nijmegen,51.84499740600586,5.855874538421631,5.0,FALSE,7,2,4,2025-06-30 13:30:00.000000
550248663,2025-05-04T17:02:03.847Z,Chatting,de,44143,Dortmund,51.50794982910156,7.528440475463867,15.0,TRUE,0,3,0,1900-01-01 00:00:00.000005
637666774,2025-05-04T15:34:47.909Z,Active,de,14482,Potsdam,52.387569427490234,13.125945091247559,7.0,TRUE,0,0,0,1900-01-01 00:00:00.000005
1038868335,2025-05-04T15:09:45.889Z,Tutoring,nl,1094XE,Amsterdam,52.36195373535156,4.934996604919434,7.0,TRUE,12,13,1,2025-06-30 11:00:00.000000
1184877071,2025-05-04T09:01:19.542Z,Introducing,de,91054,Erlangen,49.594730377197266,11.013250350952148,4.0,TRUE,0,3,0,1900-01-01 00:00:00.000005
2040343250,2025-05-03T21:08:26.994Z,Active,de,35037,Marburg,50.8003044128418,8.76027774810791,7.0,TRUE,0,0,0,1900-01-01 00:00:00.000005
4069008034,2025-05-03T20:24:29.728Z,Active,de,10369,Berlin,52.532203674316406,13.475259780883789,7.0,TRUE,0,0,0,1900-01-01 00:00:00.000005
1856238064,2025-05-03T19:47:16.914Z,Chatting,de,51503,Rösrath,50.896141052246094,7.170499324798584,20.0,TRUE,0,1,0,1900-01-01 00:00:00.000005
1355938736,2025-05-03T18:42:17.611Z,Active,de,90491,Nürnberg,49.47651672363281,11.133152961730957,11.0,TRUE,0,0,0,1900-01-01 00:00:00.000005
3303085934,2025-05-03T14:17:28.508Z,Active,nl,1261 sr,Blaricum,52.286067962646484,5.27340841293335,7.0,TRUE,0,0,0,1900-01-01 00:00:00.000005
3659333034,2025-05-03T13:59:58.644Z,Active,nl,6562LT,Groesbeek,51.78314208984375,5.989638805389404,15.0,TRUE,0,0,0,1900-01-01 00:00:00.000005
4090912817,2025-05-03T12:16:12.172Z,Tutoring,nl,4463CM,Goes,51.51427459716797,3.882018804550171,3.5,FALSE,54,23,2,2026-03-31 17:30:00.000000
476583160,2025-05-03T09:50:14.296Z,Chatting,de,82061,Neuried,48.09455490112305,11.47314167022705,5.0,TRUE,0,1,0,1900-01-01 00:00:00.000005
2685781093,2025-05-02T15:18:38.210Z,Active,nl,2728EM,Zoetermeer,52.079402923583984,4.524209976196289,12.0,TRUE,0,0,0,1900-01-01 00:00:00.000005
2173798052,2025-05-02T15:11:22.096Z,Tutoring,nl,7511HP,Enschede,52.21895980834961,6.897252559661865,5.0,FALSE,95,21,5,2026-04-15 14:30:00.000000
2831393013,2025-05-02T13:30:36.050Z,Chatting,de,22119,Hamburg,53.55133056640625,10.110879898071289,7.0,TRUE,0,1,0,1900-01-01 00:00:00.000005
2787275438,2025-05-02T12:45:28.525Z,Chatting,de,96052,Bamberg,49.9029655456543,10.901365280151367,7.0,TRUE,0,1,0,1900-01-01 00:00:00.000005
1336318656,2025-05-02T12:12:18.884Z,Tutoring,de,48149,Münster,51.97644805908203,7.588098526000977,7.0,FALSE,4,3,1,2025-06-04 18:30:00.000000
4245963501,2025-05-02T11:28:32.729Z,Introducing,de,04229,Leipzig,51.319679260253906,12.332011222839355,7.0,TRUE,0,2,0,1900-01-01 00:00:00.000005
2758754272,2025-05-02T09:54:13.019Z,Tutoring,nl,7522ZA,Enschede,52.25027084350586,6.850101947784424,7.0,FALSE,14,1,14,2026-01-21 12:00:00.000000
3856425640,2025-05-02T09:21:25.024Z,Chatting,de,70567,Stuttgart,48.72484588623047,9.158581733703613,15.0,TRUE,0,1,0,1900-01-01 00:00:00.000005
2536644483,2025-05-02T08:53:30.525Z,Active,de,47441,Moers,51.439823150634766,6.646263599395752,7.0,TRUE,0,0,0,1900-01-01 00:00:00.000005
2137743274,2025-05-02T08:51:15.204Z,Chatting,de,22303,Hamburg,53.58518600463867,10.028736114501953,20.0,TRUE,0,2,0,1900-01-01 00:00:00.000005
1785398818,2025-05-02T08:23:44.991Z,Tutoring,de,45327,Essen,51.50109100341797,7.0503129959106445,7.0,FALSE,9,2,5,2025-10-06 15:00:00.000000
3582067561,2025-05-01T19:42:41.202Z,Chatting,de,50389,Wesseling,50.81631851196289,6.975611209869385,7.0,TRUE,0,1,0,1900-01-01 00:00:00.000005
2094388309,2025-05-01T17:58:52.266Z,Tutoring,nl,2497 ZZ,'s-Gravenhage,52.03645706176758,4.374695301055908,3.5,FALSE,16,2,8,2026-03-26 14:00:00.000000
3925651244,2025-05-01T11:10:38.084Z,Chatting,de,40227,Düsseldorf,51.218841552734375,6.800693988800049,10.0,TRUE,0,4,0,1900-01-01 00:00:00.000005
2990637176,2025-05-01T08:25:15.197Z,Introducing,nl,3061 AJ,Rotterdam,51.9293327331543,4.505559921264648,3.5,TRUE,0,6,0,1900-01-01 00:00:00.000005
218155631,2025-04-30T14:07:18.612Z,Tutoring,nl,2235TV,Valkenburg,52.17616653442383,4.445756912231445,7.0,TRUE,18,11,2,2025-07-04 17:15:00.000000
531627257,2025-04-30T10:34:38.316Z,Active,de,33609,Bielefeld,52.03243637084961,8.562906265258789,15.0,TRUE,0,0,0,1900-01-01 00:00:00.000005
2599175033,2025-04-30T08:56:14.013Z,Tutoring,nl,9713TP,Groningen,53.22429275512695,6.591818809509277,6.0,TRUE,41,23,2,2026-03-03 14:00:00.000000
2474217466,2025-04-30T08:49:37.632Z,Chatting,de,45128,Essen,51.44905090332031,7.017970085144043,7.0,TRUE,0,1,0,1900-01-01 00:00:00.000005
428660454,2025-04-29T17:45:29.439Z,Introducing,de,48149,Münster,51.96986770629883,7.611198425292969,5.0,TRUE,0,1,0,1900-01-01 00:00:00.000005
2238277333,2025-04-29T17:42:53.031Z,Tutoring,de,18055,Rostock,54.09046173095703,12.137357711791992,4.0,FALSE,1,5,0,2025-06-03 15:45:00.000000
2251499117,2025-04-29T13:39:13.790Z,Introducing,nl,7943 PA,Meppel,52.695133209228516,6.203096389770508,20.0,TRUE,0,4,0,1900-01-01 00:00:00.000005
186503148,2025-04-29T12:35:08.499Z,Tutoring,nl,1098AR,Amsterdam,52.34894561767578,4.9387688636779785,7.0,TRUE,11,22,1,2025-06-30 12:00:00.000000
3672459482,2025-04-29T07:35:35.723Z,Tutoring,nl,3907HR,Veenendaal,52.01604080200195,5.585261344909668,20.0,FALSE,69,8,9,2026-03-01 10:00:00.000000
242268059,2025-04-29T06:00:45.881Z,Active,de,30163,Hannover,52.39216613769531,9.737255096435547,3.5,TRUE,0,0,0,1900-01-01 00:00:00.000005
4075117129,2025-04-28T20:26:14.505Z,Tutoring,nl,2678AC,De Lier,51.97457504272461,4.235318183898926,10.0,FALSE,40,20,2,2026-03-26 16:00:00.000000
4221438336,2025-04-28T20:24:27.675Z,Chatting,de,53129,Bonn,50.71898651123047,7.106847286224365,7.0,TRUE,0,2,0,1900-01-01 00:00:00.000005
1257180941,2025-04-28T19:35:39.675Z,Chatting,de,44801,Bochum,51.44801330566406,7.25379753112793,13.0,TRUE,0,3,0,1900-01-01 00:00:00.000005
1320942929,2025-04-28T18:19:00.051Z,Chatting,de,48529,Nordhorn,52.40144729614258,7.073267936706543,7.0,TRUE,0,2,0,1900-01-01 00:00:00.000005
3512689251,2025-04-28T17:25:45.639Z,Tutoring,nl,5026CA,Tilburg,51.54103088378906,5.065319061279297,7.0,FALSE,13,4,3,2026-02-25 15:00:00.000000
587554628,2025-04-28T11:36:06.939Z,Introducing,nl,5527HA,Hapert,51.367366790771484,5.251354694366455,10.0,TRUE,0,2,0,1900-01-01 00:00:00.000005
2923618397,2025-04-28T11:05:04.185Z,Active,nl,9724NR,Groningen,53.20978927612305,6.581411361694336,4.0,TRUE,0,0,0,1900-01-01 00:00:00.000005
1156803390,2025-04-28T09:50:57.378Z,Active,nl,7514 DG,Enschede,52.226165771484375,6.897900104522705,7.0,TRUE,0,0,0,1900-01-01 00:00:00.000005
1049822926,2025-04-28T07:43:06.455Z,Tutoring,nl,3074 PX,Rotterdam,51.891700744628906,4.511621952056885,5.0,FALSE,22,9,2,2026-02-28 10:00:00.000000
3577895003,2025-04-28T07:31:44.315Z,Introducing,de,28205,Bremen,53.06849670410156,8.835376739501953,15.0,TRUE,0,5,0,1900-01-01 00:00:00.000005
1184887407,2025-04-27T20:57:23.993Z,Tutoring,nl,2904SN,Capelle aan den IJssel,51.93526840209961,4.61499547958374,10.0,TRUE,19,11,2,2025-11-15 18:30:00.000000
2931045512,2025-04-27T12:50:17.284Z,Tutoring,nl,2321KJ,Leiden,52.14412307739258,4.49189567565918,5.0,TRUE,15,11,1,2025-11-30 16:00:00.000000
4219251484,2025-04-27T10:41:45.677Z,Tutoring,nl,7552JZ,Hengelo,52.266441345214844,6.829222679138184,15.0,FALSE,37,8,5,2026-02-11 15:00:00.000000
4130798231,2025-04-27T10:35:40.963Z,Chatting,de,44149,Dortmund,51.49925231933594,7.401989459991455,5.0,TRUE,0,1,0,1900-01-01 00:00:00.000005
3798208603,2025-04-27T09:11:11.247Z,Chatting,de,42655,Solingen,51.17448425292969,7.082192897796631,12.0,TRUE,0,2,0,1900-01-01 00:00:00.000005
1220415286,2025-04-27T07:49:11.361Z,Tutoring,de,48145,Münster,51.96261978149414,7.643946647644043,7.0,FALSE,2,7,0,2025-05-15 19:00:00.000000
3363079,2025-04-26T21:30:03.190Z,Tutoring,nl,3554GK,Utrecht,52.11552810668945,5.091397762298584,3.5,TRUE,5,5,1,2025-06-22 10:00:00.000000
78750734,2025-04-26T08:22:23.198Z,Chatting,de,67063,Ludwigshafen am Rhein,49.49971389770508,8.418055534362793,10.0,TRUE,0,6,0,1900-01-01 00:00:00.000005
239018222,2025-04-25T19:12:03.925Z,Active,nl,9713GB,Groningen,53.21860122680664,6.577792167663574,7.0,TRUE,0,0,0,1900-01-01 00:00:00.000005
668319900,2025-04-25T15:12:54.290Z,Introducing,nl,9269SZ,Feanwâlden,53.239994049072266,5.992534637451172,20.0,TRUE,0,1,0,1900-01-01 00:00:00.000005
306702291,2025-04-25T14:49:19.076Z,Tutoring,nl,2611XH,Delft,52.018516540527344,4.357517242431641,7.0,FALSE,31,5,6,2026-03-19 15:30:00.000000
1787446190,2025-04-25T13:40:01.017Z,Tutoring,nl,2586 KH,'s-Gravenhage,52.11223602294922,4.280098915100098,7.0,TRUE,8,10,1,2025-06-23 13:00:00.000000
3505248207,2025-04-25T12:26:00.737Z,Tutoring,nl,3911JV,Rhenen,51.96225357055664,5.5591301918029785,10.0,FALSE,146,53,3,2026-03-30 15:00:00.000000
2982352305,2025-04-25T10:36:24.219Z,Introducing,de,48149,Münster,51.972198486328125,7.594515800476074,9.0,TRUE,0,4,0,1900-01-01 00:00:00.000005
2568068282,2025-04-25T07:09:39.118Z,Tutoring,de,60323,Frankfurt am Main,50.1188850402832,8.662976264953613,7.0,TRUE,2,13,0,2025-06-09 16:30:00.000000
1835080256,2025-04-24T18:52:21.071Z,Chatting,nl,2802GC,Gouda,52.010047912597656,4.692570686340332,3.5,TRUE,0,1,0,1900-01-01 00:00:00.000005
3073477700,2025-04-24T18:12:38.277Z,Tutoring,nl,6523GR,Nijmegen,51.833290100097656,5.885982036590576,3.5,FALSE,7,3,2,2025-10-28 14:30:00.000000
174751580,2025-04-24T17:55:46.407Z,Chatting,de,42285,Wuppertal,51.262001037597656,7.174942970275879,7.0,TRUE,0,1,0,1900-01-01 00:00:00.000005
1073023899,2025-04-24T16:29:21.154Z,Tutoring,de,53113,Bonn,50.72075653076172,7.108671188354492,6.0,FALSE,25,3,8,2025-11-02 13:00:00.000000
1510208782,2025-04-24T14:39:33.906Z,Tutoring,de,70469,Stuttgart,48.80585479736328,9.154024124145508,8.0,FALSE,18,5,4,2026-02-28 10:00:00.000000
311293915,2025-04-24T12:56:30.323Z,Tutoring,nl,1343CB,Almere,52.34014129638672,5.3084716796875,8.0,TRUE,13,11,1,2025-07-08 08:00:00.000000
465579492,2025-04-24T12:20:03.840Z,Active,nl,2612cl,Delft,52.02354431152344,4.351442337036133,7.0,TRUE,0,0,0,1900-01-01 00:00:00.000005
16010111,2025-04-24T10:09:06.657Z,Introducing,nl,9713MP,Groningen,53.22178268432617,6.584227085113525,7.0,TRUE,0,1,0,1900-01-01 00:00:00.000005
2422608540,2025-04-24T08:40:35.376Z,Active,nl,7483CE ,Haaksbergen,52.16791534423828,6.736386775970459,15.0,TRUE,0,0,0,1900-01-01 00:00:00.000005
2536407777,2025-04-24T08:11:46.535Z,Tutoring,nl,5704JC,Helmond,51.46642303466797,5.702717304229736,10.0,FALSE,7,3,2,2026-02-26 17:30:00.000000
1242892814,2025-04-24T07:54:43.078Z,Introducing,de,44309,Dortmund,51.529396057128906,7.549844741821289,15.0,TRUE,0,4,0,1900-01-01 00:00:00.000005
839803776,2025-04-23T22:01:31.778Z,Chatting,nl,1181XM,Amstelveen,52.30528259277344,4.852310657501221,3.5,TRUE,0,4,0,1900-01-01 00:00:00.000005
3803996382,2025-04-23T21:54:57.609Z,Tutoring,nl,5615PP,Eindhoven,51.42971420288086,5.468564987182617,15.0,TRUE,11,11,1,2025-06-22 14:45:00.000000
3628796458,2025-04-23T21:26:38.120Z,Chatting,de,04109,Leipzig,51.34129333496094,12.374938011169434,5.0,TRUE,0,1,0,1900-01-01 00:00:00.000005
3757698383,2025-04-23T20:37:23.750Z,Tutoring,nl,2804NG,Gouda,52.03258514404297,4.712057590484619,7.0,FALSE,30,10,3,2026-02-02 14:30:00.000000
4019759442,2025-04-23T14:50:56.420Z,Tutoring,nl,9712AN,Groningen,53.2200813293457,6.5607500076293945,8.0,TRUE,21,12,2,2026-02-02 14:00:00.000000
447556225,2025-04-23T12:32:19.493Z,Introducing,nl,7325RR,Apeldoorn,52.2127571105957,6.015261650085449,20.0,TRUE,0,3,0,1900-01-01 00:00:00.000005
2972618225,2025-04-23T09:16:45.125Z,Tutoring,nl,1871 CJ,Schoorl,52.7076416015625,4.693352222442627,20.0,TRUE,5,3,2,2025-10-07 14:00:00.000000
278936791,2025-04-22T19:12:12.676Z,Chatting,de,10243,Berlin,52.51335906982422,13.438089370727539,20.0,TRUE,0,1,0,1900-01-01 00:00:00.000005
395938342,2025-04-22T18:11:44.572Z,Tutoring,nl,6846KT,Arnhem,51.959449768066406,5.835299491882324,5.0,FALSE,31,1,31,2026-02-24 14:45:00.000000
3801165222,2025-04-22T15:24:55.473Z,Introducing,nl,2586XJ,'s-Gravenhage,52.10844039916992,4.285113334655762,7.0,TRUE,0,4,0,1900-01-01 00:00:00.000005
1507606878,2025-04-22T13:30:59.987Z,Tutoring,nl,1069RS,Amsterdam,52.349891662597656,4.79925537109375,7.0,FALSE,8,9,1,2025-06-24 17:30:00.000000
2677000422,2025-04-22T11:24:28.567Z,Introducing,de,33604,Bielefeld,52.01497268676758,8.553553581237793,7.0,TRUE,0,2,0,1900-01-01 00:00:00.000005
3224374485,2025-04-22T10:54:47.684Z,Tutoring,nl,6543VV,Nijmegen,51.836238861083984,5.8310866355896,12.0,FALSE,3,10,0,2025-06-11 17:30:00.000000
2908633207,2025-04-22T10:27:38.739Z,Introducing,nl,2182SH,Hillegom,52.28298568725586,4.578892707824707,7.0,TRUE,0,1,0,1900-01-01 00:00:00.000005
3937893299,2025-04-22T09:07:53.650Z,Chatting,de,78532,Tuttlingen,47.98119354248047,8.814480781555176,7.0,TRUE,0,1,0,1900-01-01 00:00:00.000005
2704344445,2025-04-21T20:10:46.505Z,Tutoring,nl,6931AC,Westervoort,51.966285705566406,5.971317291259766,6.0,FALSE,14,3,5,2025-10-27 12:00:00.000000
2310937816,2025-04-21T18:24:05.456Z,Introducing,de,30165,Hannover,52.39805603027344,9.729354858398438,14.0,TRUE,0,1,0,1900-01-01 00:00:00.000005
3877934143,2025-04-21T16:35:52.566Z,Chatting,de,80809,München,48.17483901977539,11.566790580749512,7.0,TRUE,0,2,0,1900-01-01 00:00:00.000005
2638188303,2025-04-21T14:08:42.025Z,Tutoring,nl,5613KA,Eindhoven,51.43978500366211,5.498150825500488,7.0,TRUE,37,27,1,2026-03-28 10:00:00.000000
2438375398,2025-04-21T13:30:52.152Z,Active,de,76287,Rheinstetten,48.981117248535156,8.31622314453125,20.0,TRUE,0,0,0,1900-01-01 00:00:00.000005
113698302,2025-04-21T09:20:22.624Z,Tutoring,nl,7522NG,Enschede,52.24641036987305,6.847024917602539,7.0,FALSE,20,6,3,2025-09-21 07:30:00.000000
2617055683,2025-04-20T19:25:07.154Z,Tutoring,nl,5017CX,Tilburg,51.55421829223633,5.094958782196045,7.0,TRUE,26,16,2,2025-06-28 14:00:00.000000
522652453,2025-04-20T18:09:31.229Z,Tutoring,nl,9718CL,Groningen,53.21689987182617,6.556973934173584,3.5,FALSE,304,65,5,2026-03-12 12:45:00.000000
1991775388,2025-04-20T16:07:16.229Z,Chatting,de,47199,Duisburg,51.492218017578125,6.667524337768555,20.0,TRUE,0,3,0,1900-01-01 00:00:00.000005
2209981699,2025-04-20T10:08:02.055Z,Active,de,04157,Leipzig,51.370811462402344,12.373924255371094,5.0,TRUE,0,0,0,1900-01-01 00:00:00.000005
3560011626,2025-04-20T08:11:35.012Z,Tutoring,de,66121,Saarbrücken,49.23095703125,7.003328800201416,20.0,FALSE,11,9,1,2025-06-17 14:15:00.000000
1111176207,2025-04-19T19:59:48.590Z,Chatting,de,01277,Dresden,51.03709030151367,13.801970481872559,7.0,TRUE,0,1,0,1900-01-01 00:00:00.000005
1450973623,2025-04-19T18:34:05.824Z,Active,de,01307,Dresden,51.05027770996094,13.763895988464355,7.0,TRUE,0,0,0,1900-01-01 00:00:00.000005
1322209443,2025-04-19T18:26:50.635Z,Chatting,de,22769,Hamburg,53.565284729003906,9.955764770507812,8.0,TRUE,0,1,0,1900-01-01 00:00:00.000005
1646638665,2025-04-19T17:59:30.675Z,Tutoring,de,45478,Mülheim an der Ruhr,51.42769241333008,6.853038787841797,5.0,FALSE,7,2,4,2025-06-25 16:00:00.000000
3021784104,2025-04-19T16:07:21.752Z,Active,de,42329,Wuppertal,51.220008850097656,7.074889183044434,12.0,TRUE,0,0,0,1900-01-01 00:00:00.000005
939137298,2025-04-19T15:51:27.445Z,Tutoring,nl,9715gn,Groningen,53.230262756347656,6.5673828125,10.0,FALSE,2,3,1,2025-10-10 14:45:00.000000
3517850142,2025-04-19T12:04:56.896Z,Tutoring,nl,1011 AR,Amsterdam,52.37376403808594,4.905550956726074,7.0,FALSE,77,12,6,2026-03-04 16:00:00.000000
4065329311,2025-04-19T11:20:09.303Z,Tutoring,de,71254,Ditzingen,48.82436752319336,9.072144508361816,20.0,TRUE,33,23,1,2026-02-27 14:00:00.000000
172432968,2025-04-19T09:36:06.822Z,Tutoring,nl,6708BL,Wageningen,51.977779388427734,5.653747081756592,7.0,FALSE,2,3,1,2025-06-25 15:00:00.000000
3719633293,2025-04-18T19:05:58.642Z,Tutoring,nl,1103SC,Amsterdam,52.32382583618164,4.978377342224121,7.0,FALSE,69,19,4,2026-02-25 17:00:00.000000
2763248959,2025-04-18T17:37:48.000Z,Chatting,nl,1825HE,Alkmaar,52.66094207763672,4.757955074310303,20.0,TRUE,0,1,0,1900-01-01 00:00:00.000005
1466328051,2025-04-18T14:30:35.343Z,Tutoring,nl,2625JB,Delft,51.98871994018555,4.3439202308654785,7.0,TRUE,3,4,1,2025-09-24 13:00:00.000000
3293944833,2025-04-18T12:18:05.308Z,Chatting,nl,2285CG,Rijswijk,52.03864288330078,4.3038105964660645,9.0,TRUE,0,4,0,1900-01-01 00:00:00.000005
2071946743,2025-04-18T10:57:21.508Z,Tutoring,de,28757,Bremen,53.173336029052734,8.642134666442871,14.0,TRUE,8,5,2,2025-06-24 09:00:00.000000
546749294,2025-04-18T09:58:15.520Z,Chatting,nl,3031EA,Rotterdam,51.92409133911133,4.495636463165283,7.0,TRUE,0,1,0,1900-01-01 00:00:00.000005
347637649,2025-04-18T08:37:30.291Z,Introducing,nl,9725HB,Groningen,53.20574188232422,6.566365718841553,7.0,TRUE,0,3,0,1900-01-01 00:00:00.000005
2219662280,2025-04-18T01:50:58.897Z,Tutoring,nl,7522ch,Enschede,52.22979736328125,6.889613151550293,5.0,FALSE,3,1,3,2025-06-18 14:30:00.000000
3575023292,2025-04-17T18:58:27.630Z,Tutoring,nl,3066VE,Rotterdam,51.93151092529297,4.554466724395752,9.0,FALSE,8,5,2,2026-01-20 16:30:00.000000
3104478050,2025-04-17T12:04:00.364Z,Tutoring,nl,1181JC,Amstelveen,52.31521987915039,4.869580268859863,7.0,FALSE,31,12,3,2025-11-05 17:15:00.000000
2796888813,2025-04-17T11:30:59.530Z,Chatting,nl,6251NB,Eckelrade,50.80653762817383,5.76901912689209,20.0,TRUE,0,2,0,1900-01-01 00:00:00.000005
1027275991,2025-04-17T08:53:15.399Z,Tutoring,nl,9741NP,Groningen,53.23639678955078,6.54438591003418,7.0,FALSE,113,8,14,2026-03-09 17:30:00.000000
3535037257,2025-04-17T08:45:53.551Z,Tutoring,nl,2625 JM,Delft,51.98844909667969,4.343541622161865,5.0,FALSE,5,1,5,2025-06-26 11:00:00.000000
3172105125,2025-04-16T21:37:34.657Z,Active,de,38108 ,Braunschweig,52.29944610595703,10.544676780700684,4.0,TRUE,0,0,0,1900-01-01 00:00:00.000005
338271061,2025-04-16T18:46:20.475Z,Tutoring,de,04159,Leipzig,51.36920928955078,12.348689079284668,15.0,FALSE,37,10,4,2026-02-22 12:00:00.000000
4277484373,2025-04-16T18:33:23.366Z,Introducing,nl,7542ML,Enschede,52.197330474853516,6.903459548950195,7.0,TRUE,0,2,0,1900-01-01 00:00:00.000005
266599869,2025-04-16T15:56:30.335Z,Introducing,nl,5962NG,Melderslo,51.461612701416016,6.101462364196777,5.0,TRUE,0,1,0,1900-01-01 00:00:00.000005
2984822161,2025-04-16T15:06:17.401Z,Chatting,nl,6132cx,Sittard,50.99372482299805,5.873744010925293,5.0,TRUE,0,1,0,1900-01-01 00:00:00.000005
2857456694,2025-04-16T12:58:12.633Z,Active,de,42369,Wuppertal,51.22920608520508,7.214144229888916,10.0,TRUE,0,0,0,1900-01-01 00:00:00.000005
213271216,2025-04-16T09:19:51.041Z,Tutoring,nl,2717GW,Zoetermeer,52.06675338745117,4.473519802093506,5.0,TRUE,28,2,14,2026-03-29 11:00:00.000000
4152651176,2025-04-16T09:14:05.465Z,Introducing,nl,1336 CL,Almere,52.40602111816406,5.3182454109191895,7.0,TRUE,0,1,0,1900-01-01 00:00:00.000005
3799455311,2025-04-16T07:58:06.824Z,Chatting,nl,1077 ZM,Amsterdam,52.345298767089844,4.868393421173096,10.0,TRUE,0,2,0,1900-01-01 00:00:00.000005
1940134625,2025-04-16T06:07:03.503Z,Chatting,de,40227,Düsseldorf,51.21455001831055,6.808642387390137,10.0,TRUE,0,1,0,1900-01-01 00:00:00.000005
3674122806,2025-04-15T11:18:09.405Z,Introducing,nl,2135WE,Hoofddorp,52.28993606567383,4.660052299499512,20.0,TRUE,0,10,0,1900-01-01 00:00:00.000005
4185678387,2025-04-15T08:59:00.735Z,Tutoring,nl,2571TM,'s-Gravenhage,52.06887435913086,4.287802219390869,3.5,FALSE,47,14,3,2026-02-15 18:30:00.000000
2020010906,2025-04-15T07:39:24.974Z,Tutoring,nl,2131MR,Hoofddorp,52.31843948364258,4.678401470184326,10.0,TRUE,23,15,2,2025-11-21 12:30:00.000000
3941352818,2025-04-15T07:09:49.683Z,Chatting,de,22083,Hamburg,53.575767517089844,10.026152610778809,7.0,TRUE,0,1,0,1900-01-01 00:00:00.000005
3132213649,2025-04-14T21:53:02.098Z,Active,de,70469,Stuttgart,48.80575942993164,9.146553993225098,7.0,TRUE,0,0,0,1900-01-01 00:00:00.000005
3708537878,2025-04-14T19:36:22.506Z,Tutoring,de,80937,München,48.20631408691406,11.573966026306152,10.0,TRUE,23,18,1,2025-07-20 16:00:00.000000
1301671905,2025-04-14T18:32:22.937Z,Tutoring,nl,8442PB,Heerenveen,52.958984375,5.925250053405762,20.0,TRUE,14,11,1,2026-02-20 18:00:00.000000
101578440,2025-04-14T16:38:00.176Z,Tutoring,de,48149,Münster,51.97327423095703,7.611663818359375,4.0,FALSE,4,2,2,2025-06-21 09:00:00.000000
2678801978,2025-04-14T14:30:04.796Z,Tutoring,de,80933,München,48.22246170043945,11.555781364440918,8.0,TRUE,35,21,2,2026-03-01 17:00:00.000000
306087618,2025-04-14T09:47:55.216Z,Active,de,48163,Münster,51.93509292602539,7.597009181976318,7.0,TRUE,0,0,0,1900-01-01 00:00:00.000005
2472805395,2025-04-13T21:47:02.512Z,Tutoring,nl,5081MR,Hilvarenbeek,51.48979568481445,5.125022888183594,20.0,TRUE,17,12,1,2026-03-10 15:00:00.000000
3243168655,2025-04-13T19:04:16.062Z,Tutoring,nl,3972ST,Driebergen-Rijsenburg,52.056373596191406,5.267683506011963,5.0,TRUE,2,4,1,2025-06-18 13:30:00.000000
3962538068,2025-04-13T17:44:14.815Z,Tutoring,nl,1625HX,Hoorn,52.65782928466797,5.054496765136719,15.0,FALSE,57,14,4,2026-03-04 15:30:00.000000
1017511219,2025-04-13T14:44:48.464Z,Tutoring,nl,3705TD,Zeist,52.09624481201172,5.2370991706848145,10.0,TRUE,7,9,1,2025-06-28 07:00:00.000000
2686647590,2025-04-13T11:42:31.771Z,Chatting,nl,9717 BT,Groningen,53.2209587097168,6.551033020019531,4.5,TRUE,0,1,0,1900-01-01 00:00:00.000005
3295671570,2025-04-13T08:03:29.131Z,Tutoring,nl,2991kh,Barendrecht,51.84467697143555,4.546285152435303,3.5,FALSE,9,8,1,2025-05-27 14:00:00.000000
228435300,2025-04-12T12:36:18.370Z,Tutoring,nl,3134HE,Vlaardingen,51.913673400878906,4.345118999481201,10.0,FALSE,3,3,1,2025-06-04 13:00:00.000000
848907395,2025-04-12T10:21:57.327Z,Tutoring,de,41352,Korschenbroich,51.195281982421875,6.510536193847656,5.0,TRUE,9,11,1,2026-03-02 16:30:00.000000
2765594431,2025-04-11T22:53:53.475Z,Introducing,de,48161,Münster,51.95452117919922,7.542985916137695,6.0,TRUE,0,3,0,1900-01-01 00:00:00.000005
3576296029,2025-04-11T20:37:37.437Z,Active,nl,1273JR,Huizen,52.299468994140625,5.265606880187988,7.0,TRUE,0,0,0,1900-01-01 00:00:00.000005
924028684,2025-04-11T13:18:51.927Z,Active,de,13583,Berlin,52.537689208984375,13.182350158691406,7.0,TRUE,0,0,0,1900-01-01 00:00:00.000005
2571551596,2025-04-11T11:36:25.117Z,Introducing,de,61118,Bad Vilbel,50.19060134887695,8.725144386291504,10.0,TRUE,0,2,0,1900-01-01 00:00:00.000005
2206030133,2025-04-11T10:41:31.352Z,Tutoring,nl,2904CJ,Capelle aan den IJssel,51.93836975097656,4.610152721405029,3.5,FALSE,200,88,2,2026-03-25 14:00:00.000000
3429248858,2025-04-11T10:33:20.405Z,Tutoring,nl,3223HX,Hellevoetsluis,51.84304428100586,4.154379844665527,4.0,TRUE,5,11,0,2025-06-26 10:45:00.000000
3992910152,2025-04-11T09:58:41.658Z,Tutoring,nl,2316xm,Leiden,52.16680145263672,4.487938404083252,4.0,FALSE,20,2,10,2026-03-08 10:00:00.000000
2805824425,2025-04-11T09:28:01.768Z,Chatting,nl,6708PG,Wageningen,51.98027801513672,5.656843662261963,7.0,TRUE,0,1,0,1900-01-01 00:00:00.000005
2073858288,2025-04-11T08:53:20.491Z,Tutoring,de,61440,Oberursel (Taunus),50.20322799682617,8.580698013305664,7.0,TRUE,1,3,0,2025-12-04 16:00:00.000000
809545620,2025-04-11T08:52:03.063Z,Tutoring,nl,3823 JX,Amersfoort,52.1932258605957,5.398891925811768,3.5,FALSE,188,53,4,2026-03-27 19:15:00.000000
806106879,2025-04-11T07:33:26.926Z,Active,de,76437,Rastatt,48.859432220458984,8.200505256652832,20.0,TRUE,0,0,0,1900-01-01 00:00:00.000005
3993587642,2025-04-10T18:53:36.926Z,Tutoring,nl,9718CW,Groningen,53.21534729003906,6.553030014038086,10.0,FALSE,7,4,2,2025-06-27 07:30:00.000000
3376084525,2025-04-10T14:53:49.233Z,Chatting,de,90429,Nürnberg,49.44975280761719,11.051064491271973,15.0,TRUE,0,1,0,1900-01-01 00:00:00.000005
4147347795,2025-04-10T12:24:59.598Z,Active,de,12157,Berlin,52.46283721923828,13.337305068969727,10.0,TRUE,0,0,0,1900-01-01 00:00:00.000005
2700930656,2025-04-10T11:37:20.483Z,Introducing,de,59192,Bergkamen,51.61711883544922,7.599350452423096,12.0,TRUE,0,2,0,1900-01-01 00:00:00.000005
97658092,2025-04-09T20:50:22.619Z,Tutoring,nl,2926RE,Krimpen aan den IJssel,51.910369873046875,4.613399028778076,3.5,FALSE,49,16,3,2026-02-09 19:30:00.000000
1344405240,2025-04-09T19:25:02.971Z,Tutoring,nl,6921 VX,Duiven,51.94340515136719,6.0223164558410645,10.0,TRUE,10,12,1,2026-03-01 13:30:00.000000
3501334856,2025-04-09T15:53:21.530Z,Tutoring,nl,8265 SV,Kampen,52.53774642944336,5.913131237030029,20.0,FALSE,82,17,5,2026-02-10 18:00:00.000000
94245971,2025-04-09T15:20:53.425Z,Tutoring,nl,6706 ES,Wageningen,51.97719955444336,5.677383899688721,4.0,TRUE,16,13,1,2026-02-23 16:30:00.000000
4076872268,2025-04-09T13:19:31.274Z,Active,nl,3581AN,Utrecht,52.091487884521484,5.132322788238525,7.0,TRUE,0,0,0,1900-01-01 00:00:00.000005
2003777720,2025-04-09T12:11:47.967Z,Introducing,nl,2613JD,Delft,52.001625061035156,4.349818229675293,6.0,TRUE,0,6,0,1900-01-01 00:00:00.000005
3595758993,2025-04-08T23:10:01.935Z,Tutoring,nl,5622CC,Eindhoven,51.45900344848633,5.459005355834961,7.0,FALSE,22,3,7,2025-10-03 16:00:00.000000
2446499115,2025-04-08T20:32:42.875Z,Tutoring,nl,1016HD,Amsterdam,52.37299728393555,4.882621765136719,3.5,TRUE,41,23,2,2025-10-11 13:00:00.000000
2234099933,2025-04-08T18:05:31.076Z,Tutoring,nl,2518EW,'s-Gravenhage,52.08287048339844,4.292139530181885,15.0,FALSE,22,11,2,2025-05-27 15:30:00.000000
1078940639,2025-04-08T16:53:36.164Z,Tutoring,nl,8051NE,Hattem,52.4669189453125,6.064671039581299,15.0,FALSE,34,3,11,2025-06-22 08:30:00.000000
3770214030,2025-04-08T12:57:18.515Z,Active,nl,3825XM,Amersfoort,52.191768646240234,5.41650915145874,10.0,TRUE,0,0,0,1900-01-01 00:00:00.000005
188995449,2025-04-08T11:38:23.679Z,Tutoring,nl,9482PH,Tynaarlo,53.07749557495117,6.613628387451172,7.0,FALSE,1,3,0,2025-06-03 14:00:00.000000
3763593661,2025-04-08T10:07:59.052Z,Tutoring,nl,1057CD,Amsterdam,52.36954879760742,4.854542255401611,5.0,TRUE,24,13,2,2025-06-30 14:00:00.000000
3137712232,2025-04-07T21:22:08.721Z,Chatting,nl,1102 EM,Amsterdam,52.31157302856445,4.955423355102539,7.0,TRUE,0,2,0,1900-01-01 00:00:00.000005
3525210998,2025-04-07T20:48:29.430Z,Tutoring,nl,2498CT,'s-Gravenhage,52.034881591796875,4.381392478942871,7.0,FALSE,72,17,4,2026-01-31 08:00:00.000000
2220468370,2025-04-07T16:29:22.040Z,Tutoring,nl,1098ER,Amsterdam,52.349456787109375,4.941082954406738,10.0,FALSE,211,44,5,2026-03-29 10:00:00.000000
1121692098,2025-04-07T16:14:44.086Z,Chatting,nl,1223AL,Hilversum,52.23567581176758,5.197744846343994,4.0,TRUE,0,2,0,1900-01-01 00:00:00.000005
313668526,2025-04-07T14:35:57.647Z,Tutoring,nl,9711 XC,Groningen,53.21837615966797,6.576561450958252,7.0,FALSE,7,3,2,2025-06-16 16:00:00.000000
4107943038,2025-04-07T14:26:12.794Z,Tutoring,nl,2595 HE,'s-Gravenhage,52.08491897583008,4.337005615234375,8.0,TRUE,1,9,0,2025-06-22 08:00:00.000000
468210567,2025-04-07T12:43:56.936Z,Tutoring,nl,3532SK,Utrecht,52.09440994262695,5.084576606750488,3.5,TRUE,13,12,1,2025-11-05 10:30:00.000000
1574262313,2025-04-07T10:52:19.115Z,Tutoring,nl,3641 GK,Mijdrecht,52.21575927734375,4.871476173400879,20.0,FALSE,36,14,3,2026-03-29 13:00:00.000000
4238352723,2025-04-07T01:17:48.357Z,Tutoring,nl,2312SV,Leiden,52.15910720825195,4.499327182769775,20.0,FALSE,39,18,2,2025-10-08 14:15:00.000000
1421299775,2025-04-06T17:44:33.852Z,Introducing,nl,6525EC,Nijmegen,51.824180603027344,5.871288299560547,8.0,TRUE,0,2,0,1900-01-01 00:00:00.000005
1039921685,2025-04-06T14:57:05.259Z,Tutoring,nl,5616TB,Eindhoven,51.43468475341797,5.467216968536377,10.0,TRUE,13,12,1,2025-06-22 13:00:00.000000
1577066602,2025-04-05T20:46:30.892Z,Tutoring,nl,9791 BC,Ten Boer,53.27175521850586,6.691544055938721,20.0,FALSE,2,2,1,2025-06-18 11:30:00.000000
3955533942,2025-04-05T20:33:34.634Z,Chatting,nl,2625 JJ,Delft,51.98844909667969,4.343541622161865,7.0,TRUE,0,1,0,1900-01-01 00:00:00.000005
748382594,2025-04-05T18:48:55.941Z,Tutoring,nl,6511 TE,Nijmegen,51.84410095214844,5.872168064117432,20.0,FALSE,52,19,3,2026-01-26 17:45:00.000000
4112044199,2025-04-05T15:38:57.041Z,Tutoring,nl,2312AP,Leiden,52.16461944580078,4.482278347015381,7.0,TRUE,9,8,1,2025-11-25 15:00:00.000000
3290199514,2025-04-05T13:57:50.004Z,Chatting,nl,3582 ZJ,Utrecht,52.079505920410156,5.132656097412109,5.0,TRUE,0,5,0,1900-01-01 00:00:00.000005
385827024,2025-04-05T10:12:30.639Z,Active,nl,7522MH,Enschede,52.24289321899414,6.845582008361816,10.0,TRUE,0,0,0,1900-01-01 00:00:00.000005
1881480399,2025-04-05T08:53:00.404Z,Tutoring,nl,6511TE,Nijmegen,51.84410095214844,5.872168064117432,7.0,FALSE,17,3,6,2026-03-03 08:00:00.000000
975602860,2025-04-04T21:34:39.879Z,Introducing,nl,6268NA,Bemelen,50.84765625,5.770486354827881,10.0,TRUE,0,1,0,1900-01-01 00:00:00.000005
878636319,2025-04-04T17:12:23.029Z,Active,nl,2871HE,Schoonhoven,51.95610809326172,4.843184947967529,7.0,TRUE,0,0,0,1900-01-01 00:00:00.000005
1574937715,2025-04-04T16:02:40.052Z,Introducing,nl,2593xs,Groningen,52.08627700805664,4.339444160461426,5.5,TRUE,0,4,0,1900-01-01 00:00:00.000005
3020858921,2025-04-03T20:30:01.629Z,Tutoring,nl,3553RC,Utrecht,52.1104736328125,5.084412097930908,7.0,FALSE,67,13,5,2026-03-26 18:00:00.000000
872446872,2025-04-03T18:28:12.592Z,Tutoring,nl,5709NK,Helmond,51.475425720214844,5.6973700523376465,5.0,FALSE,20,2,10,2025-09-26 16:30:00.000000
319142224,2025-04-03T15:25:44.064Z,Active,de,50321,Brühl,50.833885192871094,6.870748519897461,20.0,TRUE,0,0,0,1900-01-01 00:00:00.000005
603572683,2025-04-03T13:41:47.770Z,Tutoring,nl,5655JS,Eindhoven,51.41668701171875,5.431797504425049,7.0,FALSE,41,15,3,2026-01-31 12:30:00.000000
665606514,2025-04-03T12:31:45.821Z,Chatting,nl,2661ps,Bergschenhoek,51.99217987060547,4.501947402954102,4.0,TRUE,0,1,0,1900-01-01 00:00:00.000005
2272474036,2025-04-03T12:26:15.860Z,Tutoring,nl,8011XE,Zwolle,52.515113830566406,6.09250545501709,20.0,FALSE,216,82,3,2026-03-29 10:00:00.000000
488734263,2025-04-03T10:18:08.943Z,Tutoring,nl,7514DV,Enschede,52.22723388671875,6.900623798370361,8.0,FALSE,52,9,6,2026-03-05 15:00:00.000000
2200231082,2025-04-03T07:10:35.523Z,Chatting,nl,8181ZW,Heerde,52.3950309753418,6.035892009735107,15.0,TRUE,0,1,0,1900-01-01 00:00:00.000005
3672283081,2025-04-02T17:54:48.868Z,Chatting,nl,9725gz,Groningen,53.20669937133789,6.566153049468994,5.0,TRUE,0,1,0,1900-01-01 00:00:00.000005
298423404,2025-04-02T17:14:27.711Z,Introducing,nl,2613JA,Delft,52.00192642211914,4.3517656326293945,12.0,TRUE,0,3,0,1900-01-01 00:00:00.000005
1155279107,2025-04-02T15:02:41.359Z,Chatting,nl,4223 SG,Hoornaar,51.876976013183594,4.946340084075928,10.0,TRUE,0,1,0,1900-01-01 00:00:00.000005
3953632976,2025-04-02T12:19:43.013Z,Introducing,nl,7514ZA,Enschede,52.22581100463867,6.902126312255859,7.0,TRUE,0,3,0,1900-01-01 00:00:00.000005
288384172,2025-04-02T11:22:22.667Z,Tutoring,nl,3514el,Utrecht,52.097129821777344,5.11907434463501,10.0,FALSE,41,17,2,2025-10-11 08:00:00.000000
4262523514,2025-04-02T09:21:00.089Z,Chatting,nl,8023VN,Zwolle,52.51171875,6.111927509307861,4.0,TRUE,0,2,0,1900-01-01 00:00:00.000005
620675578,2025-04-02T07:55:25.986Z,Introducing,nl,6102 TT,Echt,51.093929290771484,5.896425724029541,6.0,TRUE,0,1,0,1900-01-01 00:00:00.000005
612515931,2025-04-01T21:03:33.093Z,Tutoring,nl,6812AD,Arnhem,51.98323440551758,5.8767571449279785,6.0,TRUE,53,30,2,2026-03-10 15:15:00.000000
360327403,2025-04-01T17:57:40.462Z,Chatting,nl,9711GL,Groningen,53.21674346923828,6.57375431060791,10.0,TRUE,0,5,0,1900-01-01 00:00:00.000005
2012901604,2025-04-01T14:19:20.844Z,Tutoring,nl,6941 BD,Didam,51.94398880004883,6.127377986907959,18.0,TRUE,11,2,6,2026-02-24 14:00:00.000000
2889959091,2025-04-01T13:24:16.876Z,Tutoring,nl,6811EN,Arnhem,51.98108673095703,5.905370235443115,7.0,FALSE,38,5,8,2025-11-12 19:00:00.000000
1016224077,2025-04-01T12:12:40.532Z,Chatting,nl,3531PD,Utrecht,52.09199905395508,5.102774620056152,5.0,TRUE,0,1,0,1900-01-01 00:00:00.000005
2187734007,2025-03-31T19:57:48.833Z,Tutoring,nl,2332KS,Leiden,52.15838623046875,4.457873344421387,7.0,FALSE,2,6,0,2025-06-30 14:00:00.000000
4245551926,2025-03-31T12:10:53.396Z,Tutoring,nl,9711NT,Groningen,53.2177619934082,6.569530487060547,6.0,TRUE,23,14,2,2025-09-09 13:00:00.000000
1439105948,2025-03-30T21:15:40.592Z,Chatting,nl,3583GA,Utrecht,52.090553283691406,5.141603469848633,5.0,TRUE,0,8,0,1900-01-01 00:00:00.000005
1571681821,2025-03-30T19:09:10.527Z,Tutoring,nl,3584EC,Utrecht,52.083030700683594,5.146790027618408,7.0,FALSE,4,9,0,2025-06-12 12:00:00.000000
670746317,2025-03-30T07:39:34.494Z,Chatting,nl,7731VG,Ommen,52.52760696411133,6.435664653778076,7.0,TRUE,0,1,0,1900-01-01 00:00:00.000005
3065450188,2025-03-30T07:33:21.993Z,Active,nl,2312HH,Leiden,52.1600341796875,4.49456262588501,6.0,TRUE,0,0,0,1900-01-01 00:00:00.000005
2097545589,2025-03-29T19:49:58.534Z,Active,nl,4301BA,Zierikzee,51.64791488647461,3.9171829223632812,7.0,TRUE,0,0,0,1900-01-01 00:00:00.000005
1780760367,2025-03-29T19:37:37.758Z,Introducing,nl,6814KS,Arnhem,51.99359893798828,5.891265869140625,10.0,TRUE,0,3,0,1900-01-01 00:00:00.000005
370340393,2025-03-29T19:26:05.595Z,Tutoring,nl,1018CC,Amsterdam,52.36423873901367,4.921378135681152,7.0,FALSE,1,7,0,2025-05-01 08:00:00.000000
4248925029,2025-03-29T13:14:47.617Z,Introducing,nl,8011 CH,Zwolle,52.50836944580078,6.088803291320801,5.0,TRUE,0,3,0,1900-01-01 00:00:00.000005
1258788326,2025-03-29T12:23:11.669Z,Active,nl,5236XT,'s-Hertogenbosch,51.73265838623047,5.318761348724365,7.0,TRUE,0,0,0,1900-01-01 00:00:00.000005
489868171,2025-03-29T09:52:00.744Z,Chatting,nl,6701 AS,Wageningen,51.9667854309082,5.661961555480957,7.0,TRUE,0,1,0,1900-01-01 00:00:00.000005
3364613098,2025-03-28T22:42:21.283Z,Chatting,nl,6224AG,Maastricht,50.8536376953125,5.7054548263549805,5.0,TRUE,0,1,0,1900-01-01 00:00:00.000005
2391678872,2025-03-28T20:06:09.788Z,Introducing,nl,3532 HK,Utrecht,52.09423828125,5.092000961303711,7.0,TRUE,0,5,0,1900-01-01 00:00:00.000005
3262572155,2025-03-28T10:20:15.348Z,Tutoring,nl,2311DA,Leiden,52.1563720703125,4.491019248962402,10.0,FALSE,51,19,3,2026-02-26 14:00:00.000000
2727520932,2025-03-27T23:04:48.663Z,Introducing,nl,5263CL,Vught,51.66564178466797,5.287233829498291,10.0,TRUE,0,2,0,1900-01-01 00:00:00.000005
1171305548,2025-03-27T22:04:24.424Z,Tutoring,de,60314,Frankfurt am Main,50.11195755004883,8.703709602355957,10.0,FALSE,3,6,1,2025-06-10 17:00:00.000000
2364612729,2025-03-27T12:23:52.613Z,Active,nl,6581ed,Malden,51.802528381347656,5.851081848144531,7.0,TRUE,0,0,0,1900-01-01 00:00:00.000005
2663775654,2025-03-27T11:56:46.617Z,Tutoring,nl,2595 HE,'s-Gravenhage,52.08491897583008,4.337005615234375,6.0,FALSE,89,14,6,2026-03-12 14:15:00.000000
874945525,2025-03-26T21:30:20.562Z,Tutoring,nl,1056SE,Amsterdam,52.370948791503906,4.852102756500244,7.0,TRUE,10,11,1,2025-05-19 12:00:00.000000
1470841207,2025-03-26T21:14:26.344Z,Introducing,nl,1567EA,Assendelft,52.4874153137207,4.745941638946533,8.0,TRUE,0,3,0,1900-01-01 00:00:00.000005
2426320268,2025-03-26T14:54:40.620Z,Tutoring,nl,3022GH,Rotterdam,51.91965103149414,4.447512149810791,5.0,TRUE,32,18,2,2025-06-24 15:00:00.000000
3982091109,2025-03-26T10:26:50.691Z,Chatting,nl,3016 DJ,Rotterdam,51.90885925292969,4.479734897613525,10.0,TRUE,0,1,0,1900-01-01 00:00:00.000005
1972369269,2025-03-26T08:45:14.428Z,Tutoring,nl,7323RS,Apeldoorn,52.23699951171875,6.0005059242248535,10.0,FALSE,6,10,1,2025-07-07 16:30:00.000000
2238453678,2025-03-25T20:50:22.927Z,Tutoring,nl,2492nc,'s-Gravenhage,52.060428619384766,4.408620834350586,10.0,TRUE,6,16,0,2025-07-03 07:00:00.000000
852585988,2025-03-25T20:49:01.007Z,Tutoring,nl,3137SJ,Vlaardingen,51.94042205810547,4.3568644523620605,10.0,TRUE,9,12,1,2025-06-20 13:30:00.000000
2740198552,2025-03-25T17:10:44.804Z,Chatting,nl,1723KL,Noord-Scharwoude,52.704532623291016,4.815537929534912,7.0,TRUE,0,1,0,1900-01-01 00:00:00.000005
2876750857,2025-03-25T16:31:13.188Z,Tutoring,nl,1412KH,Naarden,52.28633499145508,5.172053813934326,5.0,TRUE,35,5,7,2026-03-05 15:30:00.000000
2582439093,2025-03-25T15:33:34.275Z,Tutoring,nl,1948AX,Beverwijk,52.48986053466797,4.693357944488525,20.0,FALSE,1,3,0,2025-05-21 18:00:00.000000
679507287,2025-03-25T14:45:11.382Z,Tutoring,nl,2311TL,Leiden,52.159461975097656,4.487616539001465,6.400000095367432,FALSE,140,40,4,2026-03-20 15:45:00.000000
2486905331,2025-03-25T14:25:57.385Z,Tutoring,nl,2625RA,Delft,51.98894119262695,4.345021724700928,12.0,FALSE,6,8,1,2025-06-06 16:15:00.000000
430195132,2025-03-25T14:14:59.693Z,Tutoring,nl,9724NL,Groningen,53.20991897583008,6.580899715423584,20.0,FALSE,2,8,0,2025-05-08 14:00:00.000000
3766740924,2025-03-25T14:10:02.565Z,Chatting,de,67487,Maikammer,49.30185317993164,8.128052711486816,3.5,TRUE,0,1,0,1900-01-01 00:00:00.000005
500051030,2025-03-25T10:49:30.209Z,Introducing,nl,7918AD,Nieuwlande,52.69470977783203,6.611384868621826,20.0,TRUE,0,2,0,1900-01-01 00:00:00.000005
1126864254,2025-03-25T09:52:40.743Z,Chatting,nl,6523NJ,Nijmegen,51.82155990600586,5.882878303527832,7.0,TRUE,0,1,0,1900-01-01 00:00:00.000005
833621865,2025-03-24T18:46:30.632Z,Chatting,nl,5721GC,Asten,51.404869079589844,5.746455192565918,5.0,TRUE,0,1,0,1900-01-01 00:00:00.000005
2255379108,2025-03-24T15:54:42.376Z,Tutoring,nl,2321AA,Leiden,52.15657424926758,4.472092628479004,4.0,TRUE,12,7,2,2025-06-19 15:00:00.000000
2442826301,2025-03-24T15:33:49.386Z,Chatting,nl,9714AM,Groningen,53.22628402709961,6.5612287521362305,7.0,TRUE,0,3,0,1900-01-01 00:00:00.000005
1384796758,2025-03-24T14:56:43.307Z,Introducing,nl,7577NP,Oldenzaal,52.32368850708008,6.904104709625244,20.0,TRUE,0,3,0,1900-01-01 00:00:00.000005
896258322,2025-03-24T12:56:40.625Z,Tutoring,nl,6703 BR,Wageningen,51.96707534790039,5.669893741607666,3.5,FALSE,52,18,3,2026-03-01 18:00:00.000000
1703301830,2025-03-23T18:04:44.529Z,Tutoring,nl,7522MH,Enschede,52.24289321899414,6.845582008361816,4.0,FALSE,17,10,2,2025-06-25 18:00:00.000000
88012317,2025-03-22T22:39:10.111Z,Introducing,nl,5042tt,Tilburg,51.571224212646484,5.047510147094727,7.0,TRUE,0,3,0,1900-01-01 00:00:00.000005
3040678103,2025-03-22T16:11:49.613Z,Active,nl,2141 MA,Vijfhuizen,52.34449005126953,4.673923969268799,8.0,TRUE,0,0,0,1900-01-01 00:00:00.000005
2741354100,2025-03-22T15:31:28.764Z,Tutoring,nl,3642DB,Mijdrecht,52.19728088378906,4.8576788902282715,5.0,FALSE,145,29,5,2026-03-19 17:00:00.000000
3825455956,2025-03-22T05:55:50.637Z,Chatting,nl,3205SC,Spijkenisse,51.83124542236328,4.34190559387207,10.0,TRUE,0,1,0,1900-01-01 00:00:00.000005
456600461,2025-03-21T16:41:22.673Z,Tutoring,nl,6845mb,Arnhem,51.94675827026367,5.872859954833984,6.5,TRUE,90,8,11,2026-03-02 17:00:00.000000
835867862,2025-03-21T16:16:20.108Z,Tutoring,nl,1701MC,Heerhugowaard,52.67803192138672,4.850399494171143,5.0,FALSE,11,8,1,2026-02-17 14:00:00.000000
1348224246,2025-03-21T13:07:17.544Z,Tutoring,nl,6541 EA,Nijmegen,51.84886169433594,5.851895809173584,15.0,FALSE,80,10,8,2026-03-30 14:30:00.000000
3092012368,2025-03-21T12:19:48.459Z,Tutoring,nl,2909RE,Capelle aan den IJssel,51.91595458984375,4.545103073120117,7.0,TRUE,6,5,1,2025-11-12 20:30:00.000000
3389202540,2025-03-21T09:08:25.418Z,Tutoring,nl,4826NS,Breda,51.60972213745117,4.780012607574463,7.0,FALSE,9,1,9,2026-01-13 12:30:00.000000
38681062,2025-03-21T09:01:43.622Z,Chatting,nl,1025LJ,Amsterdam,52.39164733886719,4.93407678604126,20.0,TRUE,0,4,0,1900-01-01 00:00:00.000005
1179144430,2025-03-21T08:56:36.577Z,Tutoring,nl,2612CK,Delft,52.0233039855957,4.351620197296143,8.0,FALSE,77,11,7,2026-03-04 15:00:00.000000
3785868737,2025-03-20T21:51:47.454Z,Tutoring,nl,1054 AC,Amsterdam,52.36538314819336,4.878392219543457,3.5,FALSE,10,9,1,2025-07-05 10:30:00.000000
4247018855,2025-03-20T18:58:38.572Z,Tutoring,nl,6531MC,Nijmegen,51.827816009521484,5.843345642089844,20.0,FALSE,48,11,4,2026-02-28 10:15:00.000000
2734254343,2025-03-20T15:55:47.327Z,Tutoring,nl,2611ea,Delft,52.00816345214844,4.359738349914551,9.0,TRUE,14,26,1,2025-05-11 13:30:00.000000
2450020919,2025-03-20T13:29:35.664Z,Tutoring,nl,1011CD,Amsterdam,52.372344970703125,4.904934883117676,8.0,TRUE,66,33,2,2025-12-13 11:00:00.000000
4038985715,2025-03-20T11:26:00.659Z,Tutoring,nl,3582TG,Utrecht,52.079017639160156,5.126259803771973,7.0,FALSE,15,5,3,2025-06-18 14:00:00.000000
1526071530,2025-03-19T21:09:02.389Z,Active,nl,1616GJ,Hoogkarspel,52.69211959838867,5.167773246765137,3.5,TRUE,0,0,0,1900-01-01 00:00:00.000005
1718159222,2025-03-19T20:54:45.789Z,Tutoring,nl,2642ZW,Pijnacker,52.01932907104492,4.4478936195373535,20.0,FALSE,2,5,0,2025-05-07 08:00:00.000000
2440690283,2025-03-19T19:53:37.946Z,Tutoring,nl,2721KG,Zoetermeer,52.0529670715332,4.538589000701904,10.0,FALSE,6,3,2,2025-05-19 11:00:00.000000
416591958,2025-03-19T18:18:49.433Z,Tutoring,nl,1096GG,Amsterdam,52.33854675292969,4.920102119445801,9.0,TRUE,5,22,0,2025-05-10 11:00:00.000000
676275927,2025-03-19T17:00:26.754Z,Chatting,nl,7461MD,Rijssen,52.31073760986328,6.522115707397461,15.0,TRUE,0,1,0,1900-01-01 00:00:00.000005
338049613,2025-03-19T12:27:31.100Z,Introducing,nl,9711CV,Groningen,53.21590042114258,6.5716023445129395,3.5,TRUE,0,7,0,1900-01-01 00:00:00.000005
2395912720,2025-03-19T10:09:20.740Z,Tutoring,nl,9715GX,Groningen,53.23215866088867,6.565497398376465,5.0,TRUE,19,11,2,2025-07-01 18:00:00.000000
2050875055,2025-03-18T21:37:40.590Z,Tutoring,nl,1062HK,Amsterdam,52.35581970214844,4.836343765258789,6.0,FALSE,3,7,0,2025-05-22 10:30:00.000000
234965500,2025-03-18T20:35:54.788Z,Introducing,nl,2612CG,Delft,52.02342224121094,4.353107929229736,10.0,TRUE,0,2,0,1900-01-01 00:00:00.000005
2033881197,2025-03-18T19:18:50.458Z,Tutoring,nl,5632CM,Eindhoven,51.46783447265625,5.49323844909668,5.0,FALSE,15,5,3,2025-12-03 13:00:00.000000
3931562976,2025-03-18T17:26:47.408Z,Tutoring,nl,2628JV,Delft,52.00383377075195,4.379875659942627,15.0,TRUE,22,12,2,2025-11-23 11:00:00.000000
2463385016,2025-03-18T15:17:00.624Z,Tutoring,nl,6531ED,Nijmegen,51.8359375,5.847797870635986,5.0,FALSE,10,10,1,2026-01-22 15:30:00.000000
1288811363,2025-03-18T11:57:02.500Z,Tutoring,nl,6533SL,Nijmegen,51.815277099609375,5.850876331329346,20.0,FALSE,75,13,6,2026-06-28 08:00:00.000000
1850356033,2025-03-18T11:13:11.591Z,Tutoring,nl,2496mv,'s-Gravenhage,52.04658508300781,4.3750433921813965,11.0,FALSE,58,17,3,2025-10-22 14:30:00.000000
3322656597,2025-03-18T10:08:40.258Z,Tutoring,nl,3069CR,Rotterdam,51.96416473388672,4.54426383972168,10.0,TRUE,2,11,0,2025-04-07 13:00:00.000000
3542928437,2025-03-18T09:07:12.672Z,Tutoring,nl,2925CM,Krimpen aan den IJssel,51.91638946533203,4.620106220245361,12.0,TRUE,41,21,2,2026-01-23 16:00:00.000000
1700180389,2025-03-17T17:18:45.171Z,Active,nl,6537 CV,Nijmegen,51.80732345581055,5.797557353973389,7.0,TRUE,0,0,0,1900-01-01 00:00:00.000005
136106478,2025-03-17T13:46:01.984Z,Tutoring,nl,1103 DA,Amsterdam,52.32146453857422,4.9609599113464355,7.0,TRUE,1,8,0,2025-04-28 13:45:00.000000
485674352,2025-03-17T12:47:05.576Z,Tutoring,nl,4891XV,Rijsbergen,51.5246696472168,4.695053577423096,3.5,FALSE,13,6,2,2025-06-10 12:30:00.000000
649860047,2025-03-17T12:14:47.133Z,Tutoring,nl,2611CZ,Delft,52.01100540161133,4.362757682800293,20.0,TRUE,10,11,1,2025-05-22 17:00:00.000000
2840147820,2025-03-17T11:32:06.403Z,Tutoring,nl,7553TH,Hengelo,52.25560760498047,6.775110721588135,4.0,FALSE,8,7,1,2025-11-14 13:30:00.000000
1902817161,2025-03-17T11:07:32.072Z,Tutoring,nl,3022NJ,Rotterdam,51.919029235839844,4.453582286834717,20.0,TRUE,31,18,2,2025-06-28 12:00:00.000000
3627046375,2025-03-16T10:46:18.703Z,Introducing,nl,4651RX,Steenbergen,51.576377868652344,4.309189319610596,20.0,FALSE,4,4,1,2025-05-18 09:00:00.000000
274760646,2025-03-15T17:27:42.057Z,Tutoring,nl,3022NJ,Rotterdam,51.91912841796875,4.453584671020508,10.0,FALSE,7,4,2,2025-05-06 16:00:00.000000
1652738679,2025-03-15T15:16:57.025Z,Tutoring,nl,3194 NB,Hoogvliet Rotterdam,51.86656188964844,4.368708610534668,15.0,FALSE,15,10,2,2025-07-01 18:00:00.000000
3352525997,2025-03-15T13:02:57.572Z,Tutoring,nl,9728 BE,Groningen,53.1978874206543,6.558116912841797,4.0,FALSE,4,2,2,2025-06-17 17:00:00.000000
93690675,2025-03-14T19:01:16.961Z,Tutoring,nl,2321KT,Leiden,52.145320892333984,4.492917537689209,5.0,FALSE,20,8,3,2026-03-29 09:00:00.000000
4066835504,2025-03-14T16:46:29.358Z,Tutoring,nl,2612CK,Delft,52.0233039855957,4.351620197296143,5.0,TRUE,15,11,1,2025-06-16 18:30:00.000000
2037756371,2025-03-14T14:03:05.204Z,Introducing,nl,1325al,Almere,52.37419891357422,5.2259135246276855,7.0,TRUE,0,7,0,1900-01-01 00:00:00.000005
1399851145,2025-03-14T13:35:45.749Z,Tutoring,nl,3984 LG,Odijk,52.04366683959961,5.231517791748047,7.0,TRUE,18,11,2,2025-06-23 17:00:00.000000
2288669423,2025-03-14T11:36:53.908Z,Chatting,de,71067,Sindelfingen,48.72498321533203,8.985355377197266,4.0,TRUE,0,1,0,1900-01-01 00:00:00.000005
1378306732,2025-03-14T11:30:16.111Z,Introducing,nl,6641HM,Beuningen Gld,51.863101959228516,5.766422271728516,10.0,TRUE,0,3,0,1900-01-01 00:00:00.000005
3081213558,2025-03-14T00:35:29.689Z,Tutoring,nl,3521 TX,Utrecht,52.08547592163086,5.111645221710205,10.0,FALSE,12,3,4,2025-05-21 13:00:00.000000
3358670363,2025-03-13T19:22:57.733Z,Tutoring,nl,6708TD,Wageningen,51.98573303222656,5.646479606628418,10.0,FALSE,2,4,1,2025-05-11 16:30:00.000000
3001707541,2025-03-13T19:11:20.654Z,Tutoring,nl,6524HG,Nijmegen,51.83869934082031,5.861048221588135,7.0,TRUE,20,12,2,2026-02-23 18:00:00.000000
2889063988,2025-03-12T19:56:32.142Z,Tutoring,nl,5041 CP,Tilburg,51.56529235839844,5.082736015319824,5.0,FALSE,35,17,2,2025-06-15 17:30:00.000000
1355907155,2025-03-12T18:11:11.375Z,Tutoring,nl,9714EW,Groningen,53.23021697998047,6.570724010467529,10.0,FALSE,2,4,1,2025-06-22 14:00:00.000000
2674384455,2025-03-12T17:58:58.077Z,Tutoring,nl,2561xg,'s-Gravenhage,52.07558822631836,4.274425506591797,10.0,FALSE,22,9,2,2025-06-17 17:30:00.000000
2949543650,2025-03-12T17:48:47.619Z,Tutoring,nl,7522NG,Enschede,52.24638748168945,6.846689224243164,5.0,FALSE,43,17,3,2026-02-11 17:00:00.000000
188049826,2025-03-12T14:36:41.276Z,Chatting,nl,9711HX,Groningen,53.21647644042969,6.560644149780273,7.0,TRUE,0,1,0,1900-01-01 00:00:00.000005
891497843,2025-03-12T10:22:52.349Z,Introducing,de,44227,Dortmund,51.49424362182617,7.431602954864502,5.0,TRUE,0,5,0,1900-01-01 00:00:00.000005
2546754334,2025-03-11T20:29:32.442Z,Tutoring,de,60314,Frankfurt am Main,50.11268997192383,8.706204414367676,20.0,TRUE,58,27,2,2026-02-16 17:00:00.000000
4051034139,2025-03-11T18:23:47.297Z,Introducing,nl,4814 TE,Breda,51.58949279785156,4.746118545532227,8.0,TRUE,0,8,0,1900-01-01 00:00:00.000005
3238221540,2025-03-11T17:39:28.620Z,Tutoring,nl,3721JV,Bilthoven,52.11814880371094,5.1791090965271,7.0,TRUE,4,4,1,2025-04-17 12:30:00.000000
3330848033,2025-03-11T13:45:08.360Z,Tutoring,nl,3741ww,Baarn,52.215789794921875,5.2815046310424805,5.0,FALSE,10,5,2,2025-07-05 13:30:00.000000
2616023795,2025-03-11T13:12:19.472Z,Tutoring,nl,1566 DS,Assendelft,52.47135543823242,4.750148296356201,20.0,FALSE,6,7,1,2025-05-29 12:00:00.000000
1151384167,2025-03-11T12:50:55.746Z,Tutoring,nl,6815GN,Arnhem,52.00381088256836,5.9000630378723145,7.0,FALSE,52,11,5,2026-03-05 18:00:00.000000
388275460,2025-03-11T12:34:52.075Z,Tutoring,nl,1185 JV,Amstelveen,52.29771041870117,4.849001884460449,6.0,TRUE,27,16,2,2025-05-11 09:30:00.000000
644142323,2025-03-11T12:14:09.490Z,Tutoring,nl,2628CK,Delft,52.00045394897461,4.376770496368408,10.0,FALSE,13,6,2,2025-05-18 14:00:00.000000
2796523555,2025-03-11T12:13:09.219Z,Tutoring,nl,9221SJ,Rottevalle,53.15227127075195,6.091594696044922,20.0,FALSE,5,3,2,2025-06-26 18:00:00.000000
3268467656,2025-03-11T11:48:26.301Z,Tutoring,nl,3039HK,Rotterdam,51.92989730834961,4.4583845138549805,5.0,FALSE,49,16,3,2025-06-17 15:00:00.000000
2130620782,2025-03-11T10:37:41.762Z,Tutoring,nl,2313EG,Leiden,52.15038299560547,4.50828742980957,3.5,TRUE,81,41,2,2026-03-31 16:00:00.000000
3736452623,2025-03-11T09:31:23.306Z,Tutoring,nl,3552HM,Utrecht,52.11052322387695,5.100117206573486,6.0,FALSE,5,2,3,2025-06-25 13:00:00.000000
478438671,2025-03-11T07:58:03.234Z,Tutoring,nl,2036 kt,Haarlem,52.351566314697266,4.647017478942871,20.0,TRUE,11,3,4,2025-06-15 18:00:00.000000
831798459,2025-03-11T07:37:23.370Z,Chatting,nl,1511KR,Oostzaan,52.43521499633789,4.870851516723633,7.0,TRUE,0,3,0,1900-01-01 00:00:00.000005
3834935725,2025-03-11T07:03:57.066Z,Tutoring,nl,6511MA,Nijmegen,51.84341812133789,5.86525297164917,6.0,TRUE,79,40,2,2025-11-17 10:30:00.000000
4126399316,2025-03-10T18:07:44.138Z,Tutoring,nl,9712XD,Groningen,53.225433349609375,6.55871057510376,7.0,FALSE,5,5,1,2025-05-02 11:30:00.000000
1658906658,2025-03-10T15:44:52.287Z,Tutoring,nl,6216EG,Maastricht,50.847896575927734,5.668814182281494,5.0,FALSE,13,6,2,2025-07-06 08:00:00.000000
1267952614,2025-03-10T13:24:22.432Z,Tutoring,nl,2563GW,'s-Gravenhage,52.07017517089844,4.27357292175293,12.0,FALSE,50,11,5,2026-02-19 08:30:00.000000
2298466609,2025-03-10T09:27:41.350Z,Tutoring,nl,9741CB,Groningen,53.22952651977539,6.555076599121094,3.5,FALSE,90,35,3,2026-03-02 18:00:00.000000
1497398210,2025-03-09T20:14:55.801Z,Chatting,nl,2553ED,'s-Gravenhage,52.03861618041992,4.232961654663086,7.0,TRUE,0,1,0,1900-01-01 00:00:00.000005
3396871023,2025-03-09T19:19:15.382Z,Active,nl,5271 ND,Sint-Michielsgestel,51.6363410949707,5.34100341796875,6.0,TRUE,0,0,0,1900-01-01 00:00:00.000005
3183413448,2025-03-09T08:06:59.812Z,Tutoring,de,64546,Mörfelden-Walldorf,50.013755798339844,8.579371452331543,20.0,TRUE,5,13,0,2025-05-11 15:00:00.000000
422234286,2025-03-08T22:32:55.383Z,Tutoring,nl,3515GS,Utrecht,52.10137176513672,5.112220287322998,7.0,FALSE,58,18,3,2026-02-26 18:30:00.000000
1033468182,2025-03-08T17:07:27.442Z,Tutoring,nl,2611EH,Delft,52.009986877441406,4.3588948249816895,3.5,FALSE,19,4,5,2025-07-03 13:00:00.000000
1778404174,2025-03-08T13:18:37.555Z,Tutoring,nl,2525vn,'s-Gravenhage,52.06293487548828,4.309463024139404,12.0,TRUE,34,19,2,2026-01-20 15:30:00.000000
583224332,2025-03-08T09:55:25.614Z,Introducing,nl,2641ht,Pijnacker,52.01590347290039,4.432460784912109,5.0,TRUE,0,1,0,1900-01-01 00:00:00.000005
518380897,2025-03-08T09:39:15.202Z,Tutoring,nl,8013 XP,Zwolle,52.5020751953125,6.113965034484863,7.0,TRUE,2,5,0,2025-03-15 15:00:06.556000
1734964056,2025-03-07T20:41:38.214Z,Tutoring,nl,5021vn,Tilburg,51.548606872558594,5.080618381500244,20.0,TRUE,42,21,2,2025-06-27 06:00:00.000000
1637822586,2025-03-07T17:59:46.541Z,Chatting,nl,6224JB,Maastricht,50.84870147705078,5.7165727615356445,6.0,TRUE,0,1,0,1900-01-01 00:00:00.000005
3174371912,2025-03-07T08:45:59.810Z,Tutoring,nl,2514EL,'s-Gravenhage,52.081600189208984,4.312502384185791,7.0,TRUE,61,30,2,2026-02-24 17:00:00.000000
3151822586,2025-03-06T10:55:15.844Z,Chatting,nl,6814br,Arnhem,51.98942947387695,5.908172607421875,6.0,TRUE,0,1,0,1900-01-01 00:00:00.000005
1736676197,2025-03-06T10:27:21.108Z,Introducing,de,86152,Augsburg,48.36743927001953,10.903700828552246,5.0,TRUE,0,2,0,1900-01-01 00:00:00.000005
3611327500,2025-03-06T09:33:43.700Z,Tutoring,nl,1985GJ,Driehuis NH,52.447574615478516,4.6353840827941895,13.0,TRUE,50,24,2,2026-02-27 10:00:00.000000
2809922066,2025-03-06T09:31:47.133Z,Tutoring,nl,6211NJ,Maastricht,50.847774505615234,5.681883811950684,7.0,FALSE,19,9,2,2026-03-08 14:00:00.000000
2953279454,2025-03-05T19:52:29.214Z,Tutoring,nl,1321PS,Almere,52.35541915893555,5.181407451629639,10.0,FALSE,93,6,16,2026-02-05 14:30:00.000000
227469355,2025-03-05T15:22:20.332Z,Tutoring,nl,2225ZN,Katwijk,52.20655822753906,4.397767543792725,10.0,FALSE,9,3,3,2025-05-07 15:00:00.000000
2820754866,2025-03-05T13:47:41.305Z,Tutoring,nl,1011HH,Amsterdam,52.37058639526367,4.8995795249938965,4.0,FALSE,78,32,2,2026-01-28 15:00:00.000000
95661815,2025-03-05T09:28:05.245Z,Tutoring,nl,2573LS,'s-Gravenhage,52.068214416503906,4.282794952392578,10.0,TRUE,90,41,2,2026-02-19 14:00:00.000000
2020015300,2025-03-05T07:41:17.086Z,Introducing,nl,3584LJ,Utrecht,52.08559036254883,5.173527240753174,7.0,TRUE,0,6,0,1900-01-01 00:00:00.000005
1133051893,2025-03-04T20:48:54.223Z,Active,de,51065,Köln,50.95613098144531,7.008224964141846,7.0,TRUE,0,0,0,1900-01-01 00:00:00.000005
116742522,2025-03-04T18:34:31.729Z,Active,nl,1107WD,Amsterdam,52.29198455810547,4.977101802825928,10.0,TRUE,0,0,0,1900-01-01 00:00:00.000005
1152341773,2025-03-04T17:59:04.726Z,Tutoring,nl,3071ZH,Rotterdam,51.90435028076172,4.507692337036133,5.0,TRUE,6,9,1,2025-04-24 14:00:00.000000
702331258,2025-03-04T13:26:15.169Z,Tutoring,nl,3075BS,Rotterdam,51.88100051879883,4.506326675415039,10.0,TRUE,8,15,1,2025-05-15 17:30:00.000000
3818574171,2025-03-04T13:18:37.122Z,Tutoring,nl,6336TS,Hulsberg,50.888851165771484,5.858397006988525,15.0,FALSE,3,7,0,2025-05-14 15:45:00.000000
774327278,2025-03-04T13:10:29.989Z,Tutoring,nl,2645GB,Delfgauw,52.00800704956055,4.392333984375,6.0,FALSE,25,3,8,2025-10-14 14:30:00.000000
2479074361,2025-03-04T12:46:25.328Z,Active,nl,7544 LE,Enschede,52.18540573120117,6.878625869750977,7.0,TRUE,0,0,0,1900-01-01 00:00:00.000005
3658185889,2025-03-03T23:01:36.829Z,Tutoring,nl,5643HL,Eindhoven,51.41750717163086,5.501709938049316,7.0,FALSE,3,8,0,2025-04-18 08:00:00.000000
4002421497,2025-03-03T17:15:29.723Z,Active,nl,9726 AT,Groningen,53.212486267089844,6.561237335205078,6.0,TRUE,0,0,0,1900-01-01 00:00:00.000005
551398343,2025-03-03T14:36:27.631Z,Active,nl,9247CL,Ureterp,53.10636520385742,6.15561580657959,20.0,TRUE,0,0,0,1900-01-01 00:00:00.000005
3270772593,2025-03-03T12:54:08.757Z,Tutoring,nl,1271BB,Huizen,52.29496765136719,5.2369384765625,10.0,FALSE,18,3,6,2025-08-27 09:00:00.000000
4016383518,2025-03-03T11:48:05.578Z,Tutoring,nl,3581MP,Utrecht,52.085330963134766,5.132019519805908,7.0,TRUE,22,12,2,2025-07-08 12:00:00.000000
555628240,2025-03-03T11:37:44.350Z,Tutoring,nl,1011BN,Amsterdam,52.37284851074219,4.90585470199585,10.0,FALSE,7,9,1,2025-04-19 09:30:00.000000
2904328154,2025-03-03T09:43:10.791Z,Tutoring,nl,2401KA,Alphen aan den Rijn,52.15608215332031,4.660489559173584,10.0,FALSE,99,31,3,2026-03-18 16:45:00.000000
2489664273,2025-03-03T09:14:24.198Z,Chatting,nl,4927AB,Hooge Zwaluwe,51.692073822021484,4.741741180419922,20.0,TRUE,0,1,0,1900-01-01 00:00:00.000005
3392397947,2025-03-02T21:04:58.571Z,Introducing,nl,9713JX,Groningen,53.22659683227539,6.570773124694824,5.0,FALSE,6,2,3,2025-03-27 15:30:48.015000
2796550301,2025-03-02T18:57:05.116Z,Tutoring,nl,2611 AV,Delft,52.014991760253906,4.351086616516113,7.0,FALSE,3,3,1,2025-05-13 13:00:00.000000
1826166152,2025-03-02T17:13:26.431Z,Tutoring,nl,2723TT,Zoetermeer,52.066314697265625,4.519766330718994,7.0,FALSE,20,2,10,2026-02-25 15:00:00.000000
2141867402,2025-03-02T12:55:38.735Z,Tutoring,nl,3317 LL,Dordrecht,51.788787841796875,4.659026145935059,7.0,FALSE,41,9,5,2026-03-21 09:00:00.000000
1331752080,2025-03-02T12:18:00.478Z,Chatting,nl,7721JG,Dalfsen,52.515464782714844,6.247771739959717,15.0,TRUE,0,1,0,1900-01-01 00:00:00.000005
4214560043,2025-03-01T23:37:13.792Z,Introducing,nl,3584 LC ,Utrecht,52.08559036254883,5.173527240753174,20.0,TRUE,0,7,0,1900-01-01 00:00:00.000005
397983637,2025-03-01T21:40:40.019Z,Tutoring,nl,3192 KC,Hoogvliet Rotterdam,51.848968505859375,4.373270511627197,5.0,TRUE,4,11,0,2025-03-29 19:00:00.000000
2340912458,2025-03-01T17:03:49.081Z,Tutoring,nl,9355TD,Midwolde,53.17966842651367,6.3909196853637695,20.0,TRUE,10,5,2,2026-03-27 15:30:00.000000
3562311626,2025-03-01T13:07:25.029Z,Tutoring,nl,6891AR,Rozendaal,52.001033782958984,5.961805820465088,10.0,FALSE,65,19,3,2026-03-03 18:00:00.000000
4277094126,2025-03-01T11:54:50.106Z,Tutoring,nl,2625BK,Delft,51.99538803100586,4.338064670562744,3.5,FALSE,167,16,10,2026-03-03 10:00:00.000000
3944555328,2025-02-28T15:11:55.754Z,Tutoring,nl,7001 DJ,Doetinchem,51.9680290222168,6.29228401184082,20.0,TRUE,20,12,2,2025-06-03 16:30:00.000000
3227720492,2025-02-28T11:29:59.709Z,Tutoring,de,44267,Dortmund,51.45845031738281,7.541099548339844,11.0,FALSE,52,16,3,2026-02-19 17:00:00.000000
2254164041,2025-02-27T19:46:39.555Z,Tutoring,nl,2282VT,Rijswijk,52.05453872680664,4.33351469039917,10.0,FALSE,34,6,6,2025-12-15 14:00:00.000000
1896996107,2025-02-27T19:10:30.382Z,Tutoring,nl,4902NT,Oosterhout,51.63747787475586,4.845309257507324,10.0,FALSE,11,8,1,2025-06-24 17:00:00.000000
828873143,2025-02-27T18:01:58.413Z,Active,nl,7544PE,Enschede,52.197200775146484,6.874174118041992,20.0,TRUE,0,0,0,1900-01-01 00:00:00.000005
1528407385,2025-02-27T11:55:50.958Z,Tutoring,nl,1102VS,Amsterdam,52.32172393798828,4.944206714630127,3.5,TRUE,10,11,1,2025-06-22 14:15:00.000000
3296027361,2025-02-27T11:42:43.908Z,Introducing,nl,1115 VJ,Duivendrecht,52.3306884765625,4.934018135070801,20.0,TRUE,0,7,0,1900-01-01 00:00:00.000005
689026153,2025-02-27T08:48:54.066Z,Introducing,nl,9711BM,Groningen,53.2137451171875,6.566962718963623,10.0,TRUE,0,1,0,1900-01-01 00:00:00.000005
1200944003,2025-02-26T17:09:36.647Z,Tutoring,de,42119,Wuppertal,51.251644134521484,7.151431083679199,3.5,FALSE,30,7,4,2026-02-24 18:15:00.000000
1729118951,2025-02-26T13:20:43.503Z,Introducing,nl,1079 BL,Amsterdam,52.341575622558594,4.897330284118652,7.0,TRUE,0,4,0,1900-01-01 00:00:00.000005
2904336201,2025-02-26T12:54:46.828Z,Tutoring,nl,6522EH,Nijmegen,51.8425178527832,5.8776021003723145,5.0,FALSE,56,6,9,2026-04-13 17:30:00.000000
949823266,2025-02-26T12:19:07.449Z,Introducing,de,40210,Düsseldorf,51.21953201293945,6.787662982940674,7.0,TRUE,0,2,0,1900-01-01 00:00:00.000005
3815288569,2025-02-26T11:54:02.285Z,Tutoring,nl,2729DW,Zoetermeer,52.066162109375,4.536991596221924,7.0,FALSE,87,5,17,2026-02-22 09:00:00.000000
2415841086,2025-02-26T09:47:15.666Z,Tutoring,de,67063,Ludwigshafen am Rhein,49.48752212524414,8.440045356750488,7.0,FALSE,35,14,3,2025-06-30 14:30:00.000000
3534053246,2025-02-25T21:08:33.357Z,Introducing,de,40237,Düsseldorf,51.234596252441406,6.797982692718506,8.0,TRUE,0,2,0,1900-01-01 00:00:00.000005
3926285744,2025-02-25T16:08:09.065Z,Tutoring,nl,5611HS,Eindhoven,51.43751525878906,5.470048904418945,5.0,FALSE,3,2,2,2025-04-15 17:00:00.000000
1033096780,2025-02-25T11:42:39.239Z,Tutoring,nl,2544PZ,'s-Gravenhage,52.02641677856445,4.24976921081543,20.0,FALSE,22,6,4,2025-05-30 14:00:00.000000
14389107,2025-02-24T20:40:46.608Z,Tutoring,nl,2907DD,Capelle aan den IJssel,51.95288848876953,4.595677852630615,20.0,FALSE,43,5,9,2026-02-23 16:30:00.000000
1995246290,2025-02-24T19:29:19.528Z,Tutoring,nl,2012MB,Haarlem,52.36962890625,4.617558002471924,7.0,TRUE,28,14,2,2025-06-24 14:45:00.000000
2674349367,2025-02-24T16:52:27.835Z,Chatting,nl,8032ek,Zwolle,52.53024673461914,6.095198631286621,7.0,TRUE,0,5,0,1900-01-01 00:00:00.000005
1659692050,2025-02-24T15:19:22.415Z,Tutoring,nl,3768BH,Velp,52.16072463989258,5.297990322113037,3.5,TRUE,19,12,2,2025-11-04 15:30:00.000000
1344437751,2025-02-24T15:11:41.662Z,Tutoring,nl,2628EP,Delft,52.00818634033203,4.379147529602051,5.0,TRUE,1,15,0,2025-03-13 08:00:00.000000
1073996128,2025-02-24T14:42:32.262Z,Tutoring,nl,1442SN,Purmerend,52.514556884765625,4.964049816131592,15.0,TRUE,18,11,2,2025-06-28 08:00:00.000000
2024237860,2025-02-24T13:50:49.019Z,Tutoring,nl,1183LP,Amstelveen,52.304805755615234,4.873404502868652,5.0,TRUE,9,11,1,2025-04-19 08:30:00.000000
2540888883,2025-02-24T13:19:00.230Z,Tutoring,nl,6525 AV,Nijmegen,51.827064514160156,5.870109558105469,10.0,FALSE,37,18,2,2026-02-26 15:00:00.000000
2169467753,2025-02-24T13:09:31.875Z,Tutoring,nl,5682 GA,Best,51.51539611816406,5.391287803649902,15.0,FALSE,56,6,9,2026-06-29 13:30:00.000000
1750192001,2025-02-24T12:28:46.121Z,Introducing,de,24109,Kiel,54.31282424926758,10.049455642700195,7.0,TRUE,0,5,0,1900-01-01 00:00:00.000005
334618762,2025-02-24T12:17:11.195Z,Tutoring,nl,3764 CP,Soest,52.17103576660156,5.309537887573242,3.5,TRUE,47,21,2,2026-03-02 19:00:00.000000
1710815362,2025-02-24T10:31:14.454Z,Tutoring,nl,3131PR,Vlaardingen,51.90541458129883,4.342132091522217,10.0,FALSE,53,9,6,2026-02-19 16:00:00.000000
2762454379,2025-02-24T08:10:09.331Z,Tutoring,nl,6211TB,Maastricht,50.85064697265625,5.6878252029418945,10.0,FALSE,25,12,2,2025-06-26 14:00:00.000000
3761331566,2025-02-23T21:31:09.671Z,Tutoring,nl,6537LX,Nijmegen,51.81792068481445,5.796995639801025,10.0,TRUE,12,8,2,2025-06-30 15:00:00.000000
194792661,2025-02-23T15:34:47.436Z,Tutoring,nl,2321 DP,Leiden,52.14780044555664,4.4831438064575195,5.0,TRUE,19,18,1,2025-05-28 13:00:00.000000
2822522022,2025-02-23T14:32:09.492Z,Chatting,nl,9737MN,Groningen,53.24641418457031,6.590580940246582,12.0,TRUE,0,1,0,1900-01-01 00:00:00.000005
585585203,2025-02-23T13:27:51.560Z,Tutoring,nl,7553TH,Hengelo,52.25560760498047,6.775110721588135,20.0,FALSE,54,20,3,2025-05-17 17:00:00.000000
1838241406,2025-02-22T23:57:48.378Z,Tutoring,nl,7683CJ,Den Ham,52.460845947265625,6.4921722412109375,15.0,FALSE,7,5,1,2025-06-18 14:00:00.000000
3689880310,2025-02-22T20:45:05.811Z,Tutoring,nl,3371HA,Hardinxveld-Giessendam,51.82780456542969,4.829892635345459,10.0,TRUE,5,16,0,2025-07-18 17:00:00.000000
4155926892,2025-02-22T18:12:11.728Z,Tutoring,nl,3572KP,Utrecht,52.09878158569336,5.138041019439697,3.5,FALSE,41,11,4,2026-02-26 16:00:00.000000
1598850827,2025-02-22T17:06:57.530Z,Tutoring,nl,1053JS,Amsterdam,52.36516189575195,4.868954181671143,15.0,TRUE,2,13,0,2025-03-26 14:45:33.224000
1677679780,2025-02-22T16:32:12.741Z,Tutoring,nl,2901GA,Capelle aan den IJssel,51.91561508178711,4.561894416809082,7.0,FALSE,37,7,5,2025-04-30 15:00:00.000000
4267387876,2025-02-22T16:17:47.341Z,Tutoring,nl,6891 AE,Rozendaal,52.00165939331055,5.958614349365234,10.0,TRUE,52,24,2,2026-03-03 19:00:00.000000
4256555537,2025-02-22T14:39:53.055Z,Tutoring,nl,3581 JG,Utrecht,52.09001922607422,5.136115550994873,3.5,FALSE,11,3,4,2025-09-06 08:00:00.000000
4098991331,2025-02-21T21:19:06.021Z,Active,nl,3886PG,Garderen,52.23670196533203,5.689640998840332,7.0,TRUE,0,0,0,1900-01-01 00:00:00.000005
4009202184,2025-02-21T20:53:07.731Z,Tutoring,nl,2611TB,Delft,52.01230239868164,4.365993499755859,7.0,FALSE,8,5,2,2025-05-05 10:00:00.000000
127082165,2025-02-21T13:35:47.590Z,Introducing,nl,2719md,Zoetermeer,52.04572677612305,4.460076332092285,7.0,TRUE,0,1,0,1900-01-01 00:00:00.000005
3253355755,2025-02-21T13:09:35.894Z,Tutoring,nl,4844VL,Terheijden,51.641746520996094,4.7596211433410645,7.0,TRUE,8,14,1,2025-06-08 11:00:00.000000
327750234,2025-02-21T10:45:00.564Z,Tutoring,nl,5616GN,Eindhoven,51.440853118896484,5.4534993171691895,7.0,FALSE,65,15,4,2026-05-20 13:00:00.000000
1357585688,2025-02-20T18:35:01.569Z,Introducing,nl,9713SG,Groningen,53.22490692138672,6.58012580871582,6.0,TRUE,0,2,0,1900-01-01 00:00:00.000005
1885282002,2025-02-20T18:24:26.997Z,Tutoring,de,86944,Unterdießen,47.981346130371094,10.833316802978516,20.0,TRUE,8,11,1,2025-12-04 15:00:00.000000
3235792227,2025-02-20T15:48:18.570Z,Tutoring,nl,2728AX,Zoetermeer,52.0770263671875,4.514283657073975,7.0,TRUE,15,11,1,2025-10-23 11:00:00.000000
2701599887,2025-02-20T14:29:46.263Z,Tutoring,nl,7511EJ,Enschede,52.22149658203125,6.893600940704346,8.0,FALSE,14,3,5,2025-05-12 08:30:00.000000
456409137,2025-02-20T14:12:15.481Z,Tutoring,nl,5262jx,Vught,51.639041900634766,5.281996726989746,17.0,FALSE,28,12,2,2026-03-18 13:45:00.000000
4017280596,2025-02-20T13:46:38.175Z,Introducing,nl,2312AX,Leiden,52.16493225097656,4.4847540855407715,7.0,TRUE,0,5,0,1900-01-01 00:00:00.000005
248480412,2025-02-20T11:11:30.867Z,Tutoring,nl,8911AD,Leeuwarden,53.19746017456055,5.790197372436523,7.0,FALSE,217,37,6,2026-04-21 14:15:00.000000
3855505238,2025-02-20T09:26:55.750Z,Introducing,nl,9736 PE,Groningen,53.24706268310547,6.6026201248168945,7.0,TRUE,0,3,0,1900-01-01 00:00:00.000005
3263364687,2025-02-20T08:35:26.378Z,Tutoring,nl,6702BZ,Wageningen,51.96611022949219,5.652617931365967,7.0,FALSE,2,6,0,2025-03-11 11:00:00.000000
1317893724,2025-02-19T20:17:11.278Z,Tutoring,nl,3085TD,Rotterdam,51.872779846191406,4.49163818359375,20.0,TRUE,13,18,1,2025-04-06 10:00:00.000000
2363003737,2025-02-19T17:49:50.642Z,Tutoring,nl,1422ZM,Uithoorn,52.250911712646484,4.811429977416992,7.0,TRUE,27,7,4,2025-10-09 15:00:00.000000
420590389,2025-02-19T13:37:16.315Z,Tutoring,nl,3525 GW,Utrecht,52.06024169921875,5.115283012390137,5.0,TRUE,4,13,0,2025-04-03 13:00:00.000000
1057865695,2025-02-19T11:56:29.084Z,Tutoring,nl,6542SM,Nijmegen,51.84524154663086,5.838486194610596,7.0,FALSE,55,8,7,2026-03-13 16:00:00.000000
3224361089,2025-02-19T10:23:49.549Z,Tutoring,nl,9742HH,Groningen,53.23469924926758,6.535426139831543,7.0,TRUE,14,10,1,2025-06-18 11:30:00.000000
2680871235,2025-02-19T06:57:00.705Z,Active,nl,2665BS,Bleiswijk,52.01020431518555,4.546294689178467,15.0,TRUE,0,0,0,1900-01-01 00:00:00.000005
1474853013,2025-02-19T06:28:30.883Z,Chatting,nl,8014 WD,Zwolle,52.479122161865234,6.110663890838623,13.0,TRUE,0,1,0,1900-01-01 00:00:00.000005
1830597100,2025-02-18T13:19:51.564Z,Tutoring,nl,3925SH,Scherpenzeel,52.076717376708984,5.499335765838623,15.0,TRUE,2,6,0,2025-03-31 17:00:00.000000
502970713,2025-02-18T12:50:12.658Z,Tutoring,nl,6515 JN,Nijmegen,51.87667465209961,5.843210220336914,7.0,TRUE,49,22,2,2026-03-27 13:00:00.000000
447879050,2025-02-18T12:28:45.497Z,Tutoring,nl,1354 GT,Almere,52.34132385253906,5.216710567474365,3.5,FALSE,36,5,7,2025-10-26 10:30:00.000000
3260827014,2025-02-18T10:52:10.607Z,Tutoring,nl,1063 AP,Amsterdam,52.383541107177734,4.836925029754639,3.5,FALSE,48,11,4,2025-06-13 15:00:00.000000
107292817,2025-02-18T10:22:19.051Z,Tutoring,nl,9717LC,Groningen,53.22441482543945,6.549836158752441,4.0,FALSE,34,18,2,2025-12-16 19:00:00.000000
230269865,2025-02-18T09:57:54.855Z,Active,nl,4827CN,Breda,51.60915756225586,4.798163414001465,10.0,TRUE,0,0,0,1900-01-01 00:00:00.000005
1789314989,2025-02-18T08:33:18.025Z,Chatting,nl,3772PA,Barneveld,52.130889892578125,5.604498863220215,4.0,TRUE,0,2,0,1900-01-01 00:00:00.000005
2821370234,2025-02-18T00:14:42.130Z,Chatting,nl,5038VD,Tilburg,51.551509857177734,5.087406158447266,7.0,TRUE,0,3,0,1900-01-01 00:00:00.000005
921342351,2025-02-17T21:05:27.984Z,Chatting,nl,3705SW,Zeist,52.09197998046875,5.2335968017578125,7.0,TRUE,0,2,0,1900-01-01 00:00:00.000005
897707814,2025-02-17T17:14:57.041Z,Active,nl,2321PP,Leiden,52.14920425415039,4.483691215515137,10.0,TRUE,0,0,0,1900-01-01 00:00:00.000005
2820458219,2025-02-17T16:15:56.462Z,Tutoring,nl,2612hr,Delft,52.0164680480957,4.364166736602783,10.0,FALSE,4,8,1,2025-03-13 18:00:00.000000
4106924616,2025-02-17T15:53:56.021Z,Tutoring,nl,8301AM,Soest,52.70933151245117,5.756993293762207,20.0,FALSE,84,29,3,2025-11-21 17:00:00.000000
2647420830,2025-02-17T15:33:37.385Z,Tutoring,nl,9741 CB,Groningen,53.22952651977539,6.555076599121094,3.5,FALSE,224,57,4,2026-03-03 14:30:00.000000
301363206,2025-02-17T13:32:57.021Z,Tutoring,nl,6641HS,Beuningen Gld,51.861907958984375,5.7665863037109375,5.0,FALSE,25,14,2,2026-02-26 14:00:00.000000
105373877,2025-02-17T12:35:44.439Z,Tutoring,nl,6534TV,Nijmegen,51.80973434448242,5.81654167175293,10.0,FALSE,65,6,11,2026-02-23 17:00:00.000000
4184729608,2025-02-17T11:40:13.927Z,Tutoring,nl,6718 MM,Ede,52.05201721191406,5.630624771118164,7.0,FALSE,33,11,3,2025-12-15 18:00:00.000000
387381764,2025-02-17T11:12:15.179Z,Tutoring,nl,7582DG,Losser,52.257328033447266,6.999514579772949,15.0,FALSE,112,25,4,2026-03-04 18:00:00.000000
3115268567,2025-02-17T09:07:58.701Z,Tutoring,nl,6714LS,Ede,52.04454803466797,5.6402387619018555,4.0,TRUE,28,18,2,2025-06-09 10:30:00.000000
865649312,2025-02-16T20:11:27.512Z,Tutoring,nl,2512DN,'s-Gravenhage,52.07527160644531,4.305906295776367,10.0,FALSE,13,7,2,2025-06-04 15:30:00.000000
941080245,2025-02-16T18:41:33.850Z,Tutoring,nl,6002 AL,Weert,51.257205963134766,5.680603981018066,20.0,FALSE,5,6,1,2025-04-04 08:30:00.000000
356894618,2025-02-16T17:34:36.094Z,Introducing,nl,7152HD ,Eibergen,52.09785079956055,6.656667232513428,10.0,TRUE,0,4,0,1900-01-01 00:00:00.000005
1113274998,2025-02-16T13:42:47.278Z,Chatting,nl,1501 SB,Zaandam,52.43946075439453,4.834303379058838,7.0,TRUE,0,3,0,1900-01-01 00:00:00.000005
164919298,2025-02-15T22:56:33.941Z,Tutoring,nl,3032CG ,Rotterdam,51.927791595458984,4.4814133644104,3.5,FALSE,185,53,3,2026-03-30 18:00:00.000000
2253805962,2025-02-15T17:46:30.756Z,Chatting,de,66706,Perl,49.46955871582031,6.387603282928467,15.0,TRUE,0,2,0,1900-01-01 00:00:00.000005
3746906027,2025-02-15T16:04:38.252Z,Active,nl,1271TW,Huizen,52.303504943847656,5.235902786254883,5.0,TRUE,0,0,0,1900-01-01 00:00:00.000005
1748489628,2025-02-15T14:00:27.728Z,Tutoring,nl,6533TR,Nijmegen,51.8167724609375,5.851807117462158,7.0,FALSE,40,12,3,2026-03-27 13:00:00.000000
1121762317,2025-02-15T13:09:16.795Z,Tutoring,nl,8044RS,Zwolle,52.54603958129883,6.039462089538574,7.0,FALSE,9,1,9,2025-06-20 11:00:00.000000
674240240,2025-02-15T08:55:24.242Z,Tutoring,nl,3584EG,Utrecht,52.083595275878906,5.1502532958984375,7.0,TRUE,13,12,1,2025-11-05 19:00:00.000000
209617962,2025-02-14T22:27:39.577Z,Tutoring,nl,1069KA,Amsterdam,52.35271453857422,4.79783821105957,14.0,TRUE,24,16,2,2026-01-27 18:00:00.000000
2259306477,2025-02-14T16:17:00.725Z,Chatting,nl,2231SB,Rijnsburg,52.192352294921875,4.439209938049316,7.0,TRUE,0,1,0,1900-01-01 00:00:00.000005
3179914264,2025-02-13T21:30:02.687Z,Tutoring,nl,1328LH,Almere,52.374961853027344,5.271998405456543,6.0,TRUE,18,10,2,2025-10-15 16:00:00.000000
4278317076,2025-02-13T18:04:39.061Z,Chatting,nl,9712NT,Groningen,53.22124481201172,6.563608169555664,3.5,TRUE,0,1,0,1900-01-01 00:00:00.000005
4048832753,2025-02-13T15:49:51.999Z,Introducing,nl,1063NE,Amsterdam,52.38184356689453,4.816030979156494,7.0,TRUE,0,4,0,1900-01-01 00:00:00.000005
4206601226,2025-02-13T15:39:11.012Z,Active,nl,1948DK,Beverwijk,52.488914489746094,4.683190822601318,5.0,TRUE,0,0,0,1900-01-01 00:00:00.000005
1479720135,2025-02-13T14:51:35.015Z,Tutoring,nl,4751KS,Oud Gastel,51.58612823486328,4.452691078186035,7.0,FALSE,6,1,6,2025-04-14 15:00:00.000000
921467111,2025-02-13T09:57:54.868Z,Introducing,nl,3311wv,Dordrecht,51.810935974121094,4.657575607299805,3.5,TRUE,0,5,0,1900-01-01 00:00:00.000005
874569712,2025-02-13T09:18:02.468Z,Tutoring,nl,6544VW,Nijmegen,51.82741928100586,5.814634323120117,7.0,FALSE,1,10,0,2025-03-30 11:00:00.000000
3189936917,2025-02-13T07:49:27.134Z,Tutoring,nl,5508KE,Veldhoven,51.43120574951172,5.386631488800049,4.0,FALSE,18,9,2,2025-07-04 13:00:00.000000
2932608436,2025-02-12T22:47:27.124Z,Tutoring,nl,7511 DP,Enschede,52.22050476074219,6.902367115020752,20.0,FALSE,399,150,3,2026-05-07 12:45:00.000000
2801193021,2025-02-12T19:34:49.488Z,Tutoring,nl,2015BM,Haarlem,52.38721466064453,4.622501373291016,20.0,TRUE,40,20,2,2025-09-30 14:00:00.000000
660767783,2025-02-12T16:14:46.603Z,Active,nl,6131ax,Sittard,51.001976013183594,5.859996795654297,20.0,TRUE,0,0,0,1900-01-01 00:00:00.000005
3090857681,2025-02-12T15:10:33.463Z,Tutoring,nl,9714 CS,Groningen,53.22895812988281,6.568155765533447,4.0,FALSE,11,3,4,2025-06-17 14:15:00.000000
1331784561,2025-02-12T13:09:27.900Z,Introducing,nl,6846aj,Arnhem,51.94776153564453,5.848866939544678,10.0,TRUE,0,1,0,1900-01-01 00:00:00.000005
3687958889,2025-02-12T11:27:40.437Z,Tutoring,nl,2806HZ,Gouda,52.0108757019043,4.731510162353516,5.0,TRUE,1,3,0,2025-03-16 10:00:08.426000
781037986,2025-02-12T09:52:13.683Z,Tutoring,nl,5044PA,Tilburg,51.57364273071289,5.0367431640625,20.0,FALSE,20,1,20,2025-11-12 13:00:00.000000
3830549874,2025-02-12T09:45:24.942Z,Introducing,de,89075,Ulm,48.40879821777344,10.002025604248047,7.0,TRUE,0,3,0,1900-01-01 00:00:00.000005
1677961063,2025-02-11T22:38:33.976Z,Chatting,nl,8447 EG,Heerenveen,52.95819854736328,5.9047770500183105,10.0,TRUE,0,1,0,1900-01-01 00:00:00.000005
2723425710,2025-02-11T11:58:05.011Z,Introducing,nl,6221 EM,Maastricht,50.85036087036133,5.697974681854248,7.0,TRUE,0,2,0,1900-01-01 00:00:00.000005
3683032281,2025-02-10T18:08:53.890Z,Tutoring,nl,3583VN,Utrecht,52.08979034423828,5.144959449768066,7.0,FALSE,19,6,3,2025-05-27 15:00:00.000000
4214828667,2025-02-10T17:46:49.646Z,Tutoring,de,49808,Lingen (Ems),52.51715087890625,7.30546760559082,10.0,TRUE,6,5,1,2025-03-26 15:00:00.000000
3206204680,2025-02-10T17:15:46.552Z,Tutoring,nl,3601AE,Maarssen,52.140071868896484,5.044765472412109,7.0,FALSE,19,8,2,2025-06-25 13:00:00.000000
2738373795,2025-02-10T11:13:38.906Z,Tutoring,nl,9743HB,Groningen,53.22743606567383,6.529727458953857,7.0,FALSE,13,7,2,2025-04-07 14:00:00.000000
3281090610,2025-02-10T10:55:54.894Z,Tutoring,nl,2612RW,Delft,52.014408111572266,4.369996070861816,5.0,FALSE,37,18,2,2025-06-30 13:00:00.000000
3930387890,2025-02-10T10:38:48.797Z,Tutoring,nl,9711JK,Groningen,53.21500778198242,6.56244421005249,10.0,FALSE,6,5,1,2025-06-12 14:30:00.000000
792725329,2025-02-10T09:46:50.658Z,Tutoring,nl,6535RX,Nijmegen,51.80756378173828,5.823367118835449,5.5,FALSE,26,5,5,2026-03-02 18:45:00.000000
3157667699,2025-02-09T22:06:44.972Z,Tutoring,nl,3584SN,Utrecht,52.08298110961914,5.175691604614258,10.0,FALSE,36,6,6,2025-11-24 12:00:00.000000
923463272,2025-02-09T20:50:24.432Z,Tutoring,nl,1251WG,Laren,52.249725341796875,5.235891342163086,7.0,TRUE,4,11,0,2025-03-16 18:30:00.000000
452224924,2025-02-08T23:20:48.838Z,Introducing,nl,6523GR ,Nijmegen,51.83311462402344,5.885958671569824,6.0,TRUE,0,7,0,1900-01-01 00:00:00.000005
2120703003,2025-02-08T13:49:51.784Z,Tutoring,nl,6218VW,Maastricht,50.86515808105469,5.655306339263916,6.0,FALSE,25,7,4,2025-06-29 17:00:00.000000
3697321984,2025-02-08T13:44:05.020Z,Active,nl,7522LK,Enschede,52.246585845947266,6.8495635986328125,5.0,TRUE,0,0,0,1900-01-01 00:00:00.000005
2790091346,2025-02-07T19:10:43.089Z,Introducing,nl,3036 KC,Rotterdam,51.93821334838867,4.485229015350342,13.0,TRUE,0,7,0,1900-01-01 00:00:00.000005
2731613174,2025-02-07T17:11:01.346Z,Tutoring,nl,5038LC,Tilburg,51.560543060302734,5.071194171905518,8.0,FALSE,3,10,0,2025-03-28 17:00:00.000000
1933511397,2025-02-07T16:32:16.670Z,Introducing,nl,2343kp,Oegstgeest,52.19038009643555,4.481355667114258,7.0,TRUE,0,2,0,1900-01-01 00:00:00.000005
230751331,2025-02-07T14:01:33.682Z,Tutoring,de,33605,Bielefeld,52.001495361328125,8.56348991394043,7.0,FALSE,35,17,2,2026-02-25 12:30:00.000000
1482822562,2025-02-07T12:13:17.000Z,Introducing,nl,3161 DB,Rhoon,51.854949951171875,4.435777187347412,7.0,TRUE,0,6,0,1900-01-01 00:00:00.000005
1185361955,2025-02-07T12:03:47.565Z,Chatting,nl,1404CD,Bussum,52.278446197509766,5.158524036407471,15.0,TRUE,0,1,0,1900-01-01 00:00:00.000005
1761460365,2025-02-07T11:57:22.325Z,Tutoring,nl,4208AP,Wageningen,51.836097717285156,5.011923313140869,10.0,FALSE,83,24,3,2026-03-07 14:00:00.000000
251899037,2025-02-07T11:46:12.066Z,Tutoring,nl,2625BK,Delft,51.99538803100586,4.338064670562744,7.0,FALSE,11,4,3,2025-06-27 14:00:00.000000
2023157278,2025-02-07T01:19:44.244Z,Introducing,nl,3077TC,Rotterdam,51.89546203613281,4.562736511230469,7.0,TRUE,0,8,0,1900-01-01 00:00:00.000005
2793989220,2025-02-06T22:00:45.175Z,Active,nl,6708WJ ,Wageningen,51.982688903808594,5.664871692657471,5.0,TRUE,0,0,0,1900-01-01 00:00:00.000005
1183076838,2025-02-06T21:17:05.326Z,Tutoring,nl,9716AV,Groningen,53.2299690246582,6.558199405670166,10.0,FALSE,64,16,4,2026-02-18 13:30:00.000000
642764069,2025-02-06T18:11:34.499Z,Tutoring,nl,9741HA ,Groningen,53.235023498535156,6.55781364440918,5.0,FALSE,84,36,2,2026-03-08 09:00:00.000000
2731660579,2025-02-06T15:34:03.928Z,Tutoring,nl,9712VN,Groningen,53.220481872558594,6.556344509124756,20.0,FALSE,1,4,0,2025-02-21 14:00:00.000000
3419527135,2025-02-06T13:34:56.957Z,Tutoring,de,13187 ,Berlin,52.565364837646484,13.40379524230957,7.0,FALSE,67,24,3,2026-03-30 16:00:00.000000
4292927732,2025-02-06T12:44:47.989Z,Tutoring,nl,7531 HP,Enschede,52.23439407348633,6.924504280090332,8.0,FALSE,129,24,5,2026-04-18 08:00:00.000000
3816121060,2025-02-06T11:38:21.674Z,Tutoring,nl,2225WV,Katwijk,52.2060546875,4.404186725616455,10.0,FALSE,2,1,2,2025-03-26 15:00:00.000000
547280371,2025-02-06T10:57:15.538Z,Tutoring,nl,2628XX,Delft,52.001953125,4.378590106964111,5.0,FALSE,2,8,0,2025-03-09 15:30:00.000000
3432477153,2025-02-05T17:04:40.896Z,Tutoring,nl,9714BC,Groningen,53.22766876220703,6.571087837219238,7.0,FALSE,69,19,4,2026-03-09 19:00:00.000000
3393049316,2025-02-05T15:12:29.018Z,Chatting,nl,1566EZ,Assendelft,52.48780822753906,4.757375717163086,5.0,TRUE,0,2,0,1900-01-01 00:00:00.000005
3789624267,2025-02-05T13:21:12.896Z,Tutoring,nl,2281xb,Rijswijk,52.05375671386719,4.343714237213135,5.0,FALSE,19,2,10,2025-06-10 08:30:00.000000
730321096,2025-02-05T13:04:00.432Z,Tutoring,nl,9712KR,Groningen,53.222618103027344,6.566901683807373,4.0,FALSE,37,3,12,2026-01-15 13:00:00.000000
870342744,2025-02-05T12:18:22.873Z,Tutoring,nl,1097BC,Apeldoorn,52.34998321533203,4.918563365936279,9.0,FALSE,31,13,2,2025-07-01 17:00:00.000000
2225569611,2025-02-05T11:56:19.138Z,Tutoring,nl,1187cl,Amstelveen,52.29104995727539,4.83096170425415,7.0,FALSE,99,31,3,2026-02-18 14:30:00.000000
2235218107,2025-02-05T11:22:13.446Z,Introducing,nl,9715 GN,Groningen,53.23008346557617,6.567296028137207,5.0,TRUE,0,7,0,1900-01-01 00:00:00.000005
1059124671,2025-02-05T09:19:55.474Z,Tutoring,nl,3193PL,Hoogvliet Rotterdam,51.87156295776367,4.346193313598633,7.0,FALSE,13,3,4,2025-03-19 16:00:54.975000
2215015375,2025-02-04T17:56:34.377Z,Introducing,nl,6701 AZ,Wageningen,51.966312408447266,5.662629127502441,16.0,TRUE,0,3,0,1900-01-01 00:00:00.000005
957003966,2025-02-04T14:32:05.503Z,Introducing,nl,1625MC,Hoorn,52.65763854980469,5.041820049285889,10.0,TRUE,0,2,0,1900-01-01 00:00:00.000005
2555539483,2025-02-04T14:07:31.032Z,Tutoring,nl,3582LK,Utrecht,52.08113479614258,5.135796070098877,7.5,FALSE,92,8,12,2026-02-24 15:30:00.000000
882693971,2025-02-04T12:48:32.307Z,Tutoring,nl,8011PV,Zwolle,52.511051177978516,6.093780517578125,7.0,FALSE,15,5,3,2025-06-21 09:15:00.000000
3427403346,2025-02-04T12:15:13.245Z,Tutoring,nl,2611AN,Delft,52.01380157470703,4.3538818359375,7.0,FALSE,62,12,5,2026-02-26 15:00:00.000000
1501050073,2025-02-04T11:06:41.774Z,Tutoring,nl,6562AE,Groesbeek,51.77387237548828,5.9327712059021,10.0,FALSE,13,7,2,2025-07-24 07:00:00.000000
2183045739,2025-02-04T06:37:23.981Z,Tutoring,nl,1616GV,Hoogkarspel,52.68982696533203,5.167774200439453,15.0,TRUE,7,11,1,2025-04-23 14:00:00.000000
252923828,2025-02-03T22:16:35.536Z,Chatting,de,90408,Nürnberg,49.463443756103516,11.073647499084473,20.0,TRUE,0,2,0,1900-01-01 00:00:00.000005
3549675232,2025-02-03T21:27:07.835Z,Tutoring,nl,2628CK,Delft,52.00045394897461,4.376770496368408,15.0,TRUE,5,11,0,2025-12-03 15:00:00.000000
384301815,2025-02-03T15:42:07.790Z,Tutoring,nl,3823ht,Amersfoort,52.192474365234375,5.391747951507568,10.0,FALSE,76,24,3,2026-02-10 17:30:00.000000
2274142200,2025-02-03T15:34:20.875Z,Tutoring,nl,3851CD,Ermelo,52.293243408203125,5.622071266174316,20.0,FALSE,278,89,3,2026-03-30 12:30:00.000000
4050232827,2025-02-03T15:23:53.393Z,Tutoring,nl,3072 LP,Rotterdam,51.89984893798828,4.480836391448975,7.0,FALSE,12,1,12,2025-06-18 13:45:00.000000
3108636463,2025-02-03T12:35:38.920Z,Tutoring,nl,2515MV,'s-Gravenhage,52.07011413574219,4.3179707527160645,3.5,FALSE,44,15,3,2026-02-06 16:30:00.000000
373239756,2025-02-03T10:13:52.861Z,Tutoring,nl,2496 MX,'s-Gravenhage,52.04671859741211,4.374423980712891,7.0,FALSE,8,6,1,2025-04-22 12:30:00.000000
1618874805,2025-02-02T21:44:20.015Z,Tutoring,nl,3328GE,Dordrecht,51.78074645996094,4.680459976196289,5.0,TRUE,64,20,3,2026-03-04 16:00:00.000000
1074126388,2025-02-02T19:25:45.764Z,Tutoring,nl,5709 RG,Helmond,51.49384689331055,5.696073532104492,3.5,FALSE,45,18,3,2026-03-06 17:30:00.000000
1292889193,2025-02-02T18:47:33.199Z,Tutoring,nl,5142 VT,Waalwijk,51.6923942565918,5.089023590087891,7.0,FALSE,4,4,1,2025-04-07 17:00:00.000000
2227832924,2025-02-02T17:23:52.604Z,Introducing,nl,1069ZA,Amsterdam,52.357364654541016,4.792859077453613,7.0,TRUE,0,8,0,1900-01-01 00:00:00.000005
2193673026,2025-02-02T17:22:43.341Z,Introducing,nl,1079VG,Amsterdam,52.343650817871094,4.908387184143066,6.0,TRUE,0,10,0,1900-01-01 00:00:00.000005
187375833,2025-02-02T15:52:23.415Z,Tutoring,nl,6543KH,Nijmegen,51.83776092529297,5.822169780731201,7.0,FALSE,41,11,4,2026-02-17 14:00:00.000000
3099526022,2025-02-02T15:10:37.381Z,Introducing,nl,6542JD,Nijmegen,51.837467193603516,5.837535858154297,5.0,TRUE,0,2,0,1900-01-01 00:00:00.000005
2253892532,2025-02-02T12:08:45.344Z,Introducing,nl,8044PJ,Zwolle,52.541202545166016,6.033754348754883,15.0,TRUE,0,5,0,1900-01-01 00:00:00.000005
3501414605,2025-02-01T22:10:05.694Z,Tutoring,nl,2061DB,Bloemendaal,52.42149353027344,4.622554302215576,3.5,TRUE,82,36,2,2026-02-25 16:00:00.000000
3174330559,2025-02-01T21:49:08.826Z,Tutoring,nl,3036BH,Rotterdam,51.93779754638672,4.479450702667236,6.0,TRUE,18,17,1,2025-06-05 17:00:00.000000
2850921866,2025-02-01T13:57:44.340Z,Chatting,nl,1078 KR,Amsterdam,52.3460807800293,4.887712001800537,5.0,TRUE,0,7,0,1900-01-01 00:00:00.000005
3988087059,2025-02-01T12:00:34.534Z,Tutoring,nl,6211ST,Maastricht,50.850738525390625,5.687889099121094,4.0,FALSE,8,4,2,2025-04-07 16:30:00.000000
319920022,2025-02-01T11:50:58.747Z,Tutoring,nl,9714AD,Groningen,53.22993469238281,6.568489074707031,5.0,FALSE,33,17,2,2025-05-21 07:30:00.000000
2185082830,2025-02-01T09:16:59.569Z,Chatting,nl,2721DW,Zoetermeer,52.05971145629883,4.5516862869262695,6.0,TRUE,0,1,0,1900-01-01 00:00:00.000005
1410695953,2025-02-01T06:12:19.250Z,Tutoring,nl,7065AE,Sinderen,51.93098449707031,6.426575660705566,20.0,FALSE,106,13,8,2026-02-23 15:00:00.000000
1780387718,2025-01-31T21:25:45.798Z,Tutoring,nl,3216 LB,Abbenbroek,51.83480453491211,4.2335028648376465,3.5,TRUE,27,18,2,2025-05-19 18:00:00.000000
998748545,2025-01-31T15:26:20.842Z,Tutoring,nl,6845EX,Arnhem,51.94547653198242,5.876944541931152,15.0,FALSE,24,5,5,2026-01-30 14:30:00.000000
1730354713,2025-01-31T14:46:54.803Z,Tutoring,nl,3621DE,Breukelen,52.17483901977539,4.998777866363525,3.5,FALSE,8,2,4,2025-04-15 14:00:00.000000
3879621559,2025-01-31T14:24:27.789Z,Chatting,nl,7491EL,Delden,52.259090423583984,6.709385871887207,20.0,TRUE,0,7,0,1900-01-01 00:00:00.000005
2534626172,2025-01-31T14:15:04.927Z,Tutoring,nl,6525AJ,Nijmegen,51.8272705078125,5.8725690841674805,10.0,FALSE,3,6,1,2025-04-02 17:30:00.000000
810236068,2025-01-31T13:12:00.754Z,Introducing,nl,1022 KE,Amsterdam,52.404666900634766,4.930612087249756,5.0,TRUE,0,5,0,1900-01-01 00:00:00.000005
1213945464,2025-01-31T12:26:11.151Z,Tutoring,nl,6957BC,Laag-Soeren,52.08298873901367,6.072216510772705,20.0,FALSE,106,6,18,2026-01-13 12:00:00.000000
2011788944,2025-01-31T06:35:42.530Z,Chatting,nl,1273SW,Huizen,52.30586242675781,5.261682510375977,20.0,TRUE,0,2,0,1900-01-01 00:00:00.000005
1147237947,2025-01-30T21:07:56.950Z,Chatting,nl,1333ZN ,Almere,52.3854866027832,5.26396369934082,7.0,TRUE,0,1,0,1900-01-01 00:00:00.000005
1382341577,2025-01-30T20:55:51.145Z,Active,de,04319,Leipzig,51.34111022949219,12.489179611206055,5.0,TRUE,0,0,0,1900-01-01 00:00:00.000005
2077512450,2025-01-30T20:23:05.631Z,Tutoring,de,91790,Raitenbuch,49.01066589355469,11.12873649597168,7.0,FALSE,29,10,3,2025-11-19 17:30:00.000000
3424343202,2025-01-30T19:35:57.571Z,Tutoring,nl,3511 PH,Utrecht,52.08281326293945,5.122153282165527,14.0,TRUE,11,5,2,2025-06-29 10:00:00.000000
2366876892,2025-01-30T18:30:00.587Z,Active,nl,3328HC,Dordrecht,51.78195571899414,4.683337211608887,6.0,TRUE,0,0,0,1900-01-01 00:00:00.000005
2843637719,2025-01-30T18:11:22.738Z,Tutoring,nl,2716LV,Zoetermeer,52.05839920043945,4.457919597625732,12.0,TRUE,18,11,2,2025-04-24 14:45:00.000000
1072570541,2025-01-30T15:44:38.069Z,Tutoring,nl,2721 HC,Zoetermeer,52.056488037109375,4.544791221618652,4.0,TRUE,5,5,1,2025-04-15 14:15:00.000000
1587872880,2025-01-30T14:30:35.262Z,Tutoring,nl,1325 KD,Almere,52.37107467651367,5.2350311279296875,8.0,FALSE,104,11,9,2026-02-22 08:30:00.000000
3532079137,2025-01-30T14:06:13.809Z,Tutoring,nl,6212AV,Maastricht,50.83989334106445,5.695048809051514,5.0,FALSE,96,25,4,2026-03-06 16:00:00.000000
719766608,2025-01-30T12:43:06.989Z,Introducing,nl,2721HX,Zoetermeer,52.05290985107422,4.540925025939941,7.0,TRUE,0,20,0,1900-01-01 00:00:00.000005
1859776853,2025-01-30T12:30:57.751Z,Tutoring,nl,3994XH,Houten,52.03217315673828,5.173454284667969,10.0,FALSE,31,9,3,2025-12-25 14:15:00.000000
99129723,2025-01-30T12:26:00.755Z,Chatting,nl,9403KH,Assen,53.023136138916016,6.589141845703125,20.0,TRUE,0,3,0,1900-01-01 00:00:00.000005
252022893,2025-01-30T11:47:46.009Z,Introducing,nl,5143GE,Waalwijk,51.67441177368164,5.079195499420166,15.0,TRUE,0,3,0,1900-01-01 00:00:00.000005
3470228684,2025-01-30T11:02:17.269Z,Tutoring,nl,5615LE,Eindhoven,51.43183135986328,5.471861839294434,7.5,TRUE,35,22,2,2025-06-16 10:30:00.000000
2248411958,2025-01-30T03:21:42.684Z,Tutoring,de,64297,Darmstadt,49.802181243896484,8.641222953796387,20.0,TRUE,18,11,2,2026-02-28 14:00:00.000000
4062579859,2025-01-29T22:10:18.171Z,Tutoring,nl,2628 AZ,Delft,51.99635696411133,4.373013496398926,3.5,FALSE,10,5,2,2025-05-13 16:30:00.000000
1074639714,2025-01-29T20:24:03.880Z,Tutoring,nl,1034 PB,Amsterdam,52.41257858276367,4.922457695007324,7.0,FALSE,27,8,3,2025-04-30 13:00:00.000000
3627041822,2025-01-29T17:51:43.688Z,Tutoring,nl,2988bz,Ridderkerk,51.846458435058594,4.600410461425781,7.0,TRUE,4,3,1,2025-06-02 14:30:00.000000
2122942817,2025-01-29T17:02:44.070Z,Tutoring,nl,9741AG,Groningen,53.227745056152344,6.552361488342285,5.0,FALSE,35,14,3,2025-11-23 16:30:00.000000
2099008631,2025-01-29T15:51:20.736Z,Tutoring,nl,7482ZM,Haaksbergen,52.1611442565918,6.723875045776367,20.0,TRUE,6,19,0,2025-05-11 18:00:00.000000
3466272578,2025-01-29T15:50:34.138Z,Introducing,nl,3522HC,Utrecht,52.07616424560547,5.120416164398193,5.0,TRUE,0,2,0,1900-01-01 00:00:00.000005
2955381684,2025-01-29T14:28:44.779Z,Tutoring,de,90419,Nürnberg,49.461483001708984,11.065773010253906,5.0,FALSE,38,18,2,2026-03-26 16:30:00.000000
331448273,2025-01-29T13:41:41.940Z,Tutoring,nl,3013CC,Rotterdam,51.92499923706055,4.476841926574707,4.0,FALSE,171,57,3,2026-03-16 18:00:00.000000
3015011752,2025-01-29T11:06:42.554Z,Introducing,nl,3039nc,Rotterdam,51.92851638793945,4.46444034576416,7.0,TRUE,0,2,0,1900-01-01 00:00:00.000005
782556884,2025-01-29T10:41:45.536Z,Tutoring,nl,3584EG,Utrecht,52.083595275878906,5.1502532958984375,4.5,FALSE,127,34,4,2026-03-03 16:00:00.000000
3192245244,2025-01-29T09:41:59.403Z,Tutoring,nl,3911JT,Rhenen,51.96335220336914,5.558748245239258,20.0,TRUE,21,12,2,2025-06-04 18:00:00.000000
541342437,2025-01-29T07:21:35.762Z,Tutoring,nl,3543HV,Utrecht,52.10708999633789,5.038743495941162,6.0,TRUE,54,9,6,2026-03-10 15:00:00.000000
2846648750,2025-01-28T20:14:32.737Z,Active,de,51067,Köln,50.95958709716797,7.048098087310791,4.0,TRUE,0,0,0,1900-01-01 00:00:00.000005
1498896563,2025-01-28T18:54:55.469Z,Tutoring,nl,2134ZV,Hoofddorp,52.32242965698242,4.651657581329346,4.5,TRUE,49,16,3,2025-11-17 18:00:00.000000
1078548426,2025-01-28T11:33:56.671Z,Active,nl,3371cx,Hardinxveld-Giessendam,51.82209777832031,4.843742370605469,5.0,TRUE,0,0,0,1900-01-01 00:00:00.000005
106982859,2025-01-28T10:40:38.206Z,Active,nl,3881 EG,Putten,52.26872253417969,5.614949703216553,5.0,TRUE,0,0,0,1900-01-01 00:00:00.000005
545777183,2025-01-28T08:32:39.457Z,Introducing,de,04229,Leipzig,51.32870101928711,12.34468936920166,15.0,TRUE,0,2,0,1900-01-01 00:00:00.000005
1912000386,2025-01-27T22:07:42.444Z,Chatting,nl,2614TW,Delft,52.01105499267578,4.331356525421143,5.0,TRUE,0,1,0,1900-01-01 00:00:00.000005
4193986912,2025-01-27T20:27:54.141Z,Tutoring,nl,4876 AB,Etten-Leur,51.56735610961914,4.627791881561279,5.0,FALSE,24,10,2,2025-05-21 18:30:00.000000
4046355601,2025-01-27T14:26:15.543Z,Tutoring,nl,4758 AB,Standdaarbuiten,51.610435485839844,4.516132354736328,20.0,TRUE,1,11,0,2025-03-24 16:30:00.000000
2947576922,2025-01-27T09:03:39.025Z,Active,nl,3371 AL,Hardinxveld-Giessendam,51.82407760620117,4.836320877075195,6.0,TRUE,0,0,0,1900-01-01 00:00:00.000005
334184333,2025-01-25T10:07:46.022Z,Tutoring,nl,8271XB,IJsselmuiden,52.562801361083984,5.9510650634765625,4.0,FALSE,20,7,3,2025-06-26 13:00:00.000000
1086597034,2025-01-24T17:29:55.881Z,Tutoring,nl,2729cw,Zoetermeer,52.07011795043945,4.53780460357666,4.0,FALSE,51,19,3,2025-04-22 17:30:00.000000
3277795490,2025-01-24T13:58:43.989Z,Tutoring,nl,2317BZ,Gouda,52.175662994384766,4.501534938812256,15.0,TRUE,35,21,2,2025-12-17 14:30:00.000000
1265332799,2025-01-24T10:53:31.015Z,Tutoring,nl,2311XK,Leiden,52.15256881713867,4.485354900360107,4.0,TRUE,8,14,1,2025-04-29 07:00:00.000000
1158106108,2025-01-24T10:30:46.564Z,Introducing,nl,5463ed,Veghel,51.61308670043945,5.554824352264404,10.0,TRUE,0,3,0,1900-01-01 00:00:00.000005
824434822,2025-01-24T08:15:13.583Z,Tutoring,nl,5464 NA,Veghel,51.63351821899414,5.548920154571533,15.0,FALSE,39,14,3,2026-02-10 18:00:00.000000
3919485553,2025-01-23T20:47:42.974Z,Active,nl,1171SK ,Badhoevedorp,52.33625411987305,4.7921142578125,10.0,TRUE,0,0,0,1900-01-01 00:00:00.000005
4019956453,2025-01-23T16:42:04.896Z,Introducing,de,12059,Berlin,52.48192596435547,13.449052810668945,12.0,TRUE,0,4,0,1900-01-01 00:00:00.000005
2816523637,2025-01-23T15:06:32.471Z,Active,nl,6721 XD,Bennekom,52.006103515625,5.672718048095703,10.0,TRUE,0,0,0,1900-01-01 00:00:00.000005
632197929,2025-01-22T20:46:40.048Z,Tutoring,nl,9731NC,Groningen,53.22480773925781,6.598560333251953,5.0,FALSE,122,10,12,2026-03-01 17:15:00.000000
3701943088,2025-01-22T19:47:40.004Z,Chatting,nl,2742BB,Waddinxveen,52.04603576660156,4.636677265167236,3.5,TRUE,0,1,0,1900-01-01 00:00:00.000005
3833431527,2025-01-21T23:27:23.366Z,Tutoring,nl,3193LB,Hoogvliet Rotterdam,51.87418746948242,4.352691650390625,15.0,FALSE,27,8,3,2026-02-07 17:00:00.000000
1986370960,2025-01-21T19:30:34.175Z,Active,nl,6852RJ,Huissen,51.94258117675781,5.915908336639404,10.0,TRUE,0,0,0,1900-01-01 00:00:00.000005
3445931094,2025-01-21T15:35:28.085Z,Active,nl,2614KH,Delft,52.012611389160156,4.327620029449463,6.0,TRUE,0,0,0,1900-01-01 00:00:00.000005
2254918712,2025-01-21T15:06:30.608Z,Tutoring,nl,3582 XK,Utrecht,52.08054733276367,5.133538722991943,10.0,TRUE,19,11,2,2025-06-24 17:30:00.000000
3346203203,2025-01-21T02:02:35.878Z,Tutoring,nl,6226HN,Maastricht,50.84372329711914,5.728768348693848,7.0,TRUE,11,9,1,2025-05-14 09:30:00.000000
2674731352,2025-01-20T22:10:06.735Z,Active,nl,6721 LA,Bennekom,52.00749969482422,5.667935371398926,5.0,TRUE,0,0,0,1900-01-01 00:00:00.000005
863498968,2025-01-20T20:02:05.480Z,Tutoring,nl,7511EJ,Enschede,52.2215576171875,6.8937177658081055,5.0,FALSE,47,16,3,2026-03-04 15:00:00.000000
1560207017,2025-01-20T16:17:06.994Z,Active,nl,6814 KH,Arnhem,51.993255615234375,5.894450664520264,10.0,TRUE,0,0,0,1900-01-01 00:00:00.000005
2986803397,2025-01-20T15:10:50.834Z,Introducing,nl,9725 GM,Groningen,53.206180572509766,6.563879489898682,15.0,TRUE,0,2,0,1900-01-01 00:00:00.000005
1987191440,2025-01-20T14:04:08.351Z,Tutoring,nl,5614GJ,Eindhoven,51.426513671875,5.492178916931152,10.0,FALSE,11,10,1,2025-06-16 13:00:00.000000
3186484745,2025-01-20T13:03:04.241Z,Tutoring,nl,6715GX,Ede,52.04421615600586,5.62666654586792,6.0,FALSE,27,11,2,2025-10-09 13:00:00.000000
2858543240,2025-01-20T12:50:34.460Z,Tutoring,nl,2871LL,Schoonhoven,51.94765090942383,4.837425708770752,20.0,FALSE,91,41,2,2026-03-31 14:00:00.000000
732065400,2025-01-19T20:17:08.034Z,Tutoring,nl,4617ME ,Bergen op Zoom,51.47332000732422,4.276061534881592,5.0,FALSE,16,8,2,2025-05-07 09:00:00.000000
2203538556,2025-01-19T15:01:47.217Z,Tutoring,nl,6523MN,Nijmegen,51.828975677490234,5.890878200531006,10.0,FALSE,2,6,0,2025-02-17 15:00:00.000000
1891211423,2025-01-19T14:17:48.624Z,Active,de,12689,Berlin,52.56652069091797,13.576169967651367,13.0,TRUE,0,0,0,1900-01-01 00:00:00.000005
2576625421,2025-01-19T10:06:14.747Z,Active,de,22043,Hamburg,53.57125473022461,10.134793281555176,10.0,TRUE,0,0,0,1900-01-01 00:00:00.000005
4036579150,2025-01-18T23:07:23.448Z,Tutoring,nl,9718TD,Groningen,53.214054107666016,6.545132160186768,5.0,TRUE,12,12,1,2026-02-14 13:00:00.000000
108074714,2025-01-18T17:18:13.262Z,Tutoring,nl,3038CR,Rotterdam,51.933013916015625,4.464444637298584,3.5,FALSE,71,5,14,2025-05-20 17:00:00.000000
3944084208,2025-01-18T15:41:00.988Z,Active,nl,5504 HK,Veldhoven,51.40538024902344,5.406097888946533,6.0,TRUE,0,0,0,1900-01-01 00:00:00.000005
984395241,2025-01-18T11:03:44.395Z,Tutoring,nl,5615RK,Eindhoven,51.42841720581055,5.463016033172607,4.0,FALSE,11,7,2,2025-04-07 14:15:00.000000
6601591,2025-01-17T19:08:53.679Z,Tutoring,nl,1211JW,Hilversum,52.22116470336914,5.166799545288086,5.0,FALSE,129,15,9,2026-02-26 16:00:00.000000
3902999908,2025-01-17T17:38:38.306Z,Chatting,nl,6823NS,Arnhem,52.00712966918945,5.944212913513184,20.0,TRUE,0,2,0,1900-01-01 00:00:00.000005
2607539180,2025-01-17T16:58:58.168Z,Tutoring,de,10405,Berlin,52.535430908203125,13.426077842712402,10.0,FALSE,8,5,2,2025-04-16 12:00:00.000000
4177117980,2025-01-17T15:51:38.214Z,Tutoring,nl,6703HB,Wageningen,51.96977615356445,5.681424617767334,8.0,FALSE,25,3,8,2025-06-05 18:00:00.000000
2619868477,2025-01-17T15:09:30.899Z,Active,nl,2628HZ,Delft,52.00575637817383,4.378568649291992,3.5,TRUE,0,0,0,1900-01-01 00:00:00.000005
2611011077,2025-01-17T13:01:20.520Z,Chatting,nl,8446CL,Heerenveen,52.9547233581543,5.912027359008789,10.0,TRUE,0,2,0,1900-01-01 00:00:00.000005
4258462159,2025-01-16T17:56:45.781Z,Tutoring,nl,2624 ME,Delft,51.99717330932617,4.353338241577148,20.0,FALSE,116,21,6,2025-06-29 12:30:00.000000
3259648020,2025-01-16T15:51:33.625Z,Tutoring,nl,6221 CV,Maastricht,50.847816467285156,5.699622631072998,5.0,FALSE,65,24,3,2026-02-09 16:00:00.000000
3312905136,2025-01-16T15:26:48.506Z,Tutoring,nl,2564PP,'s-Gravenhage,52.064239501953125,4.2600202560424805,8.0,FALSE,91,10,9,2026-04-23 14:00:00.000000
1803464360,2025-01-16T11:37:07.479Z,Tutoring,nl,9715NW,Groningen,53.233612060546875,6.573408126831055,3.5,FALSE,1,4,0,2025-02-03 14:00:00.000000
2463768333,2025-01-15T19:04:44.290Z,Introducing,nl,1339RH,Almere,52.39927673339844,5.311156272888184,9.0,TRUE,0,6,0,1900-01-01 00:00:00.000005
1191255627,2025-01-15T18:56:26.099Z,Active,de,04838,Jesewitz,51.438926696777344,12.580873489379883,20.0,TRUE,0,0,0,1900-01-01 00:00:00.000005
944671950,2025-01-15T16:53:01.206Z,Tutoring,de,22761,Hamburg,53.566280364990234,9.896669387817383,10.0,FALSE,34,3,11,2025-06-17 14:30:00.000000
3038930788,2025-01-15T14:45:50.887Z,Introducing,nl,3621 CX,Breukelen,52.17030334472656,4.996640205383301,10.0,TRUE,0,2,0,1900-01-01 00:00:00.000005
3460126837,2025-01-15T12:42:07.125Z,Chatting,nl,2612 BC,Delft,52.02409744262695,4.3565144538879395,7.0,TRUE,0,2,0,1900-01-01 00:00:00.000005
2596863283,2025-01-15T12:38:52.814Z,Tutoring,nl,3582VK,Utrecht,52.081504821777344,5.1318559646606445,5.0,FALSE,27,7,4,2025-05-27 14:30:00.000000
3473773304,2025-01-15T10:06:05.807Z,Tutoring,nl,6442XK,Brunssum,50.94761657714844,5.978857040405273,4.0,TRUE,27,15,2,2025-06-12 08:00:00.000000
3066320752,2025-01-14T22:29:40.645Z,Active,de,07743,Sankt Augustin,50.777164459228516,7.186016082763672,5.0,TRUE,0,0,0,1900-01-01 00:00:00.000005
1402822669,2025-01-14T22:16:28.292Z,Active,de,07743,Sankt Augustin,50.777164459228516,7.186016082763672,5.0,TRUE,0,0,0,1900-01-01 00:00:00.000005
850862750,2025-01-14T22:12:17.956Z,Active,de,07743,Sankt Augustin,50.777164459228516,7.186016082763672,5.0,TRUE,0,0,0,1900-01-01 00:00:00.000005
2459392262,2025-01-14T21:52:07.746Z,Active,de,44135,Dortmund,51.51554870605469,7.466916084289551,5.0,TRUE,0,0,0,1900-01-01 00:00:00.000005
3773774657,2025-01-14T21:45:09.728Z,Active,de,80331,München,48.13742446899414,11.57471752166748,5.0,TRUE,0,0,0,1900-01-01 00:00:00.000005
3324230269,2025-01-14T21:13:54.022Z,Active,de,80331,München,48.13742446899414,11.57471752166748,5.0,TRUE,0,0,0,1900-01-01 00:00:00.000005
355120233,2025-01-14T21:02:00.776Z,Active,de,07743,Jena,50.944984436035156,11.59660816192627,5.0,TRUE,0,0,0,1900-01-01 00:00:00.000005
26449324,2025-01-14T20:54:53.805Z,Active,de,07743,Jena,50.944984436035156,11.59660816192627,5.0,TRUE,0,0,0,1900-01-01 00:00:00.000005
3118870158,2025-01-14T20:43:29.811Z,Active,de,07743,Jena,50.944984436035156,11.59660816192627,5.0,TRUE,0,0,0,1900-01-01 00:00:00.000005
697303656,2025-01-14T20:37:24.733Z,Active,de,10178,Berlin,52.52206802368164,13.41841983795166,5.0,TRUE,0,0,0,1900-01-01 00:00:00.000005
253206990,2025-01-14T20:34:05.982Z,Active,de,10178,Berlin,52.52206802368164,13.41841983795166,5.0,TRUE,0,0,0,1900-01-01 00:00:00.000005
2067856700,2025-01-14T20:16:41.966Z,Active,de,10178,Berlin,52.52206802368164,13.41841983795166,5.0,TRUE,0,0,0,1900-01-01 00:00:00.000005
1591901653,2025-01-14T20:11:33.942Z,Active,de,10178,Berlin,52.52206802368164,13.41841983795166,5.0,TRUE,0,0,0,1900-01-01 00:00:00.000005
1713055330,2025-01-14T20:02:03.287Z,Chatting,de,44269,Dortmund,51.49684524536133,7.536694526672363,5.0,TRUE,0,1,0,1900-01-01 00:00:00.000005
997591330,2025-01-14T19:57:34.828Z,Active,de,44269,Dortmund,51.49684524536133,7.536694526672363,5.0,TRUE,0,0,0,1900-01-01 00:00:00.000005
2579944241,2025-01-14T19:53:05.516Z,Chatting,de,44269,Dortmund,51.49684524536133,7.536694526672363,5.0,TRUE,0,1,0,1900-01-01 00:00:00.000005
3787535146,2025-01-14T19:48:21.014Z,Chatting,de,44269,Dortmund,51.49684524536133,7.536694526672363,5.0,TRUE,0,1,0,1900-01-01 00:00:00.000005
1407346982,2025-01-14T19:35:31.432Z,Active,de,44369,Dortmund,51.52468490600586,7.384007453918457,5.0,TRUE,0,0,0,1900-01-01 00:00:00.000005
4243353920,2025-01-14T17:21:59.190Z,Tutoring,nl,5512BJ,Vessem,51.421390533447266,5.285798072814941,3.5,TRUE,2,2,1,2025-03-09 08:00:00.000000
350600556,2025-01-14T16:42:04.397Z,Tutoring,nl,6224GT,Maastricht,50.85063552856445,5.713735580444336,4.0,FALSE,53,11,5,2025-08-29 13:30:00.000000
3184605055,2025-01-14T15:23:25.848Z,Introducing,nl,9722VC,Groningen,53.19184112548828,6.592897415161133,5.0,TRUE,0,2,0,1900-01-01 00:00:00.000005
1036491460,2025-01-14T14:17:49.297Z,Tutoring,nl,5056SP,Berkel-Enschot,51.57748031616211,5.132791519165039,15.0,FALSE,26,9,3,2025-05-20 07:00:00.000000
2280813183,2025-01-14T12:59:50.658Z,Tutoring,nl,2969 CC,Oud-Alblas,51.85731506347656,4.705872058868408,20.0,FALSE,170,57,3,2026-03-29 18:15:00.000000
814236828,2025-01-14T12:45:15.255Z,Tutoring,nl,2324KN,Leiden,52.145965576171875,4.474113941192627,5.0,FALSE,192,70,3,2026-03-03 13:00:00.000000
902636025,2025-01-14T11:21:19.146Z,Chatting,nl,2311AR,Leiden,52.15327072143555,4.481217384338379,5.0,TRUE,0,3,0,1900-01-01 00:00:00.000005
4147422368,2025-01-14T09:56:45.768Z,Chatting,nl,3723DB,Bilthoven,52.134517669677734,5.216716766357422,5.5,TRUE,0,2,0,1900-01-01 00:00:00.000005
3589633222,2025-01-14T08:01:07.559Z,Active,de,44369,Dortmund,51.52468490600586,7.384007453918457,5.0,TRUE,0,0,0,1900-01-01 00:00:00.000005
434403033,2025-01-14T07:55:34.536Z,Active,de,44369,Dortmund,51.52468490600586,7.384007453918457,5.0,TRUE,0,0,0,1900-01-01 00:00:00.000005
3467633935,2025-01-14T07:44:23.622Z,Active,de,44369,Dortmund,51.52468490600586,7.384007453918457,5.0,TRUE,0,0,0,1900-01-01 00:00:00.000005
4021432203,2025-01-14T07:37:18.819Z,Active,de,44359,Dortmund,51.57343673706055,7.3836822509765625,5.0,TRUE,0,0,0,1900-01-01 00:00:00.000005
882521749,2025-01-14T07:24:33.692Z,Active,de,44359,Dortmund,51.57343673706055,7.3836822509765625,5.0,TRUE,0,0,0,1900-01-01 00:00:00.000005
2460596593,2025-01-14T07:14:29.288Z,Active,de,44287,Dortmund,51.49191665649414,7.555991172790527,5.0,TRUE,0,0,0,1900-01-01 00:00:00.000005
2708084240,2025-01-14T07:06:50.171Z,Active,de,44287,Dortmund,51.49191665649414,7.555991172790527,5.0,TRUE,0,0,0,1900-01-01 00:00:00.000005
3938716489,2025-01-13T22:33:16.376Z,Tutoring,nl,9751VV,Haren Gn,53.16590118408203,6.622694969177246,5.0,FALSE,71,21,3,2026-02-18 16:00:00.000000
2812963155,2025-01-13T22:00:17.170Z,Active,de,44287,Dortmund,51.49191665649414,7.555991172790527,5.0,TRUE,0,0,0,1900-01-01 00:00:00.000005
484232903,2025-01-13T21:52:18.343Z,Active,de,44287,Dortmund,51.49191665649414,7.555991172790527,5.0,TRUE,0,0,0,1900-01-01 00:00:00.000005
1558023586,2025-01-13T21:39:34.846Z,Active,de,44225,Dortmund,51.47560119628906,7.435937881469727,5.0,TRUE,0,0,0,1900-01-01 00:00:00.000005
1934147646,2025-01-13T21:35:06.302Z,Active,de,44225,Dortmund,51.47560119628906,7.435937881469727,5.0,TRUE,0,0,0,1900-01-01 00:00:00.000005
2052453742,2025-01-13T16:30:48.117Z,Active,de,44225,Dortmund,51.47560119628906,7.435937881469727,5.0,TRUE,0,0,0,1900-01-01 00:00:00.000005
400366809,2025-01-13T16:16:22.729Z,Active,de,44225,Dortmund,51.47560119628906,7.435937881469727,5.0,TRUE,0,0,0,1900-01-01 00:00:00.000005
1634558061,2025-01-13T15:58:17.018Z,Active,de,44339,Dortmund,51.55323028564453,7.46517276763916,5.0,TRUE,0,0,0,1900-01-01 00:00:00.000005
2217409016,2025-01-13T15:41:55.310Z,Active,de,44339,Dortmund,51.55323028564453,7.46517276763916,5.0,TRUE,0,0,0,1900-01-01 00:00:00.000005
1604868086,2025-01-13T15:40:30.863Z,Tutoring,nl,5611KX,Eindhoven,51.435420989990234,5.475761413574219,3.5,FALSE,109,29,4,2026-02-28 09:00:00.000000
1050279286,2025-01-13T15:38:26.079Z,Active,de,44339,Dortmund,51.55323028564453,7.46517276763916,5.0,TRUE,0,0,0,1900-01-01 00:00:00.000005
539677806,2025-01-13T15:34:23.833Z,Active,de,44339,Dortmund,51.55323028564453,7.46517276763916,5.0,TRUE,0,0,0,1900-01-01 00:00:00.000005
943684106,2025-01-13T15:04:24.032Z,Active,de,44135,Dortmund,51.51554870605469,7.466916084289551,5.0,TRUE,0,0,0,1900-01-01 00:00:00.000005
2694963679,2025-01-13T14:52:30.725Z,Active,de,44135,Dortmund,51.51554870605469,7.466916084289551,5.0,TRUE,0,0,0,1900-01-01 00:00:00.000005
252267943,2025-01-13T14:43:28.984Z,Chatting,de,81925,München,48.165855407714844,11.623531341552734,5.0,TRUE,0,1,0,1900-01-01 00:00:00.000005
83837378,2025-01-13T14:38:24.870Z,Chatting,de,81925,München,48.165855407714844,11.623531341552734,5.0,TRUE,0,2,0,1900-01-01 00:00:00.000005
2682028731,2025-01-13T14:34:32.275Z,Tutoring,nl,3471GM,Kamerik,52.107452392578125,4.893860340118408,3.5,FALSE,51,10,5,2026-03-12 18:00:00.000000
1672907918,2025-01-13T14:34:29.922Z,Tutoring,nl,5361HG,Grave,51.75791549682617,5.738670349121094,4.0,FALSE,9,6,2,2025-03-10 18:00:00.000000
4123738451,2025-01-13T14:34:04.197Z,Chatting,de,81925,München,48.165855407714844,11.623531341552734,5.0,TRUE,0,1,0,1900-01-01 00:00:00.000005
2457356920,2025-01-13T14:00:35.279Z,Introducing,nl,6511WP,Nijmegen,51.84855270385742,5.860839366912842,5.0,TRUE,0,1,0,1900-01-01 00:00:00.000005
729880012,2025-01-13T13:43:31.159Z,Active,de,81925,München,48.165855407714844,11.623531341552734,5.0,TRUE,0,0,0,1900-01-01 00:00:00.000005
4012660228,2025-01-13T11:38:04.102Z,Tutoring,nl,2324LV,Leiden,52.15299987792969,4.47160530090332,20.0,TRUE,3,12,0,2025-05-10 13:45:00.000000
850910492,2025-01-13T10:55:28.191Z,Tutoring,nl,2332EA,Leiden,52.16159439086914,4.464305400848389,5.0,FALSE,72,21,3,2026-02-24 15:15:00.000000
541123321,2025-01-13T09:20:44.390Z,Tutoring,nl,5231 PP,'s-Hertogenbosch,51.70659255981445,5.303427696228027,5.0,TRUE,76,38,2,2025-06-24 06:00:00.000000
1455406814,2025-01-12T23:42:34.161Z,Tutoring,nl,3523TG,Utrecht,52.06953811645508,5.119047164916992,11.0,FALSE,48,6,8,2025-12-15 15:00:00.000000
888291418,2025-01-12T15:32:35.763Z,Tutoring,nl,2614KC,Delft,52.00676345825195,4.326816082000732,3.5,FALSE,6,7,1,2025-03-18 15:30:58.216000
3625607875,2025-01-12T13:44:37.202Z,Tutoring,nl,6191ct,Beek,50.94548797607422,5.798661231994629,10.0,FALSE,27,9,3,2025-06-30 16:30:00.000000
897878811,2025-01-12T13:38:55.464Z,Chatting,nl,9713VN,Groningen,53.230770111083984,6.582369327545166,20.0,TRUE,0,2,0,1900-01-01 00:00:00.000005
3913376255,2025-01-12T12:20:27.247Z,Tutoring,nl,3511JA,Utrecht,52.09139633178711,5.116581916809082,5.0,FALSE,146,40,4,2026-04-02 12:15:00.000000
1443275259,2025-01-12T11:13:25.184Z,Introducing,de,22529,Hamburg,53.6024055480957,9.950377464294434,10.0,TRUE,0,2,0,1900-01-01 00:00:00.000005
3964620825,2025-01-11T22:56:06.448Z,Introducing,nl,3582 CH,Utrecht,52.08207321166992,5.129451274871826,3.5,TRUE,0,5,0,1900-01-01 00:00:00.000005
3197527304,2025-01-11T22:21:27.504Z,Chatting,de,81539,München,48.108516693115234,11.598993301391602,5.0,TRUE,0,2,0,1900-01-01 00:00:00.000005
1007807539,2025-01-11T22:15:42.655Z,Active,de,81539,München,48.108516693115234,11.598993301391602,5.0,TRUE,0,0,0,1900-01-01 00:00:00.000005
3648249066,2025-01-11T21:47:22.752Z,Chatting,nl,6582BR,Heumen,51.770076751708984,5.819812297821045,15.0,TRUE,0,1,0,1900-01-01 00:00:00.000005
1187426448,2025-01-11T21:43:34.134Z,Active,de,81539,Nürnberg,49.400978088378906,11.08227252960205,5.0,TRUE,0,0,0,1900-01-01 00:00:00.000005
680159634,2025-01-11T21:38:43.016Z,Active,de,90469,Nürnberg,49.400978088378906,11.08227252960205,5.0,TRUE,0,0,0,1900-01-01 00:00:00.000005
2625507407,2025-01-11T21:34:06.371Z,Chatting,de,81539,München,48.11024856567383,11.590165138244629,5.0,TRUE,0,1,0,1900-01-01 00:00:00.000005
2150519897,2025-01-11T21:29:50.261Z,Active,de,81539,München,48.11024856567383,11.590165138244629,5.0,TRUE,0,0,0,1900-01-01 00:00:00.000005
1131582070,2025-01-11T21:15:44.876Z,Chatting,de,81539,München,48.11024856567383,11.590165138244629,5.0,TRUE,0,1,0,1900-01-01 00:00:00.000005
4263695704,2025-01-11T20:59:40.440Z,Active,de,80639,München,48.15404510498047,11.510351181030273,5.0,TRUE,0,0,0,1900-01-01 00:00:00.000005
1450730450,2025-01-11T20:55:14.793Z,Active,de,80639,München,48.15404510498047,11.510351181030273,5.0,TRUE,0,0,0,1900-01-01 00:00:00.000005
685294743,2025-01-11T20:50:51.182Z,Active,de,80639,München,48.15404510498047,11.510351181030273,5.0,TRUE,0,0,0,1900-01-01 00:00:00.000005
3628170334,2025-01-11T20:42:17.788Z,Active,de,80639,München,48.15404510498047,11.510351181030273,5.0,TRUE,0,0,0,1900-01-01 00:00:00.000005
4173801855,2025-01-11T14:44:34.544Z,Introducing,de,50997,Köln,50.87580871582031,6.959113597869873,10.0,TRUE,0,1,0,1900-01-01 00:00:00.000005
1071081418,2025-01-11T14:10:17.156Z,Tutoring,nl,6531DD,Nijmegen,51.83621597290039,5.849658012390137,10.0,TRUE,25,14,2,2025-03-18 14:00:00.000000
2754044551,2025-01-11T12:22:57.809Z,Active,de,80939,München,48.19657516479492,11.625926971435547,5.0,TRUE,0,0,0,1900-01-01 00:00:00.000005
1571729217,2025-01-11T12:15:34.532Z,Active,de,80939,München,48.19657516479492,11.625926971435547,5.0,TRUE,0,0,0,1900-01-01 00:00:00.000005
2283809231,2025-01-11T12:10:41.201Z,Active,de,80939,München,48.19657516479492,11.625926971435547,5.0,TRUE,0,0,0,1900-01-01 00:00:00.000005
1072385745,2025-01-11T11:40:13.432Z,Chatting,de,81479,München,48.08030700683594,11.528352737426758,5.0,TRUE,0,1,0,1900-01-01 00:00:00.000005
4148625178,2025-01-11T11:30:47.763Z,Chatting,de,81479,München,48.08030700683594,11.528352737426758,5.0,TRUE,0,1,0,1900-01-01 00:00:00.000005
3164267962,2025-01-11T11:16:57.215Z,Active,de,81479,München,48.08030700683594,11.528352737426758,5.0,TRUE,0,0,0,1900-01-01 00:00:00.000005
398422668,2025-01-11T11:10:25.627Z,Chatting,de,81479,München,48.08030700683594,11.528352737426758,5.0,TRUE,0,1,0,1900-01-01 00:00:00.000005
325784169,2025-01-11T11:04:07.830Z,Chatting,de,80992,München,48.181312561035156,11.512418746948242,5.0,TRUE,0,1,0,1900-01-01 00:00:00.000005
421611739,2025-01-11T10:48:25.701Z,Chatting,de,80992,München,48.181312561035156,11.512418746948242,5.0,TRUE,0,2,0,1900-01-01 00:00:00.000005
4208284184,2025-01-11T10:40:47.792Z,Active,de,80992,München,48.181312561035156,11.512418746948242,5.0,TRUE,0,0,0,1900-01-01 00:00:00.000005
356220429,2025-01-10T23:57:28.815Z,Active,de,80992,München,48.181312561035156,11.512418746948242,5.0,TRUE,0,0,0,1900-01-01 00:00:00.000005
3686246931,2025-01-10T23:11:43.616Z,Active,de,80331,München,48.13742446899414,11.57471752166748,5.0,TRUE,0,0,0,1900-01-01 00:00:00.000005
749087979,2025-01-10T15:13:33.088Z,Chatting,de,04158,Leipzig,51.39237594604492,12.33731460571289,10.0,TRUE,0,1,0,1900-01-01 00:00:00.000005
3474558757,2025-01-09T20:05:01.049Z,Tutoring,nl,2025BP ,Haarlem,52.40872573852539,4.656130790710449,5.0,TRUE,1,1,1,2025-06-07 12:00:00.000000
2297229415,2025-01-09T12:26:02.301Z,Tutoring,nl,3769GJ,Soesterberg,52.115055084228516,5.282938480377197,10.0,FALSE,235,66,4,2026-03-30 18:00:00.000000
2956240335,2025-01-08T19:05:26.307Z,Tutoring,nl,9743PL,Groningen,53.23228073120117,6.523555755615234,4.0,FALSE,9,5,2,2025-09-21 15:45:00.000000
1449864129,2025-01-08T12:47:00.117Z,Tutoring,nl,4621DD,Rotterdam,51.49622344970703,4.298796653747559,7.0,FALSE,6,7,1,2025-03-19 16:30:00.000000
4008399776,2025-01-07T18:28:54.839Z,Chatting,nl,1333BD,Almere,52.398921966552734,5.268009185791016,20.0,TRUE,0,1,0,1900-01-01 00:00:00.000005
3475464442,2025-01-07T13:48:40.036Z,Tutoring,nl,3523VW,Utrecht,52.06782913208008,5.120774269104004,5.0,FALSE,12,6,2,2025-06-21 08:00:00.000000
1965004575,2025-01-06T23:29:16.292Z,Tutoring,nl,1506vs,Zaandam,52.4420280456543,4.816622257232666,20.0,FALSE,8,3,3,2025-08-23 12:15:00.000000
3631242819,2025-01-06T15:26:41.910Z,Chatting,nl,4791 BR,Klundert,51.66595458984375,4.544277191162109,20.0,TRUE,0,2,0,1900-01-01 00:00:00.000005
393201755,2025-01-06T14:14:54.094Z,Chatting,nl,2907AT,Capelle aan den IJssel,51.95161819458008,4.569317817687988,15.0,TRUE,0,2,0,1900-01-01 00:00:00.000005
3249985782,2025-01-05T23:01:06.057Z,Active,de,01099,Dresden,51.07023239135742,13.766351699829102,5.0,TRUE,0,0,0,1900-01-01 00:00:00.000005
356401373,2025-01-05T15:19:41.810Z,Tutoring,nl,3037LL,Rotterdam,51.93891525268555,4.473323345184326,5.0,FALSE,36,12,3,2026-03-01 15:00:00.000000
905213744,2025-01-05T14:42:59.749Z,Tutoring,nl,1014ZC,Amsterdam,52.393890380859375,4.87804651260376,7.0,TRUE,181,63,3,2026-02-19 15:00:00.000000
938714554,2025-01-05T14:15:11.643Z,Tutoring,nl,2312EG,Leiden,52.16144561767578,4.496480464935303,4.0,TRUE,20,11,2,2025-05-17 14:00:00.000000
156699537,2025-01-05T12:22:37.815Z,Tutoring,nl,6524AC,Huissen,51.84099578857422,5.864840030670166,10.0,FALSE,60,4,15,2026-03-06 19:00:00.000000
20016755,2025-01-05T10:41:29.693Z,Tutoring,nl,6816RK,Arnhem,52.01139450073242,5.875179767608643,7.0,FALSE,10,4,3,2026-02-20 09:30:00.000000
1019782875,2025-01-05T01:19:24.892Z,Introducing,nl,7556SN,Hengelo,52.26831817626953,6.77972412109375,20.0,TRUE,0,2,0,1900-01-01 00:00:00.000005
2288658805,2025-01-04T21:27:01.373Z,Active,nl,3584 BG,Utrecht,52.09544372558594,5.146078586578369,3.5,TRUE,0,0,0,1900-01-01 00:00:00.000005
386784465,2025-01-04T16:20:02.281Z,Tutoring,nl,1965mc,Heemskerk,52.50067138671875,4.673042297363281,5.0,FALSE,56,14,4,2025-12-03 14:45:00.000000
4075220781,2025-01-04T15:27:16.027Z,Tutoring,nl,1341BM,Almere,52.35586929321289,5.2850117683410645,10.0,TRUE,9,6,2,2025-05-15 14:30:00.000000
639921382,2025-01-04T13:34:06.021Z,Tutoring,de,21075,Hamburg,53.45793914794922,9.941956520080566,15.0,FALSE,48,14,3,2026-02-12 15:00:00.000000
3950643723,2025-01-03T10:26:32.925Z,Chatting,nl,6709PV ,Wageningen,51.96603012084961,5.6504034996032715,5.0,TRUE,0,1,0,1900-01-01 00:00:00.000005
785442882,2025-01-02T10:36:45.076Z,Tutoring,nl,9714JE,Groningen,53.23236083984375,6.576547145843506,10.0,FALSE,86,9,10,2025-12-11 16:30:00.000000
4209283370,2025-01-01T21:27:59.113Z,Tutoring,nl,6542SM,Nijmegen,51.84524154663086,5.838486194610596,7.5,FALSE,36,9,4,2025-07-02 17:30:00.000000
410669733,2024-12-31T12:59:19.354Z,Tutoring,nl,6524EK,Nijmegen,51.836524963378906,5.859973430633545,6.0,FALSE,273,36,8,2026-03-01 20:00:00.000000
4043254882,2024-12-30T22:03:43.150Z,Tutoring,nl,2628CN,Delft,51.998809814453125,4.375576972961426,5.0,FALSE,36,11,3,2025-06-17 16:00:00.000000
2936637768,2024-12-30T15:49:51.856Z,Tutoring,nl,2623AC,Delft,51.987266540527344,4.358030319213867,5.0,FALSE,71,13,5,2026-03-27 15:30:00.000000
1230402124,2024-12-30T13:04:03.341Z,Active,nl,7081AR,Gendringen,51.87675857543945,6.378802299499512,6.900000095367432,TRUE,0,0,0,1900-01-01 00:00:00.000005
2289857574,2024-12-28T15:55:03.116Z,Tutoring,nl,1934dd,Egmond aan den Hoef,52.61761474609375,4.651402473449707,9.0,FALSE,24,10,2,2025-06-22 12:00:00.000000
788509932,2024-12-28T15:04:44.910Z,Introducing,nl,6213 CP,Maastricht,50.8397331237793,5.668766021728516,6.5,TRUE,0,7,0,1900-01-01 00:00:00.000005
1643882046,2024-12-28T13:15:19.905Z,Tutoring,nl,5731HX,Mierlo,51.445552825927734,5.624610900878906,3.5,FALSE,180,20,9,2026-03-31 18:00:00.000000
2015386344,2024-12-27T21:08:35.791Z,Tutoring,nl,2461HH,Ter Aar,52.170127868652344,4.703335285186768,3.5,FALSE,22,9,2,2025-04-25 08:00:00.000000
1368316379,2024-12-26T11:36:48.239Z,Active,de,63069,Offenbach am Main,50.09675598144531,8.765655517578125,15.0,TRUE,0,0,0,1900-01-01 00:00:00.000005
2174864396,2024-12-24T01:10:17.071Z,Tutoring,nl,2131DB,Hoofddorp,52.31369400024414,4.687932014465332,4.0,FALSE,39,6,7,2026-02-26 15:15:00.000000
1235829675,2024-12-23T14:36:12.570Z,Introducing,de,10407,Berlin,52.53477096557617,13.43777084350586,7.0,TRUE,0,6,0,1900-01-01 00:00:00.000005
4283130478,2024-12-22T16:59:08.039Z,Active,de,12439,Berlin,52.45846176147461,13.512228965759277,15.0,TRUE,0,0,0,1900-01-01 00:00:00.000005
4129790711,2024-12-20T14:37:33.325Z,Tutoring,nl,3527VW,Utrecht,52.07942199707031,5.09476375579834,7.0,FALSE,14,7,2,2025-06-11 14:15:00.000000
3101493199,2024-12-20T14:17:22.008Z,Tutoring,nl,2541CJ,'s-Gravenhage,52.04646301269531,4.283646583557129,20.0,FALSE,32,14,2,2025-06-20 12:00:00.000000
4225055061,2024-12-19T16:29:03.922Z,Introducing,de,79790,Küssaberg,47.61204147338867,8.291674613952637,5.0,TRUE,0,3,0,1900-01-01 00:00:00.000005
2043030449,2024-12-19T13:01:19.076Z,Introducing,nl,1053TG,Amsterdam,52.368751525878906,4.865696430206299,5.0,TRUE,0,13,0,1900-01-01 00:00:00.000005
1699706477,2024-12-19T10:35:23.271Z,Active,nl,8031 AS ,Zwolle,52.522308349609375,6.08666467666626,3.5,TRUE,0,0,0,1900-01-01 00:00:00.000005
420129245,2024-12-19T09:33:24.526Z,Tutoring,de,64289,Darmstadt,49.884525299072266,8.65516185760498,5.0,FALSE,33,14,2,2025-07-04 12:00:00.000000
697374289,2024-12-18T19:12:12.062Z,Tutoring,de,59368,Werne,51.66748809814453,7.639375686645508,3.5,FALSE,24,12,2,2025-12-17 16:45:00.000000
3684970273,2024-12-18T16:14:40.978Z,Tutoring,nl,2902 GW,Capelle aan den IJssel,51.927154541015625,4.580709457397461,3.5,FALSE,4,1,4,2025-02-17 18:30:00.000000
3045695904,2024-12-18T13:06:03.503Z,Tutoring,nl,2613VP,Delft,52.008209228515625,4.350595951080322,3.5,FALSE,192,51,4,2026-03-26 16:00:00.000000
2372722219,2024-12-17T19:02:18.931Z,Introducing,nl,6524RN,Nijmegen,51.829742431640625,5.869016170501709,3.5,FALSE,32,12,3,2025-06-26 13:00:00.000000
1327324584,2024-12-17T16:50:00.872Z,Tutoring,nl,1175LB ,Lijnden,52.351016998291016,4.758728504180908,8.0,TRUE,57,17,3,2025-11-20 16:30:00.000000
3748227447,2024-12-17T10:30:57.439Z,Tutoring,nl,2625NA,Delft,51.99343490600586,4.336822509765625,5.0,FALSE,5,5,1,2025-01-27 15:00:00.000000
88253871,2024-12-17T01:59:51.357Z,Tutoring,nl,6823MX,Arnhem,52.00468063354492,5.944925308227539,20.0,FALSE,5,6,1,2025-03-13 17:30:00.000000
2516727624,2024-12-16T17:38:45.924Z,Active,nl,9785AP,Zuidwolde,53.26322937011719,6.590108871459961,5.0,TRUE,0,0,0,1900-01-01 00:00:00.000005
2576455922,2024-12-16T14:56:11.195Z,Tutoring,nl,1338JB,Almere,52.384429931640625,5.269628524780273,7.5,FALSE,104,7,15,2025-11-25 18:00:00.000000
2475583034,2024-12-16T13:46:33.427Z,Tutoring,nl,3555BP,Utrecht,52.114559173583984,5.080991744995117,15.0,FALSE,5,6,1,2025-02-15 11:00:00.000000
763156990,2024-12-15T16:49:09.339Z,Tutoring,nl,2628RH,Delft,52.005558013916016,4.36659574508667,3.5,FALSE,19,9,2,2025-09-06 14:00:00.000000
3787192918,2024-12-15T12:30:08.359Z,Tutoring,nl,9717AX,Groningen,53.220394134521484,6.548328876495361,5.0,TRUE,65,42,2,2025-05-12 13:45:00.000000
145486371,2024-12-14T15:25:46.849Z,Tutoring,nl,3532HK,Utrecht,52.09427261352539,5.091734886169434,4.0,FALSE,38,9,4,2025-12-06 16:00:00.000000
423150444,2024-12-12T09:14:32.054Z,Tutoring,nl,1401RL,Bussum,52.278934478759766,5.164514064788818,10.0,FALSE,3,4,1,2025-05-13 17:00:00.000000
1496024604,2024-12-11T15:20:28.462Z,Tutoring,nl,6211EL,Maastricht,50.85109329223633,5.692660808563232,3.5,TRUE,10,12,1,2025-01-19 11:30:00.000000
3619372058,2024-12-10T21:27:57.740Z,Tutoring,nl,2548PS,'s-Gravenhage,52.027408599853516,4.2860636711120605,8.0,FALSE,82,14,6,2026-01-13 20:30:00.000000
3093402004,2024-12-10T12:27:53.378Z,Chatting,nl,6826GM,Arnhem,51.979705810546875,5.944891929626465,10.0,TRUE,0,4,0,1900-01-01 00:00:00.000005
2102452707,2024-12-10T12:22:14.684Z,Chatting,nl,3053 ND,Rotterdam,51.96195602416992,4.476829528808594,5.0,TRUE,0,3,0,1900-01-01 00:00:00.000005
2205335181,2024-12-10T07:03:39.374Z,Tutoring,nl,1058kg,Amsterdam,52.353824615478516,4.850121974945068,5.0,FALSE,30,8,4,2025-04-28 12:00:00.000000
1393262182,2024-12-09T19:37:06.405Z,Tutoring,nl,2993TA,Barendrecht,51.85456466674805,4.49959659576416,3.5,FALSE,69,6,12,2026-03-12 13:00:00.000000
1519844174,2024-12-09T14:06:43.392Z,Chatting,nl,2625JN,Delft,51.98844909667969,4.343541622161865,10.0,TRUE,0,8,0,1900-01-01 00:00:00.000005
1822933006,2024-12-08T21:12:21.071Z,Tutoring,nl,1181 VN,Amstelveen,52.30558776855469,4.851076126098633,5.0,TRUE,18,8,2,2025-06-25 12:30:00.000000
3909130235,2024-12-08T16:18:53.796Z,Tutoring,nl,6524PA,Nijmegen,51.83137512207031,5.863279342651367,8.0,FALSE,32,7,5,2026-03-10 19:00:00.000000
996105776,2024-12-07T09:48:47.944Z,Tutoring,nl,3514GA,Utrecht,52.100555419921875,5.1200385093688965,10.0,TRUE,34,16,2,2025-05-21 10:00:00.000000
764421734,2024-12-06T16:38:51.024Z,Tutoring,nl,3524 bz,Utrecht,52.064876556396484,5.139332294464111,6.0,FALSE,23,3,8,2025-05-09 08:30:00.000000
1289606936,2024-12-06T16:01:44.579Z,Tutoring,nl,4841LT,Prinsenbeek,51.59433364868164,4.703673839569092,6.0,TRUE,3,2,2,2025-01-11 10:00:00.000000
4250351577,2024-12-06T15:23:16.362Z,Tutoring,nl,2611WT,Delft,52.01679611206055,4.35235595703125,3.5,FALSE,77,9,9,2026-02-23 16:00:00.000000
2661097274,2024-12-05T15:15:18.627Z,Tutoring,nl,1474ML,Oosthuizen,52.576515197753906,4.99926233291626,15.0,TRUE,89,41,2,2025-12-22 17:30:00.000000
3118853348,2024-12-04T20:01:16.166Z,Introducing,nl,2034 PE,Haarlem,52.36587905883789,4.648240566253662,5.5,TRUE,0,9,0,1900-01-01 00:00:00.000005
294499124,2024-12-04T14:54:19.989Z,Introducing,nl,1216cd,Hilversum,52.221885681152344,5.15167236328125,3.5,TRUE,0,5,0,1900-01-01 00:00:00.000005
99667564,2024-12-03T19:07:50.601Z,Introducing,nl,6524RN,Nijmegen,51.829742431640625,5.869016170501709,5.0,TRUE,0,8,0,1900-01-01 00:00:00.000005
46190685,2024-12-02T12:22:44.134Z,Tutoring,nl,3707ZJ,Zeist,52.10118103027344,5.2609453201293945,3.5,TRUE,84,56,2,2025-04-19 08:00:00.000000
2713628208,2024-12-02T10:21:28.069Z,Tutoring,nl,2311JR,Leiden,52.15498733520508,4.500490188598633,3.5,TRUE,114,43,3,2026-02-24 14:30:00.000000
3867769724,2024-12-01T17:10:34.768Z,Chatting,nl,1325TJ,Almere,52.357505798339844,5.244617462158203,15.0,TRUE,0,6,0,1900-01-01 00:00:00.000005
2342695194,2024-12-01T12:23:03.135Z,Tutoring,nl,2628 TH,Delft,52.0091667175293,4.375640869140625,5.0,TRUE,112,26,4,2025-12-07 09:00:00.000000
2635895600,2024-11-30T21:11:44.405Z,Tutoring,nl,2624ME,Delft,51.99717330932617,4.353338241577148,10.0,FALSE,14,3,5,2025-09-17 11:00:00.000000
3954239226,2024-11-30T19:33:35.334Z,Introducing,nl,6922JZ,Duiven,51.94191360473633,5.998676776885986,5.0,TRUE,0,4,0,1900-01-01 00:00:00.000005
4242978915,2024-11-30T13:45:24.647Z,Tutoring,nl,2652 KK,Berkel en Rodenrijs,51.99330520629883,4.458920955657959,5.0,FALSE,132,10,13,2026-03-24 14:00:00.000000
967754059,2024-11-29T19:06:08.656Z,Tutoring,nl,9713WV,Groningen,53.22585678100586,6.569195747375488,5.0,FALSE,4,6,1,2025-03-24 12:30:00.000000
1567000646,2024-11-28T12:34:31.741Z,Tutoring,nl,1064 LE,Amsterdam,52.372718811035156,4.81381368637085,6.0,FALSE,28,7,4,2025-05-18 13:00:00.000000
2774834390,2024-11-27T19:11:27.167Z,Tutoring,nl,2851 ZN,Haastrecht,51.99549102783203,4.775654315948486,8.0,TRUE,3,3,1,2025-02-02 09:00:00.000000
234251451,2024-11-27T18:47:55.284Z,Chatting,de,16321,Bernau bei Berlin,52.67444610595703,13.553787231445312,15.0,TRUE,0,4,0,1900-01-01 00:00:00.000005
1371143951,2024-11-27T15:49:15.156Z,Tutoring,nl,1097SP,Amsterdam,52.34212875366211,4.942638397216797,4.0,TRUE,4,17,0,2025-01-25 14:30:00.000000
3440918184,2024-11-27T15:02:52.541Z,Tutoring,nl,3344BM,Hendrik-Ido-Ambacht,51.826568603515625,4.636820316314697,4.0,TRUE,5,6,1,2025-04-24 15:00:00.000000
1050030411,2024-11-27T13:47:51.529Z,Introducing,nl,1823DL,Alkmaar,52.64357376098633,4.767612934112549,6.0,TRUE,0,4,0,1900-01-01 00:00:00.000005
3420826467,2024-11-27T11:41:06.588Z,Tutoring,nl,7443TH,Nijverdal,52.37702941894531,6.478856563568115,20.0,FALSE,46,13,4,2025-10-30 18:00:00.000000
2793895990,2024-11-27T09:41:43.502Z,Tutoring,de,76185,Karlsruhe,49.012359619140625,8.357007026672363,5.0,FALSE,17,6,3,2025-02-26 13:30:00.000000
3547423637,2024-11-26T18:58:02.674Z,Tutoring,nl,3068AZ,Rotterdam,51.951419830322266,4.555572509765625,20.0,TRUE,11,12,1,2025-01-29 14:00:00.000000
2868430052,2024-11-26T16:29:58.351Z,Active,de,76137,Karlsruhe,48.99414825439453,8.397789001464844,6.0,TRUE,0,0,0,1900-01-01 00:00:00.000005
250783747,2024-11-26T13:38:51.841Z,Tutoring,nl,2801EH,Gouda,52.01201248168945,4.707241535186768,5.0,FALSE,8,2,4,2025-03-22 16:00:00.000000
2902237633,2024-11-26T10:03:38.522Z,Chatting,de,48151,Münster,51.950374603271484,7.6218085289001465,3.9000000953674316,TRUE,0,4,0,1900-01-01 00:00:00.000005
765975053,2024-11-26T09:31:17.108Z,Tutoring,nl,2624NM,Delft,51.99801254272461,4.351630687713623,6.0,FALSE,54,7,8,2025-12-18 17:30:00.000000
975237042,2024-11-25T17:58:49.572Z,Chatting,nl,2036CH,Haarlem,52.35092544555664,4.657465934753418,3.5,TRUE,0,3,0,1900-01-01 00:00:00.000005
958871067,2024-11-25T09:10:41.986Z,Tutoring,nl,6511VZ,Nijmegen,51.8476676940918,5.862203598022461,5.0,FALSE,16,9,2,2025-06-06 12:00:00.000000
2263584168,2024-11-24T22:45:35.118Z,Tutoring,nl,2901HG,Capelle aan den IJssel,51.91840362548828,4.562156677246094,10.0,TRUE,24,13,2,2025-06-08 13:00:00.000000
2304263062,2024-11-24T15:51:00.321Z,Active,nl,7514EJ,Enschede,52.22512435913086,6.909087181091309,6.0,TRUE,0,0,0,1900-01-01 00:00:00.000005
1248946929,2024-11-24T14:49:19.763Z,Introducing,nl,2032XM,Haarlem,52.37836837768555,4.6545209884643555,3.5,TRUE,0,8,0,1900-01-01 00:00:00.000005
476818871,2024-11-23T21:42:29.266Z,Introducing,nl,7541AB,Enschede,52.20951843261719,6.905492305755615,4.0,TRUE,0,9,0,1900-01-01 00:00:00.000005
1282108455,2024-11-23T11:03:04.160Z,Tutoring,nl,1093 GX,Amsterdam,52.36112594604492,4.927151203155518,5.0,TRUE,7,6,1,2025-02-03 15:30:00.000000
544795091,2024-11-23T01:22:26.382Z,Tutoring,nl,3731CN,De Bilt,52.10704803466797,5.173756122589111,6.0,FALSE,66,21,3,2026-05-11 14:00:00.000000
2871442927,2024-11-22T20:52:44.519Z,Tutoring,nl,7556HH,Hengelo,52.27354049682617,6.793260097503662,15.0,FALSE,32,4,8,2025-06-18 14:00:00.000000
3809558041,2024-11-22T12:49:17.970Z,Tutoring,nl,1069 EJ,Amsterdam,52.35602569580078,4.787112236022949,5.0,FALSE,5,10,1,2025-03-18 12:00:09.700000
1318894946,2024-11-21T23:18:46.226Z,Introducing,nl,9715HA,Groningen,53.23088073730469,6.568286418914795,20.0,TRUE,0,2,0,1900-01-01 00:00:00.000005
2036587124,2024-11-21T20:51:49.731Z,Tutoring,nl,2522DN,'s-Gravenhage,52.05747604370117,4.328887939453125,3.5,TRUE,18,10,2,2025-06-03 17:00:00.000000
1938014555,2024-11-21T10:01:01.189Z,Tutoring,nl,7971 DD,Havelte,52.78081130981445,6.236721515655518,3.5,FALSE,94,13,7,2025-10-03 17:30:00.000000
2625369617,2024-11-20T20:40:27.751Z,Tutoring,nl,1188 GS,Amstelveen,52.27923583984375,4.848947525024414,5.0,FALSE,100,10,10,2026-02-26 13:00:00.000000
2545342392,2024-11-20T13:00:28.170Z,Tutoring,nl,2408SV,Alphen aan den Rijn,52.116249084472656,4.642265319824219,5.0,FALSE,56,5,11,2026-03-04 18:00:00.000000
1467311053,2024-11-19T14:11:32.557Z,Introducing,nl,8042GC,Zwolle,52.52298355102539,6.043627738952637,10.0,TRUE,0,2,0,1900-01-01 00:00:00.000005
2033544035,2024-11-18T21:03:35.112Z,Chatting,nl,3815xs,Amersfoort,52.15895080566406,5.409590244293213,3.5,TRUE,0,3,0,1900-01-01 00:00:00.000005
3695033353,2024-11-18T19:17:32.425Z,Tutoring,nl,8536TZ,Oosterzee,52.87411117553711,5.774284839630127,20.0,FALSE,6,6,1,2025-01-27 15:30:00.000000
1529158455,2024-11-18T16:48:19.158Z,Tutoring,nl,1562KG,Krommenie,52.50630569458008,4.7750372886657715,10.0,FALSE,80,17,5,2025-06-25 16:00:00.000000
344826369,2024-11-18T14:16:22.770Z,Tutoring,nl,2351AK,Leiderdorp,52.15058898925781,4.523207187652588,6.5,FALSE,37,5,7,2025-09-17 15:15:00.000000
2098169058,2024-11-18T13:34:42.063Z,Introducing,de,01067,Dresden,51.047157287597656,13.723289489746094,3.5,TRUE,0,6,0,1900-01-01 00:00:00.000005
994682705,2024-11-18T12:45:31.086Z,Tutoring,nl,1973AE,IJmuiden,52.460201263427734,4.601120471954346,15.0,FALSE,142,47,3,2026-03-31 17:00:00.000000
3493215602,2024-11-18T09:46:32.541Z,Tutoring,nl,6512CD,Nijmegen,51.84059524536133,5.855437278747559,5.0,TRUE,27,17,2,2025-12-12 20:00:00.000000
1277338367,2024-11-17T09:44:17.075Z,Tutoring,nl,6221KM,Maastricht,50.84396743774414,5.701989650726318,20.0,TRUE,62,28,2,2025-06-22 08:00:00.000000
2408160251,2024-11-16T17:46:06.736Z,Tutoring,nl,1021HJ,Amsterdam,52.38814163208008,4.91999626159668,10.0,TRUE,42,23,2,2025-12-15 16:00:00.000000
207937666,2024-11-15T17:16:48.804Z,Introducing,de,70327,Stuttgart,48.78611755371094,9.258322715759277,10.0,TRUE,0,3,0,1900-01-01 00:00:00.000005
2466972733,2024-11-15T13:27:03.914Z,Tutoring,nl,2613GT,Delft,52.00828170776367,4.34742546081543,4.0,FALSE,30,15,2,2026-02-25 18:00:00.000000
3287875005,2024-11-15T12:01:50.133Z,Tutoring,de,22301,Hamburg,53.58592987060547,10.003957748413086,10.0,TRUE,9,12,1,2025-04-04 14:45:00.000000
1647812357,2024-11-14T02:10:57.615Z,Tutoring,nl,2661SM,Bergschenhoek,51.99753952026367,4.504244327545166,5.0,FALSE,18,4,5,2025-05-12 14:00:00.000000
2742421149,2024-11-13T16:53:01.058Z,Tutoring,de,22297,Hamburg,53.60745620727539,10.003946304321289,20.0,FALSE,11,10,1,2025-06-24 15:00:00.000000
3792377886,2024-11-13T16:18:29.839Z,Tutoring,nl,1628JX,Hoorn,52.647708892822266,5.083458423614502,5.5,TRUE,22,19,1,2025-07-02 13:00:00.000000
1749984575,2024-11-13T13:34:03.169Z,Introducing,nl,1621EL,Hoorn,52.64137268066406,5.0583086013793945,6.0,TRUE,0,5,0,1900-01-01 00:00:00.000005
3236444058,2024-11-13T13:25:03.160Z,Chatting,nl,6711AP,Ede,52.04530334472656,5.670162200927734,3.5999999046325684,TRUE,0,1,0,1900-01-01 00:00:00.000005
144292872,2024-11-12T21:55:14.825Z,Tutoring,nl,7006 KD,Doetinchem,51.966514587402344,6.252998352050781,10.0,FALSE,26,12,2,2025-06-16 13:30:00.000000
2627294780,2024-11-12T14:06:00.734Z,Chatting,nl,5704 GT,Helmond,51.46794509887695,5.698960781097412,5.0,TRUE,0,7,0,1900-01-01 00:00:00.000005
2683832248,2024-11-11T07:31:03.137Z,Tutoring,nl,2274EE,Voorburg,52.07478332519531,4.35084342956543,5.0,TRUE,9,12,1,2025-06-24 13:30:00.000000
1568151930,2024-11-10T14:29:00.459Z,Tutoring,nl,1613EZ,Grootebroek,52.68769073486328,5.22137451171875,10.0,TRUE,40,20,2,2025-06-24 14:30:00.000000
2853061157,2024-11-10T10:21:47.061Z,Chatting,de,76149,Karlsruhe,49.0213737487793,8.390260696411133,5.0,TRUE,0,5,0,1900-01-01 00:00:00.000005
1715677952,2024-11-08T19:57:36.006Z,Tutoring,de,40625,Düsseldorf,51.23664855957031,6.859953880310059,10.0,FALSE,43,8,5,2026-02-24 16:15:00.000000
431290717,2024-11-07T18:28:24.252Z,Tutoring,nl,1339VA,Almere,52.39997863769531,5.299389362335205,4.0,FALSE,54,10,5,2025-06-23 19:45:00.000000
1644761864,2024-11-07T17:08:01.171Z,Tutoring,nl,3705ZA,Zeist,52.09703826904297,5.219642639160156,8.0,FALSE,6,4,2,2025-01-28 18:00:00.000000
3872227758,2024-11-05T20:46:47.542Z,Tutoring,nl,2311ND,Oosterbeek,52.15581130981445,4.502199649810791,5.0,FALSE,19,8,2,2025-04-30 14:45:00.000000
4109751130,2024-11-04T18:40:34.786Z,Tutoring,nl,1991GB,Velserbroek,52.43085479736328,4.6516499519348145,3.5,FALSE,74,25,3,2025-10-31 18:00:00.000000
1903493271,2024-11-04T15:28:59.394Z,Tutoring,nl,6525BC,Nijmegen,51.82611846923828,5.87034273147583,7.5,FALSE,29,10,3,2025-06-12 13:00:00.000000
2861115420,2024-11-04T13:04:26.452Z,Tutoring,de,55130,Mainz,49.98072052001953,8.281554222106934,10.0,TRUE,1,8,0,2025-02-05 14:00:00.000000
1357977011,2024-11-03T22:49:21.003Z,Active,nl,9204LS,Drachten,53.10536193847656,6.079066753387451,20.0,TRUE,0,0,0,1900-01-01 00:00:00.000005
2344592580,2024-11-03T15:31:42.369Z,Tutoring,nl,6524RN,Nijmegen,51.829742431640625,5.869016170501709,7.0,FALSE,30,5,6,2025-05-19 17:00:00.000000
2633747453,2024-11-02T20:23:16.414Z,Tutoring,nl,9742 SR,Groningen,53.224510192871094,6.541512489318848,10.0,FALSE,31,12,3,2025-12-19 14:00:00.000000
806894181,2024-11-01T21:17:44.559Z,Introducing,nl,1826DW,Alkmaar,52.65721130371094,4.76311731338501,20.0,TRUE,0,7,0,1900-01-01 00:00:00.000005
171129280,2024-11-01T20:21:19.472Z,Introducing,nl,4201JA,Gorinchem,51.83088684082031,4.9727606773376465,4.0,TRUE,0,1,0,1900-01-01 00:00:00.000005
1559235739,2024-11-01T12:57:24.741Z,Tutoring,de,65933,Frankfurt am Main,50.10539627075195,8.59929370880127,6.0,TRUE,54,11,5,2026-02-27 13:15:00.000000
419191960,2024-11-01T12:46:28.541Z,Chatting,nl,5674RR,Nuenen,51.488319396972656,5.56511926651001,20.0,TRUE,0,6,0,1900-01-01 00:00:00.000005
1225294197,2024-10-31T00:23:45.827Z,Introducing,nl,3014ZX,Rotterdam,51.9160270690918,4.465703964233398,4.0,TRUE,0,2,0,1900-01-01 00:00:00.000005
2124224697,2024-10-30T17:48:17.175Z,Tutoring,nl,3511 ZA,Utrecht,52.08124923706055,5.122114181518555,3.5,FALSE,217,22,10,2026-02-04 14:30:00.000000
4124101871,2024-10-30T12:57:20.559Z,Tutoring,nl,3571SL,Utrecht,52.107154846191406,5.116042137145996,20.0,TRUE,31,17,2,2025-05-13 17:30:00.000000
3769622020,2024-10-30T12:47:15.303Z,Tutoring,nl,3704NT,Zeist,52.09279251098633,5.217075347900391,10.0,FALSE,14,7,2,2025-03-21 18:00:00.000000
380356871,2024-10-29T14:27:51.053Z,Tutoring,nl,8223 XK,Lelystad,52.524024963378906,5.489060878753662,5.0,FALSE,41,14,3,2026-02-11 09:30:00.000000
3357773735,2024-10-28T10:32:46.270Z,Introducing,nl,6542zs,Nijmegen,51.839176177978516,5.846752643585205,5.0,TRUE,0,7,0,1900-01-01 00:00:00.000005
3166402672,2024-10-27T17:28:10.277Z,Tutoring,nl,2631ML,Nootdorp,52.04417419433594,4.380360126495361,6.0,FALSE,67,3,22,2026-03-03 16:15:00.000000
3784101841,2024-10-27T14:14:50.823Z,Tutoring,de,60311,Frankfurt am Main,50.10959243774414,8.69015121459961,10.0,FALSE,36,19,2,2025-04-24 08:30:00.000000
4267871794,2024-10-27T10:57:00.950Z,Tutoring,nl,2912CC,Nieuwerkerk aan den IJssel,51.96669387817383,4.612287521362305,10.0,TRUE,9,11,1,2025-03-10 19:00:00.000000
3621747239,2024-10-27T10:40:17.377Z,Tutoring,nl,6566DL,Millingen aan de Rijn,51.85932159423828,6.044704437255859,8.0,TRUE,9,4,2,2025-06-24 15:00:00.000000
3106014656,2024-10-27T09:49:16.523Z,Tutoring,nl,6824NS,Arnhem,51.99607467651367,5.94753885269165,5.0,TRUE,2,3,1,2025-01-20 16:45:00.000000
2604886085,2024-10-26T11:51:39.851Z,Tutoring,nl,2272 NC,Voorburg,52.0892333984375,4.3740315437316895,12.0,TRUE,4,14,0,2025-06-02 15:00:00.000000
97372600,2024-10-26T11:16:03.653Z,Tutoring,nl,6709pg,Wageningen,51.96914291381836,5.650014400482178,10.0,TRUE,1,12,0,2024-12-06 15:00:00.000000
2304831714,2024-10-25T20:11:19.162Z,Chatting,nl,1343AP,Almere,52.33943176269531,5.301624774932861,5.0,TRUE,0,6,0,1900-01-01 00:00:00.000005
3994128248,2024-10-25T20:05:31.657Z,Tutoring,nl,4105XE,Culemborg,51.951866149902344,5.209394454956055,5.0,FALSE,4,5,1,2025-05-11 17:00:00.000000
581487101,2024-10-25T13:49:00.689Z,Tutoring,nl,3522XA,Utrecht,52.0770378112793,5.11197566986084,3.5,FALSE,62,22,3,2025-05-10 09:00:00.000000
1993687340,2024-10-25T12:29:04.417Z,Tutoring,nl,9714EL,Groningen,53.22909927368164,6.571694850921631,5.0,FALSE,23,12,2,2025-06-19 15:00:00.000000
2800960793,2024-10-24T16:10:30.210Z,Tutoring,nl,7523CE,Enschede,52.24006271362305,6.900925636291504,5.0,FALSE,8,7,1,2025-05-14 14:30:00.000000
3943028234,2024-10-24T12:02:23.978Z,Tutoring,nl,5611HH,Eindhoven,51.4374885559082,5.472097873687744,15.0,TRUE,2,22,0,2024-12-09 15:30:00.000000
3672358935,2024-10-23T14:05:26.057Z,Tutoring,nl,2811vs,Reeuwijk,52.047760009765625,4.7191996574401855,10.0,TRUE,6,3,2,2025-03-13 15:00:00.000000
2459091829,2024-10-22T22:04:22.788Z,Active,nl,1339 CW ,Almere,52.3938102722168,5.297372817993164,15.0,TRUE,0,0,0,1900-01-01 00:00:00.000005
2392118960,2024-10-22T14:57:11.713Z,Tutoring,nl,6129 HX,Urmond,50.99272918701172,5.776637077331543,20.0,FALSE,565,169,3,2026-04-23 13:00:00.000000
3554779718,2024-10-22T11:11:41.987Z,Introducing,nl,5625pt,Eindhoven,51.47477340698242,5.481152534484863,20.0,TRUE,0,9,0,1900-01-01 00:00:00.000005
336311450,2024-10-22T08:31:53.995Z,Tutoring,nl,5018 CK,Tilburg,51.55768585205078,5.108102321624756,6.0,TRUE,66,36,2,2025-03-23 14:00:00.000000
304064597,2024-10-22T06:50:42.490Z,Tutoring,nl,2611RE,Delft,52.00822830200195,4.3611063957214355,3.5,FALSE,24,12,2,2025-03-15 15:00:00.000000
3351747592,2024-10-21T22:19:58.780Z,Tutoring,nl,2332XA,Leiden,52.159297943115234,4.47067928314209,3.5,FALSE,66,27,2,2025-04-10 11:00:00.000000
3736370367,2024-10-20T09:03:57.877Z,Chatting,de,97074,Würzburg,49.77992630004883,9.965846061706543,5.0,TRUE,0,2,0,1900-01-01 00:00:00.000005
3382698226,2024-10-19T11:43:18.180Z,Tutoring,nl,2681GX,Monster,52.031917572021484,4.178369998931885,5.0,FALSE,13,3,4,2025-04-06 10:00:00.000000
2004541428,2024-10-18T14:44:15.893Z,Tutoring,nl,2332AJ,Leiden,52.16237258911133,4.470371723175049,6.0,FALSE,8,5,2,2025-01-08 16:30:00.000000
2345922304,2024-10-18T11:25:08.790Z,Tutoring,nl,5641GM,Eindhoven,51.449127197265625,5.523408889770508,15.0,TRUE,44,21,2,2025-11-28 16:00:00.000000
1925898679,2024-10-17T22:08:49.614Z,Chatting,de,80336,München,48.13014602661133,11.557168006896973,20.0,TRUE,0,1,0,1900-01-01 00:00:00.000005
735225439,2024-10-17T09:56:11.743Z,Tutoring,nl,5275KK,Den Dungen,51.66295623779297,5.378513336181641,10.0,TRUE,3,14,0,2024-12-01 11:00:00.000000
3609590757,2024-10-17T08:14:13.560Z,Tutoring,nl,9724JM,Groningen,53.21156692504883,6.578245639801025,5.0,FALSE,177,33,5,2026-03-26 17:00:00.000000
355565190,2024-10-16T21:45:54.131Z,Tutoring,nl,6713hs,Ede,52.036380767822266,5.651604175567627,3.5,TRUE,19,11,2,2025-03-31 15:00:00.000000
553793846,2024-10-16T21:06:43.947Z,Tutoring,nl,3042eh,Rotterdam,51.936702728271484,4.434606552124023,3.5,TRUE,69,22,3,2025-10-31 11:00:00.000000
1135116552,2024-10-16T20:05:32.425Z,Tutoring,nl,9726DB,Groningen,53.214256286621094,6.55086612701416,7.0,FALSE,20,5,4,2025-04-16 12:45:00.000000
2518498177,2024-10-15T23:51:41.387Z,Introducing,nl,5063AL,Oisterwijk,51.5797233581543,5.169991970062256,4.0,TRUE,0,2,0,1900-01-01 00:00:00.000005
703074569,2024-10-15T14:00:04.699Z,Tutoring,nl,9714 ES,Groningen,53.22959899902344,6.570596694946289,3.5,FALSE,192,55,3,2026-03-18 15:15:00.000000
2448642828,2024-10-15T10:21:39.746Z,Tutoring,nl,3335 DC,Zwijndrecht,51.8206901550293,4.612204074859619,10.0,FALSE,284,58,5,2026-04-06 17:00:00.000000
4291909121,2024-10-14T20:19:14.621Z,Tutoring,nl,6531DB,Nijmegen,51.83694076538086,5.849832057952881,10.0,TRUE,77,17,5,2025-06-09 17:30:00.000000
1788947285,2024-10-14T15:45:34.035Z,Tutoring,nl,2624tb,Delft,51.994140625,4.353281021118164,4.0,FALSE,24,3,8,2025-06-23 09:30:00.000000
1727325039,2024-10-14T14:53:27.437Z,Introducing,nl,8011EZ,Zwolle,52.5092887878418,6.100039005279541,10.0,TRUE,0,2,0,1900-01-01 00:00:00.000005
2385223925,2024-10-13T15:32:51.781Z,Introducing,nl,2275 az,Voorburg,52.06584167480469,4.359394073486328,6.0,TRUE,0,8,0,1900-01-01 00:00:00.000005
2967252807,2024-10-13T15:02:50.363Z,Tutoring,nl,3701an,Zeist,52.08204650878906,5.241392135620117,5.0,TRUE,100,23,4,2026-03-01 09:00:00.000000
1546834709,2024-10-12T17:45:51.138Z,Tutoring,nl,1060 ML,Amsterdam,52.34654235839844,4.794515609741211,10.0,TRUE,13,10,1,2025-05-30 13:00:00.000000
1359775337,2024-10-11T08:31:29.614Z,Tutoring,nl,2665XN,Bleiswijk,52.00675964355469,4.526987552642822,10.0,FALSE,190,54,4,2026-01-10 16:00:00.000000
2907762185,2024-10-10T21:50:49.477Z,Tutoring,nl,3315BK,Dordrecht,51.798301696777344,4.727214336395264,15.0,FALSE,11,9,1,2025-05-29 13:30:00.000000
1805453315,2024-10-10T20:43:43.318Z,Tutoring,nl,3281 VA,Numansdorp,51.73530578613281,4.433801651000977,20.0,FALSE,24,4,6,2025-06-17 15:30:00.000000
2767510258,2024-10-09T21:28:55.347Z,Tutoring,nl,3037 RX,Rotterdam,51.93739700317383,4.475935935974121,4.0,FALSE,1,5,0,2024-11-21 18:00:00.000000
2705046876,2024-10-09T18:47:03.939Z,Tutoring,nl,2513SB,'s-Gravenhage,52.07841873168945,4.294586658477783,7.5,TRUE,8,6,1,2026-02-19 16:00:00.000000
303394366,2024-10-09T17:15:29.755Z,Tutoring,nl,3059 XA,Rotterdam,51.986114501953125,4.583988666534424,15.0,TRUE,160,45,4,2026-02-25 19:00:00.000000
913349110,2024-10-08T21:00:48.431Z,Tutoring,nl,2313KM,Leiden,52.155189514160156,4.51161003112793,6.0,FALSE,87,33,3,2025-11-24 16:00:00.000000
1297930796,2024-10-08T11:16:04.741Z,Chatting,nl,3572 LM,Utrecht,52.10175323486328,5.137094974517822,6.0,TRUE,0,3,0,1900-01-01 00:00:00.000005
719670052,2024-10-08T09:24:09.789Z,Tutoring,nl,1507NE,Zaandam,52.44903564453125,4.805460453033447,5.0,TRUE,26,17,2,2025-01-13 18:00:00.000000
307601763,2024-10-08T08:58:06.688Z,Tutoring,nl,2807LM,Gouda,52.00675582885742,4.752113342285156,6.0,TRUE,89,54,2,2025-05-25 12:00:00.000000
1670470596,2024-10-07T23:18:29.192Z,Tutoring,de,55122,Mainz,49.99785232543945,8.236212730407715,3.5,FALSE,149,55,3,2026-03-31 15:00:00.000000
1710750941,2024-10-07T17:05:27.039Z,Introducing,de,42285,Wuppertal,51.2542610168457,7.167582988739014,5.0,TRUE,0,5,0,1900-01-01 00:00:00.000005
2823660937,2024-10-07T09:45:52.301Z,Tutoring,nl,3073 HK,Rotterdam,51.89686584472656,4.501069068908691,20.0,TRUE,71,32,2,2026-02-22 14:15:00.000000
3051183241,2024-10-06T19:11:11.863Z,Tutoring,nl,8011JX,Zwolle,52.51228332519531,6.1011152267456055,4.0,FALSE,11,6,2,2025-01-12 12:00:00.000000
503043480,2024-10-06T16:48:44.920Z,Active,de,90765,Fürth,49.48040771484375,10.999787330627441,5.0,TRUE,0,0,0,1900-01-01 00:00:00.000005
2367094894,2024-10-06T16:08:41.930Z,Tutoring,nl,2611GV,Delft,52.011932373046875,4.3589959144592285,4.0,FALSE,194,43,5,2026-03-26 15:30:00.000000
2658831277,2024-10-06T14:58:23.397Z,Active,de,80807,München,48.187015533447266,11.59848403930664,5.0,TRUE,0,0,0,1900-01-01 00:00:00.000005
3447626168,2024-10-06T10:25:21.812Z,Tutoring,nl,4635EA,Huijbergen,51.42853546142578,4.37763786315918,10.0,TRUE,10,6,2,2025-04-14 18:15:00.000000
1060488206,2024-10-06T10:07:40.396Z,Tutoring,nl,3068JH,Rotterdam,51.959842681884766,4.543160915374756,10.0,TRUE,7,12,1,2025-02-18 18:00:00.000000
2859163873,2024-10-05T12:03:48.496Z,Active,de,40217,Düsseldorf,51.21582794189453,6.777435302734375,10.0,TRUE,0,0,0,1900-01-01 00:00:00.000005
1962383144,2024-10-04T15:11:56.136Z,Tutoring,nl,3563RH,Enschede,52.12297439575195,5.090878009796143,3.5,TRUE,5,8,1,2025-03-27 14:00:00.000000
3024307255,2024-10-04T13:47:19.898Z,Active,nl,7513HB,Enschede,52.217315673828125,6.882059097290039,5.0,TRUE,0,0,0,1900-01-01 00:00:00.000005
2921136248,2024-10-03T21:38:16.005Z,Tutoring,nl,2803ah,Gouda,52.02806854248047,4.700309753417969,20.0,TRUE,16,11,1,2024-12-17 17:00:00.000000
2588957885,2024-10-03T15:42:23.949Z,Tutoring,nl,8401DV,Gorredijk,53.004207611083984,6.062891960144043,8.0,FALSE,167,62,3,2026-02-11 18:00:00.000000
2398653929,2024-10-02T15:05:34.961Z,Tutoring,nl,9741KN,Groningen,53.233341217041016,6.550793647766113,6.0,FALSE,85,21,4,2026-02-27 13:45:00.000000
4029292553,2024-10-02T11:56:18.377Z,Chatting,nl,6511TE,Nijmegen,51.84410095214844,5.872168064117432,20.0,TRUE,0,2,0,1900-01-01 00:00:00.000005
340500998,2024-10-01T22:09:52.660Z,Tutoring,nl,1911VZ,Uitgeest,52.5277214050293,4.7020182609558105,10.0,FALSE,96,15,6,2026-02-17 14:00:00.000000
1883037164,2024-10-01T12:44:06.768Z,Tutoring,nl,2231be,Rijnsburg,52.190879821777344,4.450575828552246,12.5,TRUE,1,2,1,2024-11-12 12:00:00.000000
3990562720,2024-09-30T18:59:05.978Z,Tutoring,nl,7546AS,Enschede,52.193397521972656,6.856449127197266,10.0,FALSE,158,6,26,2026-01-04 08:00:00.000000
2604635944,2024-09-30T11:25:26.968Z,Tutoring,nl,6229GX,Maastricht,50.83707809448242,5.70695161819458,7.5,FALSE,222,19,12,2026-02-15 10:00:00.000000
2741493895,2024-09-28T10:49:35.452Z,Tutoring,nl,6525AZ,Nijmegen,51.826454162597656,5.869781017303467,8.0,FALSE,45,18,3,2026-02-28 11:30:00.000000
4293693928,2024-09-27T18:30:25.595Z,Tutoring,nl,2721dm,Zoetermeer,52.05891418457031,4.549468994140625,7.5,TRUE,21,10,2,2025-06-23 17:00:00.000000
1789294071,2024-09-27T16:55:25.460Z,Tutoring,nl,3543JS,Utrecht,52.104827880859375,5.033693790435791,5.0,FALSE,55,5,11,2026-01-24 09:30:00.000000
3589234304,2024-09-26T19:49:34.577Z,Tutoring,nl,5281LD,Boxtel,51.57097625732422,5.314434051513672,5.0,FALSE,30,10,3,2025-09-29 16:45:00.000000
3496195611,2024-09-26T19:29:52.264Z,Active,de,64291 ,Darmstadt,49.90843963623047,8.64739990234375,10.0,TRUE,0,0,0,1900-01-01 00:00:00.000005
2147708914,2024-09-26T14:23:33.793Z,Chatting,nl,2865 xp,Ammerstol,51.9257698059082,4.809756755828857,20.0,TRUE,0,2,0,1900-01-01 00:00:00.000005
1133062007,2024-09-26T13:45:05.308Z,Active,de,48155,Münster,51.95329666137695,7.640885353088379,11.0,TRUE,0,0,0,1900-01-01 00:00:00.000005
1467745350,2024-09-26T10:36:48.179Z,Tutoring,nl,6211NT,Maastricht,50.84906768798828,5.67973518371582,3.5,TRUE,46,24,2,2025-05-13 09:00:00.000000
3547085487,2024-09-24T22:16:43.809Z,Tutoring,nl,9721AH,Groningen,53.198116302490234,6.579801559448242,3.5,FALSE,126,28,5,2026-03-05 20:00:00.000000
1498782595,2024-09-23T19:03:45.931Z,Tutoring,nl,3511CE,Utrecht,52.089111328125,5.109841346740723,5.0,FALSE,4,5,1,2024-10-23 11:00:00.000000
1457512411,2024-09-23T18:21:43.807Z,Tutoring,nl,7514BC,Enschede,52.2245979309082,6.8913726806640625,7.0,TRUE,3,6,1,2024-10-28 11:00:00.000000
1093519114,2024-09-23T11:39:30.791Z,Chatting,nl,2312EB,Leiden,52.16133499145508,4.497020721435547,5.0,TRUE,0,4,0,1900-01-01 00:00:00.000005
3655013772,2024-09-23T10:07:52.315Z,Introducing,nl,9721HZ,Groningen,53.1943359375,6.577546119689941,5.0,TRUE,0,3,0,1900-01-01 00:00:00.000005
1805432706,2024-09-23T09:59:38.517Z,Tutoring,nl,9207GD,Drachten,53.125816345214844,6.0837883949279785,10.0,FALSE,399,47,8,2026-03-15 15:30:00.000000
3463637892,2024-09-22T19:17:46.575Z,Tutoring,nl,6534AD,Nijmegen,51.81719970703125,5.820748805999756,5.0,FALSE,32,13,2,2025-05-22 17:00:00.000000
1482429376,2024-09-22T18:27:03.436Z,Tutoring,de,40470,Düsseldorf,51.255577087402344,6.806113243103027,3.5,TRUE,9,4,2,2025-02-11 15:00:00.000000
1542612400,2024-09-22T16:02:02.504Z,Tutoring,de,80937,München,48.20966720581055,11.564048767089844,5.0,TRUE,14,13,1,2026-02-16 16:00:00.000000
672526042,2024-09-22T15:18:27.879Z,Chatting,de,10827,Berlin,52.478843688964844,13.348371505737305,20.0,TRUE,0,1,0,1900-01-01 00:00:00.000005
1456070349,2024-09-22T12:21:49.397Z,Chatting,nl,2408DK,Alphen aan den Rijn,52.116512298583984,4.647383689880371,15.0,TRUE,0,2,0,1900-01-01 00:00:00.000005
1427413764,2024-09-22T09:34:13.610Z,Tutoring,nl,1816LG,Alkmaar,52.62970733642578,4.725456714630127,7.0,FALSE,248,47,5,2026-03-03 15:00:00.000000
1012105129,2024-09-21T15:29:52.141Z,Tutoring,nl,1502TH,Zaandam,52.44484329223633,4.825767993927002,15.0,FALSE,95,19,5,2026-02-16 14:30:00.000000
295534069,2024-09-21T14:11:09.744Z,Chatting,nl,6541AG,Nijmegen,51.849666595458984,5.8523173332214355,10.0,TRUE,0,4,0,1900-01-01 00:00:00.000005
3794972003,2024-09-20T10:50:50.152Z,Introducing,nl,5431RX,Cuijk,51.73939895629883,5.8761982917785645,5.0,TRUE,0,1,0,1900-01-01 00:00:00.000005
2678100223,2024-09-19T13:42:55.861Z,Tutoring,nl,2931AR,Krimpen aan de Lek,51.894561767578125,4.633397579193115,10.0,FALSE,34,15,2,2026-01-12 15:30:00.000000
384395555,2024-09-19T11:09:54.971Z,Chatting,nl,6542LR,Nijmegen,51.83735275268555,5.840665340423584,6.0,TRUE,0,1,0,1900-01-01 00:00:00.000005
3302945055,2024-09-19T09:49:20.244Z,Tutoring,nl,9741BR,Groningen,53.22883605957031,6.550598621368408,3.5,FALSE,56,18,3,2025-06-18 13:45:00.000000
1554485830,2024-09-18T18:11:43.248Z,Chatting,de,80807,München,48.17837905883789,11.573701858520508,15.0,TRUE,0,1,0,1900-01-01 00:00:00.000005
4234460512,2024-09-18T16:33:50.069Z,Tutoring,nl,1111SJ,Diemen,52.35292434692383,4.968572616577148,15.0,TRUE,6,12,1,2025-01-29 19:00:00.000000
1088319502,2024-09-18T11:06:33.747Z,Tutoring,nl,6511AD,Nijmegen,51.84461975097656,5.855817794799805,3.5,FALSE,31,16,2,2025-03-17 16:30:14.677000
3091687514,2024-09-17T16:12:41.435Z,Tutoring,nl,6211TC,Maastricht,50.84953308105469,5.686756134033203,4.0,FALSE,329,36,9,2026-03-31 15:00:00.000000
84619555,2024-09-17T15:14:21.992Z,Tutoring,nl,6826DR,Arnhem,51.98225402832031,5.941952228546143,10.0,TRUE,16,15,1,2025-01-22 19:00:00.000000
2161179228,2024-09-17T13:23:46.466Z,Introducing,de,22527,Hamburg,53.59218978881836,9.931300163269043,3.5,TRUE,0,4,0,1900-01-01 00:00:00.000005
396008359,2024-09-17T12:32:45.744Z,Tutoring,nl,6706ES,Wageningen,51.97748565673828,5.677539825439453,5.0,FALSE,48,14,3,2026-03-11 18:00:00.000000
2182188647,2024-09-16T21:02:57.568Z,Tutoring,nl,8265 BK,Kampen,52.54774856567383,5.913499355316162,15.0,FALSE,23,10,2,2024-12-22 12:00:00.000000
897774920,2024-09-16T18:54:49.547Z,Tutoring,de,44263,Dortmund,51.487548828125,7.514676570892334,10.0,FALSE,633,143,4,2026-03-31 13:30:00.000000
1816176368,2024-09-16T13:31:34.323Z,Tutoring,nl,2613 ST,Delft,52.00838851928711,4.353222846984863,3.5,FALSE,84,16,5,2025-06-25 15:00:00.000000
999791927,2024-09-16T13:18:46.548Z,Tutoring,nl,9725EL,Groningen,53.20796585083008,6.564566612243652,4.0,TRUE,93,42,2,2026-03-09 14:30:00.000000
2403599711,2024-09-16T13:05:49.529Z,Active,nl,9207EC,Drachten,53.123165130615234,6.10292387008667,6.0,TRUE,0,0,0,1900-01-01 00:00:00.000005
4122202376,2024-09-16T11:20:22.376Z,Introducing,nl,1943 GS,Beverwijk,52.485965728759766,4.65019416809082,7.0,TRUE,0,9,0,1900-01-01 00:00:00.000005
2743361161,2024-09-16T10:53:39.517Z,Tutoring,nl,2321KT,Leiden,52.14507293701172,4.493724346160889,7.0,FALSE,12,8,2,2024-12-03 15:30:00.000000
3444279073,2024-09-15T18:47:00.849Z,Chatting,nl,1251 BW,Laren,52.2619743347168,5.215005874633789,3.5,TRUE,0,4,0,1900-01-01 00:00:00.000005
3673602715,2024-09-15T12:03:38.846Z,Tutoring,nl,1095MB,Amsterdam,52.37266540527344,4.970624923706055,15.0,TRUE,27,13,2,2025-02-06 16:00:00.000000
2644557379,2024-09-15T12:02:02.926Z,Tutoring,nl,1079 PT,Amsterdam,52.33888626098633,4.894704341888428,5.0,FALSE,31,7,4,2025-03-25 15:15:00.000000
147508533,2024-09-14T17:06:03.739Z,Active,nl,2141MX,Vijfhuizen,52.343482971191406,4.676624298095703,5.5,TRUE,0,0,0,1900-01-01 00:00:00.000005
3222495984,2024-09-14T09:19:25.121Z,Tutoring,nl,1019ME,Amsterdam,52.376522064208984,4.944085597991943,7.0,FALSE,136,39,3,2026-03-03 15:00:00.000000
3431312419,2024-09-12T18:14:35.896Z,Introducing,nl,7511ZJ,Enschede,52.22188186645508,6.905966758728027,3.5,TRUE,0,2,0,1900-01-01 00:00:00.000005
2981938690,2024-09-12T17:49:29.334Z,Tutoring,nl,2546SG,'s-Gravenhage,52.05673599243164,4.268941879272461,20.0,FALSE,7,6,1,2024-10-21 14:30:00.000000
2844533154,2024-09-12T15:24:15.397Z,Tutoring,nl,9718TH,Groningen,53.21436309814453,6.542825698852539,15.0,TRUE,23,12,2,2026-03-11 16:00:00.000000
4064198130,2024-09-12T00:00:42.951Z,Active,de,71139,Ehningen,48.66239547729492,8.957670211791992,12.0,TRUE,0,0,0,1900-01-01 00:00:00.000005
662842181,2024-09-11T08:13:04.282Z,Tutoring,nl,9401NH,Assen,52.98919677734375,6.562826633453369,10.0,FALSE,132,38,3,2026-03-03 15:00:00.000000
4020239447,2024-09-10T18:20:45.663Z,Tutoring,nl,2562LD,'s-Gravenhage,52.07494354248047,4.286238670349121,5.0,TRUE,12,12,1,2025-10-18 14:15:00.000000
1856921637,2024-09-10T15:50:50.991Z,Tutoring,nl,3828GR,Hoogland,52.1908073425293,5.371050834655762,8.0,TRUE,1,3,0,2024-11-06 17:15:00.000000
3134601612,2024-09-10T12:10:15.766Z,Tutoring,nl,5342AS,Oss,51.763587951660156,5.528312683105469,3.5,FALSE,113,7,16,2026-03-30 15:30:00.000000
1944461187,2024-09-09T14:47:41.133Z,Tutoring,nl,6708PZ,Wageningen,51.97814178466797,5.64961576461792,4.5,FALSE,114,7,16,2026-02-26 18:30:00.000000
3499860686,2024-09-09T14:15:35.926Z,Tutoring,nl,1185NM,Amstelveen,52.29653549194336,4.861719131469727,3.5,FALSE,48,11,4,2026-02-15 15:00:00.000000
1386121548,2024-09-09T13:21:20.786Z,Tutoring,nl,7511ZD,Enschede,52.222591400146484,6.906060218811035,10.0,FALSE,137,54,3,2026-03-20 16:00:00.000000
3203715701,2024-09-08T21:04:24.949Z,Introducing,nl,6709PG,Wageningen,51.96894454956055,5.650639057159424,6.0,TRUE,0,1,0,1900-01-01 00:00:00.000005
2815411611,2024-09-08T20:04:37.885Z,Tutoring,nl,3351NC,Papendrecht,51.82334899902344,4.679588794708252,7.0,FALSE,84,8,11,2026-03-03 17:30:00.000000
3459490911,2024-09-08T15:38:20.104Z,Tutoring,nl,4826PC,Breda,51.60847091674805,4.780971050262451,10.0,FALSE,93,26,4,2025-06-25 19:00:00.000000
440868094,2024-09-07T09:52:09.871Z,Tutoring,nl,2625AS,Delft,51.99469757080078,4.342437267303467,10.0,TRUE,5,12,0,2024-10-16 15:30:00.000000
2149839702,2024-09-06T18:32:14.815Z,Tutoring,nl,3911ER,Rhenen,51.95475769042969,5.579203128814697,4.0,FALSE,46,6,8,2026-01-15 18:45:00.000000
3037147001,2024-09-06T14:28:47.955Z,Introducing,nl,2595DJ,'s-Gravenhage,52.08189392089844,4.326109409332275,5.099999904632568,TRUE,0,1,0,1900-01-01 00:00:00.000005
1248990100,2024-09-05T20:19:50.822Z,Introducing,nl,7041sw,'s-Heerenberg,51.87063217163086,6.250816345214844,15.0,TRUE,0,1,0,1900-01-01 00:00:00.000005
3159647645,2024-09-05T14:57:06.933Z,Tutoring,nl,5927 NK,Venlo,51.38124084472656,6.117462158203125,20.0,FALSE,101,32,3,2025-06-30 18:15:00.000000
3204925945,2024-09-05T10:12:52.595Z,Tutoring,nl,9743HB,Groningen,53.22743606567383,6.529727458953857,6.0,FALSE,106,30,4,2025-07-02 15:30:00.000000
3805008287,2024-09-04T18:17:05.210Z,Tutoring,nl,2596XV,'s-Gravenhage,52.08999252319336,4.318089008331299,6.0,TRUE,10,7,1,2025-02-28 14:00:00.000000
2335543295,2024-09-04T15:06:38.949Z,Tutoring,nl,2614SK,Delft,52.009986877441406,4.3289384841918945,6.0,FALSE,14,3,5,2025-01-22 12:30:00.000000
3908906615,2024-09-04T14:53:57.101Z,Tutoring,nl,1843 JK,Grootschermer,52.58656692504883,4.850180625915527,15.0,TRUE,17,12,1,2025-03-24 15:00:00.000000
2279868557,2024-09-04T09:16:13.756Z,Introducing,nl,1031CJ,Amsterdam,52.387794494628906,4.914462089538574,3.5,TRUE,0,3,0,1900-01-01 00:00:00.000005
1636240833,2024-09-03T17:48:13.584Z,Tutoring,nl,3522DG,Utrecht,52.07780838012695,5.119448661804199,4.5,TRUE,20,11,2,2025-01-28 15:00:00.000000
3656019018,2024-09-03T15:39:49.209Z,Tutoring,nl,3085 VA,Rotterdam,51.877838134765625,4.496440410614014,4.0,TRUE,12,6,2,2025-03-29 14:00:00.000000
76361651,2024-09-03T15:26:01.266Z,Tutoring,nl,1082HN,Amsterdam,52.32752990722656,4.874879837036133,5.0,FALSE,10,9,1,2024-12-02 16:15:00.000000
2955119491,2024-09-03T15:19:34.462Z,Tutoring,nl,3081GK,Rotterdam,51.89241027832031,4.489510536193848,5.0,TRUE,4,3,1,2024-10-13 09:00:00.000000
2472743748,2024-09-03T12:32:48.505Z,Tutoring,nl,2021KA,Haarlem,52.3935432434082,4.649831295013428,3.5,FALSE,69,7,10,2025-06-24 14:30:00.000000
167159899,2024-09-03T09:34:10.101Z,Tutoring,nl,9743PS,Groningen,53.23185729980469,6.522531986236572,10.0,FALSE,73,5,15,2026-01-31 07:30:00.000000
2119579647,2024-09-02T21:39:43.019Z,Tutoring,nl,3077PL,Rotterdam,51.89163589477539,4.571445465087891,7.0,FALSE,51,1,51,2025-04-13 10:00:00.000000
3516472613,2024-09-02T21:14:33.658Z,Chatting,nl,3951EL,Maarn,52.06576919555664,5.3819122314453125,5.0,TRUE,0,1,0,1900-01-01 00:00:00.000005
806072621,2024-09-02T17:59:21.339Z,Tutoring,nl,9727BN,Groningen,53.20634460449219,6.558465480804443,5.0,TRUE,47,32,1,2025-03-24 17:30:00.000000
2668101676,2024-09-02T14:46:02.886Z,Tutoring,nl,9201 GK,Drachten,53.11393356323242,6.096487522125244,10.0,FALSE,12,6,2,2025-03-06 13:00:00.000000
3394630212,2024-09-01T18:23:04.925Z,Tutoring,nl,2371HK,Roelofarendsveen,52.205589294433594,4.63325834274292,11.0,FALSE,40,4,10,2025-05-06 15:45:00.000000
756762087,2024-09-01T15:29:36.837Z,Tutoring,nl,5508KE,Veldhoven,51.43120574951172,5.386631488800049,5.0,FALSE,244,15,16,2026-03-04 18:30:00.000000
211024164,2024-09-01T12:21:42.112Z,Tutoring,nl,9711PR,Groningen,53.21802520751953,6.571508407592773,3.5,FALSE,19,9,2,2025-05-07 15:00:00.000000
4113173117,2024-08-31T16:51:37.217Z,Tutoring,nl,5258SB,Berlicum,51.66865921020508,5.4108123779296875,4.5,FALSE,50,16,3,2025-06-04 11:30:00.000000
3781704494,2024-08-31T14:20:45.691Z,Tutoring,nl,6661EE,Elst,51.918819427490234,5.849478244781494,6.0,FALSE,65,22,3,2025-12-10 16:15:00.000000
2519802851,2024-08-31T13:59:18.139Z,Tutoring,nl,2661 SG,Bergschenhoek,51.996891021728516,4.505553245544434,5.0,FALSE,23,4,6,2025-09-25 14:45:00.000000
468271513,2024-08-31T12:58:58.920Z,Tutoring,nl,6525BC,Nijmegen,51.82611846923828,5.87034273147583,3.5,FALSE,76,6,13,2026-02-26 16:30:00.000000
3922371201,2024-08-31T10:20:26.701Z,Introducing,nl,2343 DS,Oegstgeest,52.19245910644531,4.475914001464844,5.0,TRUE,0,6,0,1900-01-01 00:00:00.000005
550874996,2024-08-30T11:22:49.218Z,Tutoring,nl,3526BL,Utrecht,52.067378997802734,5.094618797302246,5.0,FALSE,18,7,3,2025-06-17 14:00:00.000000
3965517931,2024-08-30T11:15:00.946Z,Introducing,nl,4652AS,Steenbergen,51.58949661254883,4.326455593109131,6.5,TRUE,0,2,0,1900-01-01 00:00:00.000005
1571897919,2024-08-29T21:29:35.054Z,Tutoring,nl,7873 DA,Odoorn,52.845890045166016,6.860212326049805,13.0,FALSE,270,63,4,2026-03-03 14:30:00.000000
2955364134,2024-08-29T17:23:36.646Z,Tutoring,nl,2583LL,'s-Gravenhage,52.095497131347656,4.260350704193115,20.0,FALSE,67,8,8,2025-07-02 18:00:00.000000
2194585915,2024-08-29T16:47:34.665Z,Tutoring,nl,8897 HW,Oosterend,53.40328598022461,5.369785308837891,5.0,FALSE,26,10,3,2025-05-15 17:30:00.000000
4268638964,2024-08-29T10:00:37.274Z,Chatting,nl,2628AX,Delft,51.99628829956055,4.3751420974731445,5.0,TRUE,0,2,0,1900-01-01 00:00:00.000005
1765714285,2024-08-29T09:36:41.702Z,Tutoring,nl,2512AS,'s-Gravenhage,52.074886322021484,4.3123860359191895,8.399999618530273,FALSE,10,4,3,2024-12-11 18:00:00.000000
2294643657,2024-08-28T14:10:45.847Z,Tutoring,nl,5707BE,Helmond,51.46969985961914,5.625579833984375,10.0,FALSE,53,6,9,2025-04-19 11:00:00.000000
3921569824,2024-08-27T21:33:14.510Z,Tutoring,nl,3344DG,Hendrik-Ido-Ambacht,51.833351135253906,4.642961025238037,3.5,FALSE,95,10,10,2025-07-02 17:30:00.000000
2343667677,2024-08-27T12:14:03.322Z,Tutoring,nl,6542RV,Nijmegen,51.842124938964844,5.835452079772949,3.5,FALSE,188,36,5,2026-03-01 12:00:00.000000
1125285270,2024-08-27T07:47:53.390Z,Introducing,de,40221,Düsseldorf,51.19241714477539,6.764220237731934,10.0,TRUE,0,3,0,1900-01-01 00:00:00.000005
1883309057,2024-08-26T09:48:58.016Z,Tutoring,de,30539,Hannover,52.34223175048828,9.815946578979492,6.0,FALSE,31,3,10,2025-05-16 12:45:00.000000
2589874529,2024-08-25T13:40:16.984Z,Chatting,de,75242,Neuhausen,48.81307601928711,8.78567886352539,20.0,TRUE,0,4,0,1900-01-01 00:00:00.000005
592382530,2024-08-24T13:13:22.335Z,Tutoring,nl,1066RA,Amsterdam,52.34558868408203,4.808969020843506,10.0,FALSE,109,41,3,2026-02-12 14:30:00.000000
1128808718,2024-08-23T19:36:17.650Z,Tutoring,nl,9404 AZ,Assen,52.99415969848633,6.572582721710205,7.0,FALSE,308,26,12,2026-03-27 15:00:00.000000
2090681178,2024-08-23T14:27:21.159Z,Introducing,nl,8021AW,Zwolle,52.516292572021484,6.106983661651611,6.0,TRUE,0,1,0,1900-01-01 00:00:00.000005
987072562,2024-08-22T15:23:36.867Z,Tutoring,nl,2324LW,Leiden,52.153587341308594,4.471859455108643,3.5,FALSE,60,24,3,2026-02-22 15:00:00.000000
2047082010,2024-08-22T15:22:17.679Z,Tutoring,nl,3523VW,Utrecht,52.06782913208008,5.120774269104004,10.0,TRUE,16,7,2,2025-05-12 15:00:00.000000
3650226774,2024-08-22T11:24:02.840Z,Active,de,10365,Berlin,52.51095962524414,13.484854698181152,20.0,TRUE,0,0,0,1900-01-01 00:00:00.000005
1546421929,2024-08-22T08:11:01.595Z,Tutoring,nl,8916HD,Leeuwarden,53.20721435546875,5.780123233795166,6.0,FALSE,98,11,9,2026-03-24 15:00:00.000000
640847646,2024-08-21T19:50:32.136Z,Tutoring,nl,3544rh,Utrecht,52.08488464355469,5.058516025543213,5.0,FALSE,14,6,2,2026-02-25 15:00:00.000000
3128242131,2024-08-21T15:41:02.485Z,Chatting,nl,6836SP,Arnhem,51.93759536743164,5.899083137512207,10.0,TRUE,0,2,0,1900-01-01 00:00:00.000005
3673523517,2024-08-20T17:30:30.191Z,Tutoring,nl,3905 RB,Veenendaal,52.02735900878906,5.535854339599609,5.5,FALSE,30,14,2,2025-07-01 17:30:00.000000
1176844463,2024-08-20T11:28:21.067Z,Tutoring,nl,5051WP,Goirle,51.51820373535156,5.072474479675293,20.0,TRUE,13,13,1,2025-08-04 15:00:00.000000
943818164,2024-08-19T22:58:43.367Z,Tutoring,nl,2613BC,Delft,52.01419448852539,4.350175380706787,4.0,FALSE,151,44,3,2026-03-01 10:00:00.000000
1657183351,2024-08-19T18:17:40.924Z,Tutoring,nl,2288 HB,Rijswijk,52.02119064331055,4.3325700759887695,4.0,TRUE,17,11,2,2025-07-02 14:00:00.000000
2380358346,2024-08-19T18:08:58.000Z,Tutoring,nl,5612TA,Eindhoven,51.45048522949219,5.492534160614014,4.5,FALSE,58,12,5,2026-03-07 09:00:00.000000
2381828842,2024-08-18T20:29:37.559Z,Tutoring,nl,2651TA,Berkel en Rodenrijs,52.00169372558594,4.489264488220215,4.0,TRUE,41,4,10,2025-12-05 17:00:00.000000
1401286679,2024-08-18T19:46:30.722Z,Tutoring,nl,3904 RJ,Veenendaal,52.025299072265625,5.536460876464844,7.0,TRUE,26,19,1,2025-04-03 17:00:00.000000
3801042768,2024-08-18T11:31:12.713Z,Introducing,nl,8921BE,Leeuwarden,53.2014274597168,5.807540416717529,5.0,TRUE,0,4,0,1900-01-01 00:00:00.000005
4236816484,2024-08-16T21:28:02.653Z,Introducing,nl,1087MN,Amsterdam,52.34720993041992,5.007881164550781,4.0,TRUE,0,2,0,1900-01-01 00:00:00.000005
1518725310,2024-08-16T05:53:47.149Z,Introducing,nl,5121HW,Rijen,51.59346389770508,4.9110236167907715,3.5,TRUE,0,4,0,1900-01-01 00:00:00.000005
45169233,2024-08-15T21:13:37.094Z,Tutoring,nl,4847TK,Teteringen,51.602455139160156,4.817703723907471,3.5,TRUE,15,13,1,2024-12-30 12:00:00.000000
4264623270,2024-08-15T14:43:36.766Z,Tutoring,nl,2804KT,Gouda,52.038482666015625,4.710314750671387,5.0,TRUE,76,35,2,2025-10-28 14:00:00.000000
2299073040,2024-08-14T15:15:47.219Z,Chatting,de,40217,Düsseldorf,51.210086822509766,6.774115562438965,10.0,TRUE,0,1,0,1900-01-01 00:00:00.000005
958146625,2024-08-14T11:48:16.235Z,Chatting,nl,6844HE,Arnhem,51.944698333740234,5.856241703033447,12.0,TRUE,0,1,0,1900-01-01 00:00:00.000005
2605351935,2024-08-13T14:43:28.415Z,Tutoring,nl,2241WD,Wassenaar,52.14446258544922,4.419861316680908,10.0,TRUE,10,4,3,2025-01-08 16:00:00.000000
3765002680,2024-08-13T09:16:33.814Z,Tutoring,nl,1093GM,Amsterdam,52.363067626953125,4.930170059204102,3.5,TRUE,4,4,1,2024-11-21 18:30:00.000000
3817637467,2024-08-12T10:11:45.985Z,Tutoring,nl,9714 EW,Groningen,53.23046875,6.571264266967773,3.5,FALSE,17,7,2,2025-04-28 13:00:00.000000
487529540,2024-08-10T15:55:35.711Z,Tutoring,nl,6715DP,Ede,52.0462760925293,5.63427209854126,3.5,FALSE,228,55,4,2026-03-02 16:30:00.000000
2388307888,2024-08-10T13:56:15.684Z,Tutoring,nl,6227CL,Maastricht,50.84172058105469,5.728421211242676,10.0,TRUE,1,3,0,2024-09-10 14:00:00.000000
1895396145,2024-08-07T22:17:10.308Z,Tutoring,nl,1628XB,Hoorn,52.65206527709961,5.1026434898376465,5.0,FALSE,12,3,4,2025-01-11 10:00:00.000000
3372074635,2024-08-07T20:49:29.077Z,Chatting,de,45884,Gelsenkirchen,51.49089431762695,7.089334011077881,10.0,TRUE,0,7,0,1900-01-01 00:00:00.000005
986060321,2024-08-06T11:59:17.895Z,Chatting,de,33102,Paderborn,51.71635437011719,8.742220878601074,20.0,TRUE,0,1,0,1900-01-01 00:00:00.000005
1100616819,2024-08-06T10:34:40.269Z,Tutoring,nl,3841AL,Harderwijk,52.35043716430664,5.621173858642578,5.0,TRUE,41,13,3,2026-03-10 14:00:00.000000
2996102826,2024-08-06T09:54:00.553Z,Introducing,nl,6524MG,Nijmegen,51.83596420288086,5.861744403839111,5.0,TRUE,0,6,0,1900-01-01 00:00:00.000005
2401278799,2024-08-01T08:01:16.664Z,Tutoring,de,37075,Göttingen,51.544185638427734,9.933405876159668,20.0,TRUE,8,11,1,2025-02-25 14:00:00.000000
4261462258,2024-07-29T11:37:24.526Z,Tutoring,nl,6852BT,Huissen,51.94218444824219,5.9343976974487305,3.5,FALSE,71,18,4,2026-02-16 14:00:00.000000
2101992779,2024-07-28T14:50:17.819Z,Active,nl,2543TG,'s-Gravenhage,52.04110336303711,4.2608561515808105,6.0,TRUE,0,0,0,1900-01-01 00:00:00.000005
2184936881,2024-07-27T14:46:42.179Z,Introducing,nl,8014DN ,Zwolle,52.487770080566406,6.1179070472717285,20.0,TRUE,0,6,0,1900-01-01 00:00:00.000005
1346851196,2024-07-26T22:13:03.379Z,Active,nl,3021CC,Rotterdam,51.919986724853516,4.457770824432373,5.0,TRUE,0,0,0,1900-01-01 00:00:00.000005
2923537736,2024-07-26T14:16:37.494Z,Tutoring,nl,6524AE,Nijmegen,51.84128952026367,5.863981246948242,15.0,TRUE,4,11,0,2026-03-07 15:00:00.000000
6166133,2024-07-26T09:05:58.909Z,Active,de,74074,Heilbronn,49.13298416137695,9.221419334411621,5.0,TRUE,0,0,0,1900-01-01 00:00:00.000005
1610035304,2024-07-26T09:03:23.054Z,Active,nl,7545 EZ,Enschede,52.20871353149414,6.863399982452393,10.0,TRUE,0,0,0,1900-01-01 00:00:00.000005
674476221,2024-07-25T22:05:24.392Z,Tutoring,nl,2121VE,Bennebroek,52.320072174072266,4.601847171783447,15.0,FALSE,5,3,2,2024-12-06 16:00:00.000000
597595483,2024-07-24T16:36:57.785Z,Active,nl,7415 DS,Deventer,52.27018356323242,6.162132740020752,7.0,TRUE,0,0,0,1900-01-01 00:00:00.000005
1375284255,2024-07-24T08:33:43.404Z,Tutoring,de,81737,München,48.10011291503906,11.64128303527832,8.0,TRUE,1,2,1,2024-09-18 17:00:00.000000
460757752,2024-07-22T18:07:19.393Z,Tutoring,nl,3334XM,Zwijndrecht,51.81153106689453,4.6205244064331055,20.0,FALSE,120,36,3,2026-04-06 14:15:00.000000
3774434957,2024-07-22T18:06:49.955Z,Tutoring,nl,5575AC,Luyksgestel,51.28864669799805,5.325615882873535,7.0,TRUE,9,4,2,2025-04-14 14:30:00.000000
4015708230,2024-07-21T23:30:48.081Z,Active,nl,3071 AC,Rotterdam,51.90305709838867,4.506551742553711,20.0,TRUE,0,0,0,1900-01-01 00:00:00.000005
3680795376,2024-07-19T14:28:02.916Z,Active,de,39108,Magdeburg,52.14084243774414,11.625338554382324,6.5,TRUE,0,0,0,1900-01-01 00:00:00.000005
708590072,2024-07-19T13:55:21.475Z,Tutoring,nl,5653 NG,Eindhoven,51.4198112487793,5.434648513793945,3.5,TRUE,1,12,0,2025-06-02 14:30:00.000000
3655240744,2024-07-18T20:16:21.931Z,Tutoring,nl,5246EA,Rosmalen,51.69697952270508,5.342569828033447,4.0,FALSE,23,7,3,2024-11-04 17:30:00.000000
898550189,2024-07-17T21:48:41.320Z,Tutoring,nl,9607PG,Foxhol,53.166439056396484,6.720721244812012,20.0,FALSE,272,37,7,2026-03-26 19:00:00.000000
2929892447,2024-07-17T15:54:40.790Z,Tutoring,nl,3911AR,Rhenen,51.956233978271484,5.582324028015137,15.0,FALSE,9,9,1,2025-02-10 15:15:00.000000
3516811948,2024-07-16T18:27:28.061Z,Tutoring,nl,3026VK,Rotterdam,51.91111373901367,4.444912433624268,10.0,TRUE,2,12,0,2024-09-30 15:30:00.000000
2935470066,2024-07-15T06:19:22.706Z,Introducing,de,67360,Lingenfeld,49.25217056274414,8.346741676330566,10.0,TRUE,0,2,0,1900-01-01 00:00:00.000005
1534762982,2024-07-13T22:18:30.340Z,Tutoring,de,31691,Seggebruch,52.31214904785156,9.108316421508789,20.0,FALSE,104,3,35,2026-02-16 16:15:00.000000
236216442,2024-07-12T18:48:33.076Z,Chatting,nl,4486AZ,Colijnsplaat,51.59910202026367,3.844776153564453,15.0,TRUE,0,1,0,1900-01-01 00:00:00.000005
2639311466,2024-07-11T12:08:43.400Z,Tutoring,nl,6522 HH,Nijmegen,51.842166900634766,5.881103515625,10.0,TRUE,295,134,2,2026-02-20 17:00:00.000000
1165764655,2024-07-10T13:47:22.379Z,Tutoring,nl,1055KA,Amsterdam,52.38315963745117,4.846169471740723,7.0,FALSE,20,3,7,2024-09-30 13:00:00.000000
2714371110,2024-07-09T12:59:27.383Z,Tutoring,nl,1185TV,Amstelveen,52.29600143432617,4.844387531280518,6.0,TRUE,6,12,1,2025-05-21 14:15:00.000000
2584985804,2024-07-08T19:29:04.653Z,Tutoring,nl,3971BA,Driebergen-Rijsenburg,52.05867385864258,5.295862197875977,5.0,TRUE,2,4,1,2024-09-20 06:00:00.000000
385916783,2024-07-08T14:40:07.463Z,Tutoring,nl,2015BM,Haarlem,52.38721466064453,4.622501373291016,8.0,FALSE,44,9,5,2025-12-12 18:00:00.000000
574167551,2024-07-06T15:38:40.430Z,Active,nl,3021 JR,Rotterdam,51.91582489013672,4.459644794464111,6.0,TRUE,0,0,0,1900-01-01 00:00:00.000005
74790539,2024-07-05T14:12:42.156Z,Active,de,04317,Leipzig,51.33478927612305,12.40011978149414,8.5,TRUE,0,0,0,1900-01-01 00:00:00.000005
3409893924,2024-07-05T09:17:10.220Z,Tutoring,nl,1071PL,Amsterdam,52.35331344604492,4.870075702667236,8.0,FALSE,57,6,10,2026-03-28 10:00:00.000000
884030385,2024-07-04T13:43:40.161Z,Tutoring,nl,2517HX,'s-Gravenhage,52.085819244384766,4.281623363494873,3.5,FALSE,193,24,8,2026-02-02 16:30:00.000000
3968158565,2024-07-04T13:04:08.681Z,Tutoring,de,36304,Alsfeld,50.7532958984375,9.259984016418457,3.5,FALSE,142,54,3,2026-03-28 10:00:00.000000
3925157393,2024-07-04T09:40:50.477Z,Active,de,04277,Leipzig,51.305809020996094,12.381431579589844,3.5,TRUE,0,0,0,1900-01-01 00:00:00.000005
4093746362,2024-07-03T18:15:15.822Z,Tutoring,nl,2661 RG,Bergschenhoek,51.996578216552734,4.498264312744141,4.0,FALSE,111,19,6,2026-03-05 18:00:00.000000
3686362765,2024-07-02T19:38:14.256Z,Active,nl,5768PG,Meijel,51.333099365234375,5.8386054039001465,15.0,TRUE,0,0,0,1900-01-01 00:00:00.000005
45382958,2024-07-02T15:00:06.933Z,Active,de,10627,Berlin,52.505496978759766,13.301947593688965,10.0,TRUE,0,0,0,1900-01-01 00:00:00.000005
1140960840,2024-07-02T12:55:10.344Z,Chatting,de,60326,Frankfurt am Main,50.103023529052734,8.636423110961914,15.0,TRUE,0,2,0,1900-01-01 00:00:00.000005
1221065922,2024-07-02T08:09:29.892Z,Chatting,de,12203,Berlin,52.44528579711914,13.315211296081543,10.0,TRUE,0,1,0,1900-01-01 00:00:00.000005
3882792201,2024-07-01T13:15:24.857Z,Tutoring,nl,7887BM,Erica,52.71321487426758,6.9256439208984375,15.0,FALSE,125,49,3,2026-03-09 17:30:00.000000
1710078035,2024-07-01T13:11:22.120Z,Chatting,nl,2595EL,'s-Gravenhage,52.08332061767578,4.332921028137207,4.5,TRUE,0,1,0,1900-01-01 00:00:00.000005
192552754,2024-06-30T19:23:14.343Z,Tutoring,nl,2332TA,Leiden,52.158817291259766,4.463685512542725,10.0,TRUE,7,7,1,2024-10-10 14:45:00.000000
3968221213,2024-06-30T15:22:04.571Z,Tutoring,nl,7061CS,Terborg,51.92279052734375,6.362119197845459,15.0,TRUE,12,12,1,2024-12-01 14:00:00.000000
414387304,2024-06-30T08:45:28.054Z,Tutoring,nl,6663 RE,Lent,51.865108489990234,5.854672908782959,6.0,FALSE,835,284,3,2026-03-31 13:00:00.000000
1028004060,2024-06-29T19:40:37.048Z,Active,nl,2625HM,Delft,51.989341735839844,4.3436126708984375,5.0,TRUE,0,0,0,1900-01-01 00:00:00.000005
528385079,2024-06-29T13:48:35.481Z,Tutoring,nl,1689LD,Zwaag,52.668907165527344,5.051798343658447,5.0,FALSE,6,2,3,2024-11-11 18:00:00.000000
3914158827,2024-06-27T22:30:44.983Z,Tutoring,nl,2512ke,'s-Gravenhage,52.075218200683594,4.299736022949219,6.0,TRUE,23,17,1,2025-03-13 16:00:00.000000
4126423022,2024-06-27T11:16:08.922Z,Tutoring,nl,3116BE,Schiedam,51.91118621826172,4.385471343994141,3.5,FALSE,76,5,15,2026-03-07 09:00:00.000000
4066717346,2024-06-27T10:09:13.383Z,Tutoring,nl,9711BT,Groningen,53.21342086791992,6.564770698547363,15.0,TRUE,29,16,2,2025-06-25 12:00:00.000000
295396775,2024-06-24T09:46:39.487Z,Tutoring,nl,3054 CN,Rotterdam,51.9580192565918,4.481995582580566,5.0,FALSE,95,38,3,2026-03-27 15:00:00.000000
361123952,2024-06-23T23:39:06.618Z,Tutoring,nl,5735JB,Aarle-Rixtel,51.507301330566406,5.647368431091309,5.0,FALSE,72,24,3,2026-02-18 13:00:00.000000
2925890194,2024-06-23T18:44:25.132Z,Chatting,nl,1032GW,Amsterdam,52.398704528808594,4.914198398590088,4.0,TRUE,0,1,0,1900-01-01 00:00:00.000005
3291669609,2024-06-21T15:14:02.534Z,Introducing,nl,2461 RK,Ter Aar,52.19438171386719,4.712001800537109,10.0,TRUE,0,1,0,1900-01-01 00:00:00.000005
4228089783,2024-06-21T12:34:22.533Z,Tutoring,nl,6043CV,Roermond,51.191551208496094,5.997877597808838,6.0,FALSE,1007,285,4,2026-03-30 14:00:00.000000
2272439747,2024-06-20T16:56:09.561Z,Chatting,de,12351,Berlin,52.4353141784668,13.452255249023438,7.0,TRUE,0,1,0,1900-01-01 00:00:00.000005
2204918375,2024-06-19T22:42:45.588Z,Tutoring,nl,2611 AS,Delft,52.01366424560547,4.3528666496276855,7.0,FALSE,53,6,9,2025-10-14 13:30:00.000000
4000686686,2024-06-18T19:30:12.121Z,Tutoring,nl,4005vs,Tiel,51.89596176147461,5.44784688949585,5.0,FALSE,5,6,1,2024-07-24 12:00:00.000000
2882413417,2024-06-17T19:29:29.836Z,Tutoring,nl,8807 PA,Herbaijum,53.18651580810547,5.496145725250244,20.0,FALSE,26,1,26,2025-04-22 16:00:00.000000
3538460137,2024-06-17T18:42:49.888Z,Tutoring,nl,1102SW,Amsterdam,52.31696701049805,4.9485955238342285,6.0,TRUE,18,13,1,2025-04-01 17:00:00.000000
231480419,2024-06-17T14:58:19.785Z,Chatting,nl,5709ML,Helmond,51.49311065673828,5.688605785369873,10.0,TRUE,0,5,0,1900-01-01 00:00:00.000005
2858145390,2024-06-17T10:26:29.823Z,Chatting,nl,8926md,Leeuwarden,53.21490478515625,5.849811553955078,20.0,TRUE,0,1,0,1900-01-01 00:00:00.000005
780066864,2024-06-15T19:34:25.397Z,Introducing,nl,3314JG,Dordrecht,51.80575942993164,4.669591426849365,5.0,TRUE,0,12,0,1900-01-01 00:00:00.000005
3120110299,2024-06-15T18:25:22.743Z,Tutoring,nl,6433BK,Hoensbroek,50.914390563964844,5.929870128631592,10.0,FALSE,102,29,4,2025-10-15 19:30:00.000000
2046591733,2024-06-15T17:26:14.888Z,Chatting,nl,6411xg,Heerlen,50.88997268676758,5.962579727172852,5.0,TRUE,0,2,0,1900-01-01 00:00:00.000005
545659651,2024-06-13T14:55:56.455Z,Tutoring,nl,9718 LM,Groningen,53.21739196777344,6.548616886138916,3.5,FALSE,65,1,65,2025-06-23 13:00:00.000000
2863141217,2024-06-13T10:49:39.307Z,Introducing,nl,3035BS,Rotterdam,51.9336051940918,4.473682880401611,5.0,TRUE,0,7,0,1900-01-01 00:00:00.000005
1168291367,2024-06-12T14:48:44.279Z,Tutoring,nl,5611SB,Eindhoven,51.43475341796875,5.484245777130127,7.0,FALSE,15,5,3,2025-02-25 15:00:00.000000
707097018,2024-06-09T10:56:19.735Z,Tutoring,nl,7523RS,Enschede,52.24085235595703,6.89314603805542,20.0,TRUE,12,12,1,2024-09-16 14:00:00.000000
2386769665,2024-06-05T15:23:09.392Z,Chatting,nl,3603AM,Maarssen,52.1386604309082,5.04183292388916,4.0,TRUE,0,2,0,1900-01-01 00:00:00.000005
3180513011,2024-06-02T19:54:31.381Z,Introducing,de,58095,Hagen,51.3547477722168,7.478012561798096,20.0,TRUE,0,3,0,1900-01-01 00:00:00.000005
2549091490,2024-06-02T13:21:14.094Z,Tutoring,nl,7772cd,Hardenberg,52.5761604309082,6.6218366622924805,10.0,TRUE,13,20,1,2024-11-11 18:00:00.000000
436755740,2024-05-31T20:38:24.838Z,Tutoring,nl,2587 GN,'s-Gravenhage,52.111968994140625,4.293581485748291,4.0,TRUE,26,19,1,2024-12-03 16:00:00.000000
2322213626,2024-05-30T08:27:43.158Z,Tutoring,de,72531,Hohenstein,48.35558319091797,9.333963394165039,20.0,TRUE,1,3,0,2024-11-07 13:15:00.000000
1518808978,2024-05-28T08:07:09.431Z,Tutoring,nl,3039ZE,Rotterdam,51.928565979003906,4.463819980621338,3.5,TRUE,11,26,0,2024-06-29 08:00:00.000000
4028504384,2024-05-27T20:38:43.693Z,Tutoring,nl,5021DJ,Tilburg,51.54753494262695,5.098674297332764,5.0,TRUE,6,11,1,2024-12-02 15:30:00.000000
475878587,2024-05-26T05:46:46.526Z,Tutoring,nl,6644DH,Ewijk,51.87068557739258,5.732900619506836,15.0,FALSE,488,89,5,2026-03-28 10:00:00.000000
3690451900,2024-05-25T21:13:38.561Z,Tutoring,nl,6709PH,Wageningen,51.96603012084961,5.6504034996032715,10.0,FALSE,214,65,3,2026-02-11 18:00:00.000000
1621042129,2024-05-25T15:00:32.149Z,Tutoring,nl,3027BK,Rotterdam,51.91645050048828,4.440603733062744,5.0,TRUE,29,23,1,2025-02-13 09:00:00.000000
673843819,2024-05-24T14:05:08.714Z,Active,de,80638,München,48.162052154541016,11.5269193649292,5.0,TRUE,0,0,0,1900-01-01 00:00:00.000005
794615189,2024-05-21T14:07:28.609Z,Introducing,nl,4826LW,Breda,51.60650634765625,4.779699802398682,4.0,TRUE,0,4,0,1900-01-01 00:00:00.000005
928435432,2024-05-21T13:33:28.267Z,Tutoring,de,72070,Tübingen,48.51502990722656,9.042256355285645,7.0,TRUE,11,11,1,2025-06-24 14:30:00.000000
4145766039,2024-05-21T10:55:40.714Z,Tutoring,de,22307,Hamburg,53.60213088989258,10.042341232299805,4.5,FALSE,5,1,5,2024-08-12 10:00:00.000000
2986473336,2024-05-21T08:16:29.471Z,Tutoring,nl,2629HL,Delft,51.99124526977539,4.372249603271484,4.5,FALSE,49,12,4,2026-03-02 18:00:00.000000
1110203132,2024-05-20T16:30:19.806Z,Tutoring,nl,5021AA,Tilburg,51.54893493652344,5.102682590484619,5.0,FALSE,31,8,4,2025-03-06 15:00:00.000000
498240495,2024-05-20T14:17:11.987Z,Active,nl,9725GP,Groningen,53.20659637451172,6.5639801025390625,20.0,TRUE,0,0,0,1900-01-01 00:00:00.000005
1794811259,2024-05-18T21:26:11.082Z,Tutoring,nl,2408KJ,Alphen aan den Rijn,52.113258361816406,4.649777412414551,6.0,FALSE,65,3,22,2025-11-28 15:30:00.000000
839523939,2024-05-16T17:03:15.537Z,Chatting,de,22049,Hamburg,53.59185028076172,10.074740409851074,7.0,TRUE,0,2,0,1900-01-01 00:00:00.000005
1548883211,2024-05-15T17:10:10.944Z,Introducing,de,52072,Aachen,50.787940979003906,6.061714172363281,3.5,TRUE,0,3,0,1900-01-01 00:00:00.000005
1037267746,2024-05-15T09:27:26.672Z,Tutoring,nl,5623HN,Eindhoven,51.46240997314453,5.48563289642334,3.5,FALSE,4,6,1,2024-06-25 11:15:00.000000
780130740,2024-05-14T19:43:39.873Z,Tutoring,nl,6525AR,Nijmegen,51.82648468017578,5.8712592124938965,5.0,FALSE,151,15,10,2026-03-26 14:15:00.000000
1972194931,2024-05-08T21:47:39.648Z,Tutoring,nl,2611EB,Delft,52.00848388671875,4.359519004821777,20.0,TRUE,22,17,1,2025-03-15 16:00:46.759000
2406103334,2024-05-08T14:00:21.711Z,Active,de,44147,Dortmund,51.511959075927734,7.4368767738342285,5.0,TRUE,0,0,0,1900-01-01 00:00:00.000005
769347670,2024-05-08T13:44:07.577Z,Tutoring,nl,8337KS,De Pol,52.818931579589844,6.080084323883057,20.0,TRUE,6,16,0,2024-09-19 17:00:00.000000
1568066755,2024-05-08T13:11:43.277Z,Tutoring,nl,1851BM,Schiermonnikoog,52.601890563964844,4.716140270233154,3.5,FALSE,364,23,16,2026-03-29 10:30:00.000000
3059860349,2024-05-07T13:15:27.489Z,Tutoring,nl,6661PZ,Elst,51.92242431640625,5.8559722900390625,12.0,FALSE,10,3,3,2024-06-14 07:00:00.000000
1118688489,2024-05-03T15:13:28.194Z,Tutoring,nl,3071AW,Rotterdam,51.90940856933594,4.500288963317871,15.0,TRUE,10,13,1,2024-06-27 12:30:00.000000
2964885653,2024-05-02T14:00:17.214Z,Chatting,de,01809,Heidenau,50.980613708496094,13.862044334411621,20.0,TRUE,0,5,0,1900-01-01 00:00:00.000005
2549706446,2024-05-02T07:31:12.844Z,Active,de,12247,Berlin,52.439239501953125,13.34429931640625,20.0,TRUE,0,0,0,1900-01-01 00:00:00.000005
2531565083,2024-05-01T18:21:14.249Z,Active,de,44147,Dortmund,51.511959075927734,7.4368767738342285,7.0,TRUE,0,0,0,1900-01-01 00:00:00.000005
181147546,2024-04-30T20:21:49.677Z,Tutoring,nl,4105RA,Culemborg,51.944488525390625,5.200431823730469,5.0,TRUE,25,33,1,2024-06-25 16:00:00.000000
1404370321,2024-04-30T19:46:39.542Z,Tutoring,nl,5581cs,Waalre,51.389244079589844,5.4486894607543945,8.0,TRUE,10,10,1,2024-06-26 11:00:00.000000
4083568090,2024-04-30T13:24:32.030Z,Tutoring,nl,4105RA,Culemborg,51.944488525390625,5.200431823730469,3.5,TRUE,190,55,3,2025-06-23 17:00:00.000000
1008301111,2024-04-29T16:49:08.759Z,Tutoring,nl,1060 SR,Amsterdam,52.345584869384766,4.786383152008057,4.0,FALSE,40,8,5,2025-06-17 12:45:00.000000
4226263197,2024-04-29T11:34:48.509Z,Tutoring,nl,5014HG,Tilburg,51.567298889160156,5.088205337524414,5.0,FALSE,56,13,4,2026-03-03 14:00:00.000000
1044872465,2024-04-28T19:42:28.582Z,Tutoring,nl,1967 JG,Heemskerk,52.492149353027344,4.693386077880859,5.0,TRUE,136,42,3,2026-02-02 18:00:00.000000
1282716007,2024-04-24T18:34:38.709Z,Tutoring,nl,1066 RA,Amsterdam,52.345706939697266,4.809510231018066,7.0,FALSE,30,10,3,2025-06-20 14:00:00.000000
3241332245,2024-04-23T15:26:31.400Z,Tutoring,nl,9714BE,Groningen,53.229408264160156,6.5737833976745605,4.5,FALSE,5,4,1,2024-06-17 14:30:00.000000
809113273,2024-04-23T13:31:05.345Z,Tutoring,nl,2565BR,'s-Gravenhage,52.07670974731445,4.255666732788086,6.0,FALSE,7,7,1,2024-07-11 14:00:00.000000
3372133709,2024-04-22T22:00:43.359Z,Tutoring,de,50670,Köln,50.956451416015625,6.954695224761963,4.0,FALSE,11,4,3,2024-06-20 16:00:00.000000
2109001270,2024-04-19T11:11:27.549Z,Tutoring,de,12435,Berlin,52.484703063964844,13.467308044433594,9.0,TRUE,13,11,1,2025-01-29 16:00:00.000000
2170461569,2024-04-18T14:13:32.572Z,Tutoring,nl,2612BH,Delft,52.023624420166016,4.35601282119751,7.0,FALSE,3,3,1,2024-05-17 15:30:00.000000
1899778232,2024-04-17T19:27:06.201Z,Introducing,de,59192,Bergkamen,51.619632720947266,7.656728267669678,20.0,TRUE,0,7,0,1900-01-01 00:00:00.000005
485730258,2024-04-17T19:20:43.400Z,Tutoring,nl,6521HV,Nijmegen,51.84232711791992,5.871036052703857,10.0,TRUE,5,8,1,2024-06-30 09:00:00.000000
1393980325,2024-04-16T14:02:41.805Z,Tutoring,de,35390,Gießen,50.58763885498047,8.678339004516602,20.0,FALSE,14,8,2,2025-01-27 17:00:00.000000
4203843107,2024-04-16T09:37:15.820Z,Introducing,nl,1015NZ,Amsterdam,52.377197265625,4.883234977722168,5.0,TRUE,0,1,0,1900-01-01 00:00:00.000005
2437839140,2024-04-15T19:29:45.445Z,Tutoring,nl,6709PG,Wageningen,51.97000503540039,5.654076099395752,6.0,FALSE,115,34,3,2026-03-31 15:00:00.000000
3675867822,2024-04-11T19:27:27.656Z,Tutoring,nl,2614CD,Delft,52.011871337890625,4.33423376083374,10.0,FALSE,7,7,1,2024-05-10 09:00:00.000000
604325861,2024-04-11T13:44:01.443Z,Tutoring,nl,2526WL,'s-Gravenhage,52.064727783203125,4.31167459487915,8.0,FALSE,108,23,5,2025-04-28 18:00:00.000000
3340652985,2024-04-11T10:12:19.769Z,Tutoring,nl,1091BS,Amsterdam,52.35736846923828,4.90919303894043,5.0,FALSE,221,81,3,2025-11-19 16:15:00.000000
2481528757,2024-04-10T16:00:39.925Z,Chatting,de,97072 Wuerzburg,Würzburg,49.781402587890625,9.935603141784668,15.0,TRUE,0,3,0,1900-01-01 00:00:00.000005
4271028658,2024-04-10T09:04:23.484Z,Chatting,de,79110,Freiburg im Breisgau,48.01494216918945,7.83162260055542,3.5,TRUE,0,1,0,1900-01-01 00:00:00.000005
1117598324,2024-04-09T20:33:31.740Z,Chatting,de,42327,Wuppertal,51.23674392700195,7.088812828063965,4.0,TRUE,0,2,0,1900-01-01 00:00:00.000005
3290108969,2024-04-09T16:00:55.527Z,Chatting,nl,9101AG,Dokkum,53.3297004699707,5.995515823364258,20.0,TRUE,0,7,0,1900-01-01 00:00:00.000005
2324114818,2024-04-09T12:37:09.470Z,Introducing,nl,5348KB,Oss,51.7653694152832,5.529805660247803,20.0,TRUE,0,10,0,1900-01-01 00:00:00.000005
1779962236,2024-04-09T12:20:34.172Z,Tutoring,nl,1033sc,Amsterdam,52.40441131591797,4.893538951873779,10.0,TRUE,20,25,1,2024-06-14 15:30:00.000000
4022619129,2024-04-09T11:10:34.464Z,Tutoring,nl,6744WN,Ederveen,52.05371856689453,5.57565975189209,15.0,FALSE,32,7,5,2025-01-28 15:30:00.000000
510401354,2024-04-09T11:02:40.238Z,Tutoring,nl,7741AC,Coevorden,52.667964935302734,6.75175666809082,20.0,FALSE,2,7,0,2025-01-03 08:30:00.000000
820948460,2024-04-09T09:05:17.564Z,Tutoring,nl,3223mh,Hellevoetsluis,51.84858703613281,4.160150051116943,20.0,TRUE,52,24,2,2026-02-03 16:00:00.000000
3133041979,2024-04-09T08:25:45.787Z,Tutoring,nl,1102BA,Amsterdam,52.32048797607422,4.957126140594482,8.0,FALSE,29,2,15,2025-01-22 15:00:00.000000
3168201786,2024-04-08T17:42:22.117Z,Tutoring,nl,5709PM,Helmond,51.49705123901367,5.689048767089844,3.5,TRUE,16,11,1,2024-06-24 15:00:00.000000
558427608,2024-04-07T10:25:21.469Z,Introducing,nl,6537LJ,Nijmegen,51.812835693359375,5.801321029663086,7.0,TRUE,0,4,0,1900-01-01 00:00:00.000005
2716718556,2024-04-06T23:32:18.688Z,Tutoring,nl,7545MS,Enschede,52.21856689453125,6.872912406921387,20.0,FALSE,13,5,3,2024-06-20 14:00:00.000000
2836952144,2024-04-06T21:09:15.528Z,Introducing,nl,2771EV,Boskoop,52.075862884521484,4.644546031951904,15.0,TRUE,0,9,0,1900-01-01 00:00:00.000005
1582075254,2024-04-06T10:23:11.732Z,Tutoring,nl,9862TM,Sebaldeburen,53.23641586303711,6.29143762588501,10.0,FALSE,92,31,3,2026-02-16 16:00:00.000000
3150060689,2024-04-06T09:10:02.423Z,Tutoring,nl,5262ET,Vught,51.645442962646484,5.280905246734619,20.0,FALSE,2,1,2,2024-05-10 10:00:00.000000
2178733668,2024-04-05T18:42:46.466Z,Introducing,nl,3824AG,Amersfoort,52.19593048095703,5.370285987854004,7.0,TRUE,0,4,0,1900-01-01 00:00:00.000005
3245060597,2024-04-05T08:30:35.532Z,Tutoring,nl,2801JM,Gouda,52.0117301940918,4.709921836853027,9.899999618530273,FALSE,9,3,3,2024-07-03 15:00:00.000000
692385135,2024-04-04T14:28:03.937Z,Tutoring,nl,5435XE,Sint Agatha,51.7143440246582,5.914952754974365,5.0,FALSE,62,6,10,2026-01-11 16:00:00.000000
851786641,2024-04-04T08:51:36.950Z,Tutoring,nl,2612BH,Delft,52.023624420166016,4.35601282119751,10.0,FALSE,133,23,6,2026-03-16 14:30:00.000000
2599602004,2024-04-03T17:43:43.767Z,Tutoring,nl,7609CD,Almelo,52.34248733520508,6.631285667419434,15.0,FALSE,2,4,1,2024-05-06 18:30:00.000000
2781205916,2024-04-03T17:34:14.602Z,Tutoring,nl,2035XA,Haarlem,52.36659240722656,4.664569854736328,10.0,FALSE,150,29,5,2026-02-25 13:00:00.000000
62468594,2024-04-03T12:13:08.503Z,Tutoring,nl,2134CA,Hoofddorp,52.30446243286133,4.647496700286865,5.0,FALSE,106,38,3,2026-01-26 15:00:00.000000
688653411,2024-04-02T17:32:56.574Z,Tutoring,nl,6717vc,Ede,52.01774978637695,5.657379627227783,10.0,FALSE,4,4,1,2024-05-23 08:45:00.000000
2685186406,2024-04-02T15:01:29.416Z,Tutoring,nl,7206HG,Zutphen,52.12202453613281,6.208434581756592,8.0,FALSE,53,8,7,2025-06-02 16:00:00.000000
3564679119,2024-04-02T14:07:24.478Z,Tutoring,nl,6708PG,Wageningen,51.98027801513672,5.656843662261963,3.5,FALSE,3,2,2,2024-05-17 14:30:00.000000
1006412106,2024-04-02T13:27:15.542Z,Tutoring,nl,2033XH,Haarlem,52.379234313964844,4.665801048278809,15.0,TRUE,15,12,1,2024-11-13 16:00:00.000000
3389857911,2024-04-02T13:10:18.532Z,Tutoring,nl,6161GS,Sittard,50.9709358215332,5.82744836807251,20.0,FALSE,44,9,5,2025-05-27 15:00:00.000000
34569394,2024-04-02T09:12:58.842Z,Tutoring,nl,2288CZ,Rijswijk,52.0214958190918,4.333578109741211,10.0,TRUE,1,14,0,2024-04-08 18:00:00.000000
3194954468,2024-04-01T18:39:49.973Z,Introducing,nl,1391XB,Abcoude,52.27175521850586,4.965948104858398,10.0,TRUE,0,6,0,1900-01-01 00:00:00.000005
1073635946,2024-04-01T12:52:55.662Z,Tutoring,nl,3016DT,Rotterdam,51.910221099853516,4.47986364364624,6.0,TRUE,2,4,1,2024-04-24 09:30:00.000000
4284848028,2024-04-01T12:25:27.416Z,Tutoring,nl,2595RE,'s-Gravenhage,52.08148193359375,4.338613033294678,5.0,FALSE,9,1,9,2024-05-15 12:00:00.000000
1120299283,2024-04-01T07:03:49.247Z,Tutoring,de,64287,Darmstadt,49.86747741699219,8.664586067199707,5.0,TRUE,20,14,1,2025-03-21 14:00:59.740000
4001467646,2024-03-31T14:08:34.830Z,Chatting,nl,1105BM,Amsterdam,52.2993049621582,4.955654144287109,20.0,TRUE,0,8,0,1900-01-01 00:00:00.000005
530144508,2024-03-31T13:15:48.783Z,Tutoring,nl,1107XB,Amsterdam,52.292213439941406,4.98582124710083,20.0,TRUE,51,23,2,2026-01-29 16:00:00.000000
4072299857,2024-03-31T12:53:09.777Z,Chatting,nl,2231kx,Rijnsburg,52.1939582824707,4.440781593322754,20.0,TRUE,0,2,0,1900-01-01 00:00:00.000005
1150709181,2024-03-28T15:34:54.729Z,Tutoring,de,94315,Straubing,48.87229919433594,12.579280853271484,10.0,FALSE,36,7,5,2025-06-26 16:00:00.000000
2827041842,2024-03-28T13:58:57.437Z,Chatting,nl,1911GL,Uitgeest,52.52387237548828,4.707531929016113,20.0,TRUE,0,3,0,1900-01-01 00:00:00.000005
2296588508,2024-03-27T22:21:28.426Z,Tutoring,nl,9726JM,Groningen,53.2110710144043,6.551754951477051,15.0,FALSE,9,9,1,2024-10-08 14:30:00.000000
993970473,2024-03-27T19:26:06.466Z,Tutoring,nl,3843BN,Harderwijk,52.33341979980469,5.633403301239014,15.0,FALSE,257,28,9,2026-03-22 09:00:00.000000
4191257896,2024-03-27T13:09:59.952Z,Tutoring,nl,1011EA,Amsterdam,52.37309265136719,4.901519775390625,5.0,FALSE,31,7,4,2025-01-23 15:00:00.000000
3975291500,2024-03-26T19:30:25.410Z,Tutoring,nl,6466MA,Kerkrade,50.862613677978516,6.042499542236328,7.0,TRUE,24,14,2,2025-11-06 14:30:00.000000
114837155,2024-03-26T16:46:15.661Z,Tutoring,nl,5282SN,Boxtel,51.603981018066406,5.315651893615723,6.0,FALSE,8,1,8,2024-06-14 15:00:00.000000
1759513212,2024-03-25T10:37:18.619Z,Tutoring,nl,5384GS,Heesch,51.72913360595703,5.527869701385498,3.5,FALSE,47,14,3,2024-08-05 17:00:00.000000
1482492176,2024-03-25T10:14:19.617Z,Tutoring,nl,4675ar,Sint Philipsland,51.61692428588867,4.160621643066406,20.0,FALSE,283,94,3,2026-03-06 15:00:00.000000
2698498376,2024-03-24T20:59:15.866Z,Tutoring,nl,1071TE,Amsterdam,52.350948333740234,4.884766101837158,4.0,FALSE,19,8,2,2024-07-15 13:15:00.000000
525915378,2024-03-24T20:29:14.446Z,Tutoring,nl,7523CB,Enschede,52.22956085205078,6.899553298950195,5.0,TRUE,4,11,0,2024-12-05 15:30:00.000000
2225779892,2024-03-24T15:05:34.756Z,Tutoring,de,60431,Frankfurt am Main,50.14133834838867,8.659405708312988,3.5,FALSE,101,19,5,2026-03-17 13:45:00.000000
3324994982,2024-03-24T10:54:19.550Z,Tutoring,nl,9713EL,Groningen,53.21979522705078,6.581003189086914,3.5,FALSE,80,21,4,2025-05-18 11:30:00.000000
826157942,2024-03-23T19:57:04.755Z,Chatting,de,70599,Stuttgart,48.70115661621094,9.211965560913086,3.5,TRUE,0,2,0,1900-01-01 00:00:00.000005
1451118750,2024-03-23T16:29:54.714Z,Introducing,nl,2289BM,Rijswijk,52.02364730834961,4.348840236663818,3.5,TRUE,0,3,0,1900-01-01 00:00:00.000005
1151874890,2024-03-23T14:10:20.199Z,Introducing,de,12437,Berlin,52.4752082824707,13.481385231018066,7.0,TRUE,0,6,0,1900-01-01 00:00:00.000005
3282453501,2024-03-23T10:56:48.683Z,Tutoring,nl,2321KW,Leiden,52.144676208496094,4.491998195648193,20.0,FALSE,84,18,5,2025-05-20 08:00:00.000000
256678883,2024-03-22T23:34:51.516Z,Active,nl,3135XV,Vlaardingen,51.91873550415039,4.355541229248047,10.0,TRUE,0,0,0,1900-01-01 00:00:00.000005
4040151415,2024-03-22T14:00:57.012Z,Introducing,nl,5951JD,Belfeld,51.30711364746094,6.113855838775635,10.0,TRUE,0,2,0,1900-01-01 00:00:00.000005
3427182072,2024-03-22T12:54:58.487Z,Tutoring,de,31275,Lehrte,52.36061477661133,9.963698387145996,20.0,TRUE,20,13,2,2024-12-10 16:15:00.000000
4171499214,2024-03-22T12:52:22.039Z,Chatting,nl,9736RR,Groningen,53.24434280395508,6.598413467407227,10.0,TRUE,0,4,0,1900-01-01 00:00:00.000005
2403738552,2024-03-22T11:42:30.691Z,Chatting,nl,5951gz,Belfeld,51.31093215942383,6.123911380767822,10.0,TRUE,0,6,0,1900-01-01 00:00:00.000005
2007712411,2024-03-22T07:47:02.760Z,Active,de,63477,Maintal,50.13414001464844,8.840444564819336,20.0,TRUE,0,0,0,1900-01-01 00:00:00.000005
2892414464,2024-03-21T20:19:52.480Z,Tutoring,nl,1274KW,Huizen,52.293582916259766,5.268007278442383,15.0,FALSE,19,4,5,2024-11-17 12:00:00.000000
938620193,2024-03-21T12:37:39.829Z,Chatting,nl,3862MC,Nijkerk,52.21279525756836,5.500086307525635,15.0,TRUE,0,1,0,1900-01-01 00:00:00.000005
3175404189,2024-03-21T12:08:20.559Z,Chatting,de,13347,Berlin,52.542911529541016,13.36950397491455,10.0,TRUE,0,6,0,1900-01-01 00:00:00.000005
3301459476,2024-03-21T08:20:54.181Z,Tutoring,de,10245,Berlin,52.50920486450195,13.46357250213623,4.0,TRUE,12,6,2,2024-07-04 15:30:00.000000
445164204,2024-03-20T19:05:42.772Z,Tutoring,de,81543,München,48.119544982910156,11.57174301147461,8.0,FALSE,61,15,4,2025-07-01 13:00:00.000000
513121161,2024-03-20T13:34:20.377Z,Tutoring,de,20357,Hamburg,53.56086349487305,9.967940330505371,5.0,TRUE,14,12,1,2025-11-26 18:00:00.000000
517206054,2024-03-19T20:17:02.984Z,Tutoring,de,06110,Halle (Saale),51.47224044799805,11.97426986694336,20.0,FALSE,18,10,2,2024-11-23 11:00:00.000000
2410187110,2024-03-19T12:50:33.310Z,Chatting,de,64665Alsbach-Hähnlein,Alsbach-Hähnlein,49.73987579345703,8.57221794128418,10.0,TRUE,0,1,0,1900-01-01 00:00:00.000005
3043892298,2024-03-19T12:08:12.120Z,Tutoring,nl,6224KA,Maastricht,50.845603942871094,5.713550567626953,3.5,FALSE,113,37,3,2026-02-24 19:00:00.000000
3546903752,2024-03-19T08:53:41.169Z,Tutoring,nl,5925hd,Venlo,51.37846755981445,6.1250410079956055,15.0,FALSE,8,9,1,2024-06-05 18:30:00.000000
4137926893,2024-03-19T08:47:31.168Z,Introducing,nl,8931EV,Leeuwarden,53.18452835083008,5.788599967956543,6.0,TRUE,0,5,0,1900-01-01 00:00:00.000005
1575804600,2024-03-19T05:20:50.706Z,Chatting,de,76137,Karlsruhe,48.9997444152832,8.393893241882324,5.0,TRUE,0,3,0,1900-01-01 00:00:00.000005
2733759752,2024-03-18T19:56:56.639Z,Chatting,de,64289,Darmstadt,49.881813049316406,8.651859283447266,20.0,TRUE,0,2,0,1900-01-01 00:00:00.000005
1671694165,2024-03-18T17:30:02.281Z,Tutoring,nl,6713LA,Ede,52.031715393066406,5.6562700271606445,5.0,FALSE,18,8,2,2024-06-09 18:00:00.000000
2294535927,2024-03-18T17:29:40.188Z,Tutoring,de,49084,Osnabrück,52.270729064941406,8.095078468322754,10.0,FALSE,54,16,3,2026-02-16 15:00:00.000000
1751412442,2024-03-18T09:34:39.145Z,Chatting,de,53359,Rheinbach,50.601680755615234,6.985708236694336,3.5,TRUE,0,3,0,1900-01-01 00:00:00.000005
2118053924,2024-03-17T17:38:23.670Z,Tutoring,nl,3062jc,Rotterdam,51.92189407348633,4.5147385597229,4.0,FALSE,3,3,1,2024-05-24 17:00:00.000000
2106393663,2024-03-17T12:08:21.790Z,Tutoring,nl,5212XM,'s-Hertogenbosch,51.70022964477539,5.302412509918213,8.0,FALSE,65,6,11,2026-04-01 16:30:00.000000
3571151756,2024-03-16T19:43:49.459Z,Tutoring,nl,2993EJ,Barendrecht,51.84712600708008,4.49821138381958,20.0,FALSE,211,58,4,2026-06-06 10:00:00.000000
729229172,2024-03-16T17:01:55.397Z,Tutoring,nl,4614XV,Bergen op Zoom,51.50365447998047,4.2982892990112305,3.5,FALSE,54,20,3,2025-05-29 19:00:00.000000
251249133,2024-03-16T14:09:49.445Z,Active,nl,1185RS,Amstelveen,52.29187774658203,4.848723411560059,20.0,TRUE,0,0,0,1900-01-01 00:00:00.000005
3140705166,2024-03-16T11:58:25.267Z,Tutoring,nl,3038SJ,Rotterdam,51.937103271484375,4.463533878326416,7.0,FALSE,10,4,3,2024-06-18 14:30:00.000000
1873021572,2024-03-16T10:51:12.228Z,Tutoring,nl,5384TG,Heesch,51.715049743652344,5.498677730560303,15.0,FALSE,12,5,2,2024-05-22 06:30:00.000000
2708196570,2024-03-16T08:54:40.465Z,Tutoring,nl,1357AP,Almere,52.33477020263672,5.225529193878174,5.0,FALSE,47,3,16,2025-02-10 15:00:00.000000
1789268186,2024-03-16T06:50:27.674Z,Tutoring,de,60438,Frankfurt am Main,50.17548751831055,8.632893562316895,20.0,TRUE,20,13,2,2024-12-15 14:00:00.000000
786266293,2024-03-15T12:05:47.718Z,Chatting,nl,6573DA,Beek,51.83214569091797,5.915590286254883,10.0,TRUE,0,1,0,1900-01-01 00:00:00.000005
386730344,2024-03-15T09:57:10.933Z,Chatting,nl,1068VW,Amsterdam,52.35287857055664,4.812822341918945,3.5,TRUE,0,3,0,1900-01-01 00:00:00.000005
35027206,2024-03-14T22:38:51.359Z,Introducing,nl,7424BE,Deventer,52.26063919067383,6.216558933258057,10.0,TRUE,0,6,0,1900-01-01 00:00:00.000005
3644474023,2024-03-14T20:10:09.698Z,Tutoring,nl,3137PC,Vlaardingen,51.93624496459961,4.33727502822876,5.0,TRUE,5,13,0,2026-02-12 14:15:00.000000
2125836187,2024-03-14T16:24:40.294Z,Chatting,nl,9724NG,Groningen,53.2109375,6.582122325897217,4.0,TRUE,0,1,0,1900-01-01 00:00:00.000005
1903651995,2024-03-13T22:04:17.230Z,Tutoring,de,76297,Stutensee,49.10282516479492,8.484185218811035,5.0,FALSE,2,3,1,2024-12-05 17:00:00.000000
1574157821,2024-03-13T21:23:30.782Z,Tutoring,nl,9726JP,Groningen,53.21120834350586,6.552492141723633,3.5,FALSE,1,7,0,2024-04-12 13:00:00.000000
169828365,2024-03-13T18:19:08.764Z,Tutoring,nl,1064VV,Amsterdam,52.37559127807617,4.8166399002075195,10.0,FALSE,17,9,2,2025-02-21 14:00:00.000000
4158577392,2024-03-13T16:39:44.323Z,Tutoring,de,45476,Mülheim an der Ruhr,51.45063781738281,6.859381198883057,20.0,FALSE,91,28,3,2026-02-27 14:00:00.000000
1597333735,2024-03-12T18:45:49.299Z,Tutoring,nl,7511DG,Enschede,52.21981430053711,6.901084899902344,3.5,FALSE,3,4,1,2024-04-15 17:30:00.000000
8949077,2024-03-12T07:32:14.757Z,Tutoring,nl,3722BK,Bilthoven,52.125125885009766,5.203228950500488,7.0,FALSE,173,61,3,2026-02-07 18:00:00.000000
3643456498,2024-03-11T23:41:19.296Z,Tutoring,nl,5011HT,Tilburg,51.59115219116211,5.091091632843018,10.0,TRUE,28,25,1,2024-06-17 18:00:00.000000
1276450673,2024-03-11T21:33:13.760Z,Tutoring,nl,9741KX,Groningen,53.23408126831055,6.550074577331543,5.0,TRUE,58,34,2,2024-06-30 14:00:00.000000
1514502905,2024-03-11T17:15:40.412Z,Tutoring,de,14193,Berlin,52.485355377197266,13.26339340209961,5.0,TRUE,6,4,2,2024-09-26 17:00:00.000000
2384973715,2024-03-11T16:37:02.715Z,Introducing,de,95447,Bayreuth,49.93321228027344,11.564927101135254,3.5,TRUE,0,8,0,1900-01-01 00:00:00.000005
1308953503,2024-03-11T15:56:06.105Z,Active,de,15344,Strausberg,52.57223892211914,13.877401351928711,20.0,TRUE,0,0,0,1900-01-01 00:00:00.000005
3442558658,2024-03-10T22:43:51.756Z,Active,nl,2651WN,Berkel en Rodenrijs,51.987342834472656,4.466403484344482,5.0,TRUE,0,0,0,1900-01-01 00:00:00.000005
4268384043,2024-03-10T19:22:05.991Z,Tutoring,nl,6952EH,Dieren,52.0499382019043,6.095191955566406,20.0,FALSE,9,2,5,2024-06-24 13:00:00.000000
2965044749,2024-03-09T19:25:45.670Z,Tutoring,nl,3721ND,Bilthoven,52.11600112915039,5.183130264282227,6.0,TRUE,4,4,1,2024-04-23 17:30:00.000000
3386246351,2024-03-09T17:21:59.841Z,Tutoring,nl,6984AD,Doesburg,52.021873474121094,6.163544178009033,15.0,FALSE,244,48,5,2026-03-02 17:15:00.000000
2700972444,2024-03-09T16:54:00.884Z,Tutoring,nl,5012CE,Tilburg,51.5847053527832,5.103362083435059,10.0,FALSE,5,1,5,2024-04-25 09:00:00.000000
4008570072,2024-03-09T13:11:49.442Z,Tutoring,nl,4331CV,Middelburg,51.502410888671875,3.6127233505249023,19.899999618530273,FALSE,8,8,1,2025-05-21 13:30:00.000000
1036350141,2024-03-09T11:17:51.181Z,Tutoring,nl,8801MB,Franeker,53.185707092285156,5.542995929718018,20.0,FALSE,15,4,4,2025-06-10 11:30:00.000000
2101391802,2024-03-08T14:45:31.601Z,Tutoring,nl,3066AE,Rotterdam,51.93840026855469,4.549016952514648,15.0,TRUE,13,11,1,2024-10-07 15:00:00.000000
3562192553,2024-03-08T00:13:47.361Z,Tutoring,nl,5404JJ,Uden,51.654727935791016,5.624298095703125,5.0,FALSE,78,12,7,2025-06-04 15:00:00.000000
427341135,2024-03-07T15:48:30.460Z,Tutoring,nl,1111XC,Diemen,52.34205627441406,4.972580432891846,7.0,TRUE,30,15,2,2025-06-22 08:00:00.000000
236321491,2024-03-07T15:48:03.247Z,Tutoring,nl,8921JC,Leeuwarden,53.20344924926758,5.8154168128967285,20.0,FALSE,1,3,0,2024-04-10 11:00:00.000000
1074898656,2024-03-07T13:49:58.746Z,Chatting,de,41569,Rommerskirchen,51.049110412597656,6.659793853759766,15.0,TRUE,0,2,0,1900-01-01 00:00:00.000005
2950936730,2024-03-07T10:54:57.566Z,Chatting,nl,5481GJ,Schijndel,51.624610900878906,5.418455123901367,17.0,TRUE,0,4,0,1900-01-01 00:00:00.000005
878108811,2024-03-07T09:57:17.897Z,Tutoring,nl,2811NC,Reeuwijk,52.019744873046875,4.759929180145264,6.0,TRUE,7,3,2,2024-06-14 14:00:00.000000
2445899853,2024-03-07T09:08:54.888Z,Tutoring,nl,1217RP,Hilversum,52.227272033691406,5.1651716232299805,5.0,TRUE,123,33,4,2026-03-02 16:30:00.000000
270345780,2024-03-06T20:02:07.417Z,Chatting,nl,3818GM,Amersfoort,52.14511489868164,5.364530563354492,5.0,TRUE,0,1,0,1900-01-01 00:00:00.000005
221877809,2024-03-06T19:44:12.153Z,Tutoring,nl,3862xa,Nijkerk,52.227783203125,5.495544910430908,10.0,TRUE,33,22,2,2024-12-01 16:00:00.000000
1790429736,2024-03-06T17:02:52.928Z,Tutoring,nl,3205BP,Spijkenisse,51.83790969848633,4.346428394317627,20.0,FALSE,43,9,5,2025-04-17 14:30:00.000000
2723596716,2024-03-06T16:30:09.722Z,Tutoring,de,85049,Ingolstadt,48.776763916015625,11.367406845092773,20.0,FALSE,25,8,3,2024-11-07 15:30:00.000000
1727477886,2024-03-06T14:22:23.051Z,Introducing,de,71642,Ludwigsburg,48.91573715209961,9.221814155578613,15.0,TRUE,0,2,0,1900-01-01 00:00:00.000005
3485226560,2024-03-06T14:10:51.219Z,Tutoring,nl,7475TV,Markelo,52.24627685546875,6.532501697540283,3.5,FALSE,66,24,3,2026-03-30 13:45:00.000000
1931843644,2024-03-06T11:30:58.913Z,Tutoring,nl,1191ah,Ouderkerk aan de Amstel,52.29814147949219,4.900798797607422,5.0,TRUE,14,15,1,2025-11-27 08:00:00.000000
2407826316,2024-03-05T23:18:26.849Z,Tutoring,nl,4462BM,Goes,51.49220657348633,3.9006857872009277,20.0,FALSE,12,6,2,2024-06-20 14:00:00.000000
1891227231,2024-03-05T18:02:01.943Z,Tutoring,nl,3207KN,Spijkenisse,51.8306884765625,4.365202903747559,10.0,FALSE,5,2,3,2024-05-08 17:00:00.000000
19718113,2024-03-05T13:07:11.292Z,Introducing,de,13156,Berlin,52.58488082885742,13.407699584960938,7.0,TRUE,0,7,0,1900-01-01 00:00:00.000005
971790244,2024-03-05T13:05:32.476Z,Chatting,nl,3328LL,Dordrecht,51.77113342285156,4.6596808433532715,15.0,TRUE,0,11,0,1900-01-01 00:00:00.000005
3702407625,2024-03-05T10:53:17.326Z,Chatting,nl,2524LA,'s-Gravenhage,52.053531646728516,4.313300132751465,10.0,TRUE,0,3,0,1900-01-01 00:00:00.000005
1196013933,2024-03-05T09:22:13.874Z,Tutoring,nl,1187HZ,Amstelveen,52.28640365600586,4.826931953430176,15.0,TRUE,31,17,2,2024-09-29 12:00:00.000000
3190594187,2024-03-05T08:48:24.012Z,Tutoring,nl,6828 RC,Arnhem,51.978092193603516,5.934569358825684,15.0,FALSE,86,36,2,2025-12-07 11:30:00.000000
3050081144,2024-03-04T18:27:38.941Z,Tutoring,nl,2661ts,Bergschenhoek,51.9921875,4.510173797607422,3.5,FALSE,136,38,4,2026-03-28 16:00:00.000000
3039332476,2024-03-04T16:36:34.801Z,Active,de,66121,Saarbrücken,49.237281799316406,7.039815425872803,4.0,TRUE,0,0,0,1900-01-01 00:00:00.000005
142075198,2024-03-04T13:00:14.281Z,Tutoring,nl,6812CR,Arnhem,51.985130310058594,5.8822431564331055,3.5,FALSE,49,14,4,2025-03-20 14:00:11.440000
1355680355,2024-03-03T12:20:48.242Z,Chatting,de,24118,Kiel,54.338714599609375,10.129770278930664,6.0,TRUE,0,3,0,1900-01-01 00:00:00.000005
1555713840,2024-03-02T11:13:16.151Z,Tutoring,de,64521,Groß-Gerau,49.875431060791016,8.476943016052246,10.0,FALSE,248,25,10,2026-02-28 15:30:00.000000
2234559102,2024-03-01T21:21:06.918Z,Tutoring,nl,2614LK,Delft,52.00070571899414,4.339132308959961,5.0,FALSE,20,4,5,2026-01-22 15:30:00.000000
4017257717,2024-03-01T16:49:41.701Z,Tutoring,nl,2613BH,Delft,52.01130294799805,4.353160381317139,7.5,TRUE,8,4,2,2024-05-11 10:30:00.000000
2985428960,2024-03-01T16:06:24.148Z,Tutoring,de,64285,Darmstadt,49.859554290771484,8.665360450744629,15.0,TRUE,6,9,1,2024-06-08 17:00:00.000000
2257685798,2024-03-01T12:22:47.830Z,Tutoring,nl,5046GR,Tilburg,51.568050384521484,5.075875759124756,15.0,FALSE,2,4,1,2024-03-18 15:30:00.000000
4093926817,2024-03-01T12:21:41.369Z,Tutoring,nl,3072 VK,Rotterdam,51.90071105957031,4.50391149520874,7.0,TRUE,12,11,1,2024-06-01 10:00:00.000000
3125469393,2024-02-29T15:50:34.624Z,Tutoring,nl,7604KD,Almelo,52.36021423339844,6.63379430770874,6.0,TRUE,14,12,1,2024-05-18 06:30:00.000000
1091085541,2024-02-29T11:12:34.655Z,Tutoring,nl,1222KN,Hilversum,52.2377815246582,5.186534404754639,20.0,FALSE,6,7,1,2024-04-16 14:30:00.000000
2583541971,2024-02-28T16:34:40.605Z,Tutoring,nl,1065DZ,Amsterdam,52.35224914550781,4.832714557647705,5.0,TRUE,18,12,2,2024-07-09 14:00:00.000000
3051549515,2024-02-28T15:04:29.403Z,Tutoring,nl,2284xl,Rijswijk,52.03775405883789,4.31865930557251,8.0,FALSE,22,11,2,2024-06-27 14:30:00.000000
2947009745,2024-02-28T11:44:12.705Z,Tutoring,nl,6545GE,Nijmegen,51.826900482177734,5.794422149658203,8.0,FALSE,8,8,1,2024-06-20 13:45:00.000000
3084686644,2024-02-27T15:50:31.912Z,Chatting,nl,8121KA,Olst,52.33466339111328,6.11133337020874,20.0,TRUE,0,1,0,1900-01-01 00:00:00.000005
2131436129,2024-02-27T15:24:04.269Z,Tutoring,nl,3035HB,Rotterdam,51.93410873413086,4.485269546508789,5.0,FALSE,2,8,0,2024-04-10 13:45:00.000000
3512813284,2024-02-27T07:48:52.981Z,Tutoring,nl,5509NR,Veldhoven,51.430904388427734,5.409188270568848,20.0,TRUE,25,14,2,2024-07-14 11:00:00.000000
2042158947,2024-02-26T22:00:44.981Z,Chatting,nl,2561BE,'s-Gravenhage,52.076045989990234,4.277557849884033,10.0,TRUE,0,12,0,1900-01-01 00:00:00.000005
3611096678,2024-02-26T13:34:21.710Z,Tutoring,nl,5617BS,Eindhoven,51.4476432800293,5.452823638916016,10.0,FALSE,23,11,2,2024-06-18 12:45:00.000000
1420128860,2024-02-26T12:27:25.404Z,Tutoring,nl,6222NG,Maastricht,50.8690071105957,5.712247371673584,3.5,TRUE,6,7,1,2024-04-03 15:00:00.000000
1169526566,2024-02-25T22:08:17.645Z,Introducing,de,10623,Berlin,52.51222229003906,13.327089309692383,20.0,TRUE,0,4,0,1900-01-01 00:00:00.000005
1239306952,2024-02-25T19:08:21.579Z,Active,nl,3431XN,Nieuwegein,52.030216217041016,5.077621936798096,5.0,TRUE,0,0,0,1900-01-01 00:00:00.000005
2150330726,2024-02-25T17:13:07.337Z,Tutoring,nl,9741HA,Groningen,53.233734130859375,6.557870864868164,3.5,FALSE,3,1,3,2024-03-22 15:00:00.000000
1013892237,2024-02-25T16:28:30.793Z,Tutoring,nl,1992JA,Velserbroek,52.427879333496094,4.665801048278809,5.0,TRUE,253,36,7,2026-05-12 13:30:00.000000
4194284432,2024-02-25T15:08:06.094Z,Tutoring,nl,9731JB,Groningen,53.2318000793457,6.596996307373047,3.5,FALSE,9,2,5,2025-01-28 08:30:00.000000
921076755,2024-02-25T07:44:15.807Z,Introducing,de,40699,Erkrath,51.2171516418457,6.9178314208984375,5.0,TRUE,0,3,0,1900-01-01 00:00:00.000005
2851162202,2024-02-24T23:18:37.947Z,Tutoring,nl,3087XE,Rotterdam,51.895851135253906,4.467019557952881,6.0,TRUE,20,14,1,2024-11-03 12:00:00.000000
597547459,2024-02-24T22:02:05.371Z,Active,nl,6512HD,Nijmegen,51.83699417114258,5.853000164031982,7.0,TRUE,0,0,0,1900-01-01 00:00:00.000005
3600091284,2024-02-24T13:02:55.208Z,Chatting,nl,5554GZ,Valkenswaard,51.342716217041016,5.461819648742676,5.0,TRUE,0,2,0,1900-01-01 00:00:00.000005
3386967612,2024-02-24T11:35:47.844Z,Tutoring,nl,3532EV,Utrecht,52.09489059448242,5.095158100128174,10.0,FALSE,30,14,2,2024-12-03 14:00:00.000000
533001373,2024-02-24T11:17:25.639Z,Tutoring,nl,3079CN,Rotterdam,51.88382339477539,4.536313056945801,6.0,TRUE,44,20,2,2026-03-31 15:00:00.000000
2585133676,2024-02-23T12:30:53.878Z,Tutoring,nl,2541ER,'s-Gravenhage,52.045082092285156,4.278205394744873,5.0,TRUE,2,10,0,2024-03-22 15:00:00.000000
1736516376,2024-02-23T07:46:26.633Z,Tutoring,nl,2353BC,Leiderdorp,52.16630554199219,4.536379337310791,4.0,FALSE,76,6,13,2026-02-22 09:30:00.000000
1821984364,2024-02-22T19:18:56.253Z,Tutoring,nl,3245VL,Sommelsdijk,51.7544059753418,4.15251350402832,20.0,FALSE,174,59,3,2026-01-08 18:00:00.000000
204167230,2024-02-22T18:45:28.340Z,Tutoring,nl,4811vk,Geldrop,51.58907699584961,4.765350818634033,5.0,TRUE,53,26,2,2025-10-16 14:00:00.000000
1477838348,2024-02-22T14:18:46.185Z,Tutoring,nl,7777SL,Schuinesloot,52.64224624633789,6.5541911125183105,15.0,FALSE,5,6,1,2024-06-04 15:15:00.000000
716968772,2024-02-22T12:24:44.226Z,Tutoring,nl,7833 DG,Nieuw-Amsterdam,52.71669387817383,6.860446929931641,12.0,FALSE,356,81,4,2026-03-11 07:30:00.000000
2014923090,2024-02-21T20:36:54.179Z,Tutoring,de,81247,München,48.16062545776367,11.467780113220215,20.0,FALSE,245,9,27,2025-08-11 09:00:00.000000
4129024190,2024-02-21T20:06:57.108Z,Introducing,de,44339,Dortmund,51.54117202758789,7.479233741760254,10.0,TRUE,0,5,0,1900-01-01 00:00:00.000005
3716741776,2024-02-21T18:21:35.657Z,Chatting,de,44359,Dortmund,51.558040618896484,7.380630016326904,10.0,TRUE,0,1,0,1900-01-01 00:00:00.000005
2277412589,2024-02-21T10:52:25.951Z,Tutoring,de,10249,Berlin,52.526458740234375,13.451581954956055,5.0,FALSE,4,4,1,2024-10-12 13:00:00.000000
3880208728,2024-02-20T21:13:45.479Z,Introducing,de,04103,Leipzig,51.333763122558594,12.37857723236084,7.0,TRUE,0,1,0,1900-01-01 00:00:00.000005
3242239677,2024-02-20T19:12:12.714Z,Introducing,de,44328,Dortmund,51.549625396728516,7.529677867889404,10.0,TRUE,0,3,0,1900-01-01 00:00:00.000005
195567411,2024-02-20T09:43:56.534Z,Tutoring,nl,7514ES,Enschede,52.228023529052734,6.903188705444336,6.0,TRUE,124,60,2,2025-05-08 14:30:00.000000
934805106,2024-02-20T00:24:12.659Z,Chatting,nl,1064JK,Amsterdam,52.37813949584961,4.811951637268066,10.0,TRUE,0,5,0,1900-01-01 00:00:00.000005
4081240204,2024-02-19T15:23:01.609Z,Tutoring,nl,1079VH,Amsterdam,52.345760345458984,4.907879829406738,10.0,FALSE,24,9,3,2024-04-23 14:30:00.000000
2348680587,2024-02-19T14:48:03.682Z,Tutoring,nl,7225NE,Olburgen,52.04537582397461,6.125457286834717,20.0,TRUE,1,4,0,2024-10-21 16:00:00.000000
668048185,2024-02-19T12:33:43.662Z,Chatting,de,07743,Jena,50.9272346496582,11.589431762695312,3.5,TRUE,0,1,0,1900-01-01 00:00:00.000005
2693841512,2024-02-19T10:32:38.998Z,Tutoring,de,64625,Bensheim,49.67118835449219,8.63227367401123,10.0,FALSE,1,2,1,2024-03-13 15:30:00.000000
851678026,2024-02-19T10:30:02.966Z,Tutoring,nl,7415cl,Deventer,52.26347351074219,6.167007923126221,20.0,FALSE,1,1,1,2024-03-01 14:15:00.000000
2117174434,2024-02-19T10:00:30.666Z,Tutoring,nl,4811LL,Breda,51.586830139160156,4.768625736236572,10.0,FALSE,96,39,2,2025-04-30 18:15:00.000000
2510319994,2024-02-18T22:03:39.563Z,Tutoring,nl,7513DB ,Enschede,52.216522216796875,6.883072376251221,4.0,FALSE,104,6,17,2025-06-16 15:00:00.000000
1059912602,2024-02-18T21:28:52.275Z,Tutoring,nl,1852GV,Heiloo,52.596435546875,4.69401216506958,3.5,TRUE,1,5,0,2024-05-09 14:30:00.000000
2824594019,2024-02-18T19:29:45.931Z,Introducing,de,40699,Erkrath,51.198970794677734,6.950632095336914,20.0,TRUE,0,5,0,1900-01-01 00:00:00.000005
4177385803,2024-02-18T19:29:02.558Z,Tutoring,nl,2512gb,'s-Gravenhage,52.07347106933594,4.303969860076904,3.5,FALSE,103,29,4,2026-03-31 17:00:00.000000
1989105592,2024-02-18T19:05:13.934Z,Active,de,22149,Hamburg,53.59022521972656,10.181978225708008,5.0,TRUE,0,0,0,1900-01-01 00:00:00.000005
2019047896,2024-02-18T16:59:44.516Z,Introducing,de,60327,Frankfurt am Main,50.108280181884766,8.649109840393066,5.5,TRUE,0,1,0,1900-01-01 00:00:00.000005
2826655608,2024-02-18T15:31:41.227Z,Tutoring,de,10317,Berlin,52.51142883300781,13.50489330291748,10.0,FALSE,7,7,1,2024-12-01 12:00:00.000000
1898225831,2024-02-18T15:24:09.993Z,Tutoring,de,80637,München,48.16309356689453,11.540972709655762,5.0,FALSE,1,2,1,2024-06-21 13:00:00.000000
2795857213,2024-02-18T15:11:37.084Z,Introducing,de,30175,Hannover,52.377201080322266,9.759265899658203,10.0,TRUE,0,2,0,1900-01-01 00:00:00.000005
3397973412,2024-02-18T11:57:05.788Z,Tutoring,nl,8884HG,Baaiduinen,53.37754821777344,5.2750244140625,5.0,TRUE,0,9,0,1900-01-01 00:00:00.000005
2040975932,2024-02-17T14:21:26.565Z,Tutoring,nl,6891BB,Rozendaal,52.0015869140625,5.964292526245117,7.0,TRUE,41,14,3,2026-01-14 16:45:00.000000
2704310205,2024-02-17T14:07:29.478Z,Tutoring,nl,5627PL,Eindhoven,51.49283218383789,5.448111057281494,5.5,FALSE,63,15,4,2025-09-07 11:00:00.000000
768590227,2024-02-17T11:06:29.087Z,Chatting,nl,2406AW,Alphen aan den Rijn,52.128761291503906,4.668158531188965,5.0,TRUE,0,1,0,1900-01-01 00:00:00.000005
2040547806,2024-02-16T21:35:13.943Z,Tutoring,de,80809,München,48.1755485534668,11.563477516174316,15.0,TRUE,1,10,0,2024-03-19 16:00:00.000000
1420307138,2024-02-16T16:36:21.629Z,Chatting,de,44319,Dortmund,51.5302619934082,7.609060287475586,9.0,TRUE,0,2,0,1900-01-01 00:00:00.000005
3403679646,2024-02-16T13:25:41.226Z,Tutoring,nl,1062XK,Amsterdam,52.34885025024414,4.83920431137085,3.5,FALSE,11,10,1,2024-06-11 16:00:00.000000
3658944193,2024-02-16T12:51:58.297Z,Tutoring,nl,2151GZ,Nieuw-Vennep,52.26976776123047,4.617340087890625,20.0,FALSE,3,4,1,2024-03-04 18:00:00.000000
106680953,2024-02-15T14:16:07.499Z,Tutoring,de,80637,München,48.16309356689453,11.540972709655762,20.0,FALSE,8,5,2,2024-03-15 14:00:00.000000
2543971675,2024-02-15T14:03:55.657Z,Chatting,de,44339,Dortmund,51.54740905761719,7.476404666900635,6.0,TRUE,0,1,0,1900-01-01 00:00:00.000005
3447458651,2024-02-14T22:13:33.022Z,Chatting,nl,4851VC,Ulvenhout,51.545799255371094,4.806336879730225,3.5,TRUE,0,10,0,1900-01-01 00:00:00.000005
3007447220,2024-02-14T16:05:29.157Z,Tutoring,de,21129,Hamburg,53.52817916870117,9.878745079040527,5.0,FALSE,9,2,5,2024-05-23 15:00:00.000000
3869615029,2024-02-14T15:44:59.675Z,Tutoring,nl,7523sn,Enschede,52.24135971069336,6.894730567932129,15.0,FALSE,1,4,0,2024-02-27 15:15:00.000000
2718474964,2024-02-14T14:28:36.597Z,Tutoring,nl,1814GJ,Alkmaar,52.62146759033203,4.735391139984131,4.5,TRUE,22,11,2,2024-06-22 08:00:00.000000
1932389055,2024-02-14T13:40:47.336Z,Tutoring,nl,2566XR,'s-Gravenhage,52.08145523071289,4.260358810424805,6.0,FALSE,13,3,4,2025-03-25 17:30:00.000000
3880787442,2024-02-14T13:14:06.007Z,Tutoring,nl,7382DA,Klarenbeek,52.15869140625,6.067680358886719,15.0,FALSE,4,2,2,2024-03-11 17:30:00.000000
908127675,2024-02-14T11:37:19.717Z,Chatting,de,33100,Paderborn,51.714942932128906,8.790975570678711,12.0,TRUE,0,2,0,1900-01-01 00:00:00.000005
21661317,2024-02-14T11:17:53.531Z,Chatting,de,01169,Dresden,51.04082489013672,13.661345481872559,15.0,TRUE,0,3,0,1900-01-01 00:00:00.000005
751818450,2024-02-14T10:37:17.257Z,Chatting,de,41065,Mönchengladbach,51.19322204589844,6.457986354827881,15.0,TRUE,0,3,0,1900-01-01 00:00:00.000005
1025742112,2024-02-13T21:40:36.147Z,Tutoring,nl,2665AJ,Bleiswijk,52.014869689941406,4.529760360717773,5.0,TRUE,2,11,0,2024-10-22 15:45:00.000000
3906216923,2024-02-13T20:16:57.098Z,Tutoring,nl,8932PG,Leeuwarden,53.19068908691406,5.799337863922119,20.0,FALSE,2,4,1,2024-03-28 14:00:00.000000
90352227,2024-02-13T14:44:22.155Z,Chatting,nl,9742LM,Groningen,53.22969055175781,6.537450313568115,10.0,TRUE,0,1,0,1900-01-01 00:00:00.000005
1398014054,2024-02-13T10:02:25.551Z,Tutoring,nl,3972VG,Driebergen-Rijsenburg,52.04800033569336,5.274200439453125,6.099999904632568,TRUE,2,9,0,2024-03-23 15:00:00.000000
4113955273,2024-02-13T01:59:54.863Z,Tutoring,de,64285,Darmstadt,49.84967803955078,8.64434814453125,10.0,TRUE,3,11,0,2025-11-16 16:00:00.000000
3506870903,2024-02-12T18:21:21.301Z,Introducing,nl,7555KG,Hengelo,52.25484848022461,6.770805358886719,10.0,TRUE,0,3,0,1900-01-01 00:00:00.000005
691891309,2024-02-12T17:43:27.121Z,Tutoring,nl,3765EL,Soest,52.16712188720703,5.2924089431762695,4.0,FALSE,29,13,2,2025-04-02 15:00:00.000000
1344095960,2024-02-12T13:26:15.966Z,Tutoring,nl,2595CA,'s-Gravenhage,52.08327102661133,4.337259292602539,7.0,TRUE,69,38,2,2025-05-21 13:45:00.000000
679036774,2024-02-12T11:28:14.311Z,Tutoring,nl,1339VV,Almere,52.39872360229492,5.304525852203369,3.5,FALSE,166,34,5,2026-01-15 16:00:00.000000
1750107523,2024-02-12T10:07:38.457Z,Tutoring,nl,6217KJ,Maastricht,50.850101470947266,5.677743434906006,5.0,TRUE,57,26,2,2025-06-12 13:30:00.000000
2294278850,2024-02-11T19:24:47.951Z,Tutoring,de,81925,München,48.17095184326172,11.622668266296387,8.0,FALSE,64,18,4,2024-07-30 08:30:00.000000
4172513573,2024-02-11T15:23:10.892Z,Tutoring,nl,3526VD,Utrecht,52.07209396362305,5.093877792358398,10.0,FALSE,13,8,2,2024-03-01 17:45:00.000000
467500629,2024-02-11T11:17:51.357Z,Tutoring,nl,2611CC,Delft,52.0080680847168,4.35894775390625,3.5,FALSE,14,9,2,2024-04-07 17:30:00.000000
432861657,2024-02-11T09:30:27.578Z,Tutoring,nl,6541TE,Nijmegen,51.848167419433594,5.841897487640381,8.0,FALSE,10,5,2,2024-04-17 16:00:00.000000
344454918,2024-02-11T09:26:48.927Z,Tutoring,de,32312,Lübbecke,52.3079719543457,8.629183769226074,15.0,FALSE,56,21,3,2026-03-02 16:45:00.000000
4280265846,2024-02-10T23:50:36.811Z,Introducing,de,40474,Düsseldorf,51.2567024230957,6.762537479400635,3.5,TRUE,0,2,0,1900-01-01 00:00:00.000005
1143621022,2024-02-10T21:40:33.726Z,Chatting,nl,2651ST,Berkel en Rodenrijs,52.0036506652832,4.497308254241943,3.5,TRUE,0,1,0,1900-01-01 00:00:00.000005
2221701935,2024-02-10T14:38:24.656Z,Introducing,de,22297,Hamburg,53.60115432739258,10.014937400817871,20.0,TRUE,0,5,0,1900-01-01 00:00:00.000005
550843726,2024-02-10T08:08:39.969Z,Tutoring,nl,3284XE,Zuid-Beijerland,51.75254821777344,4.367691993713379,12.0,TRUE,1,5,0,2024-04-14 11:00:00.000000
4063146706,2024-02-09T14:47:27.104Z,Tutoring,de,22045,Hamburg,53.57500457763672,10.129329681396484,15.0,TRUE,2,3,1,2024-03-05 16:00:00.000000
1066741720,2024-02-09T13:10:18.400Z,Chatting,nl,8924GK,Leeuwarden,53.210269927978516,5.8213701248168945,7.5,TRUE,0,4,0,1900-01-01 00:00:00.000005
1457361922,2024-02-08T22:06:32.305Z,Tutoring,nl,2011PG,Haarlem,52.38478088378906,4.633699417114258,5.0,TRUE,30,11,3,2024-12-02 15:15:00.000000
4165307855,2024-02-08T12:01:11.340Z,Tutoring,nl,3011NT,Rotterdam,51.922279357910156,4.490246772766113,5.0,TRUE,9,9,1,2024-04-29 13:00:00.000000
2852753448,2024-02-08T01:44:42.389Z,Chatting,de,01097,Dresden,51.07225036621094,13.746726036071777,5.0,TRUE,0,4,0,1900-01-01 00:00:00.000005
2559460799,2024-02-07T20:33:12.218Z,Tutoring,nl,2181DW,Hillegom,52.298343658447266,4.582205295562744,8.0,FALSE,21,9,2,2024-05-20 12:30:00.000000
1933377966,2024-02-07T17:39:36.882Z,Introducing,de,30823,Garbsen,52.42097091674805,9.603439331054688,20.0,TRUE,0,1,0,1900-01-01 00:00:00.000005
2238673186,2024-02-06T20:11:32.166Z,Tutoring,nl,9713TH,Groningen,53.22958755493164,6.5784735679626465,10.0,FALSE,11,8,1,2024-06-17 13:00:00.000000
661460992,2024-02-06T16:50:23.177Z,Chatting,nl,6882GZ,Velp,51.984867095947266,5.9756574630737305,8.0,TRUE,0,1,0,1900-01-01 00:00:00.000005
1457178093,2024-02-06T12:16:56.980Z,Tutoring,nl,1624CB,Hoorn,52.647926330566406,5.060372829437256,5.0,FALSE,28,8,4,2024-08-06 08:00:00.000000
557266860,2024-02-05T20:01:07.719Z,Tutoring,nl,3081sm,Rotterdam,51.894474029541016,4.488918781280518,5.0,FALSE,88,32,3,2026-03-19 18:00:00.000000
2757986106,2024-02-05T19:47:57.502Z,Introducing,nl,2726LB,Zoetermeer,52.06694412231445,4.4928178787231445,5.0,TRUE,0,4,0,1900-01-01 00:00:00.000005
2615227353,2024-02-04T20:38:06.626Z,Introducing,de,76185,Karlsruhe,49.008331298828125,8.368748664855957,10.0,TRUE,0,5,0,1900-01-01 00:00:00.000005
1559182627,2024-02-04T20:34:55.661Z,Tutoring,de,14059,Berlin,52.51109313964844,13.29473876953125,9.0,TRUE,7,3,2,2024-06-12 13:45:00.000000
1424973215,2024-02-04T19:50:15.528Z,Tutoring,de,13435,Berlin,52.597835540771484,13.348701477050781,6.0,TRUE,19,7,3,2025-06-12 14:00:00.000000
1804062225,2024-02-04T15:54:43.601Z,Introducing,de,44357,Dortmund,51.56375503540039,7.373349666595459,15.0,TRUE,0,6,0,1900-01-01 00:00:00.000005
406117141,2024-02-04T13:21:26.583Z,Tutoring,nl,1018TK,Amsterdam,52.36617660522461,4.909318447113037,15.0,TRUE,1,3,0,2024-03-11 16:00:00.000000
255149268,2024-02-04T10:27:44.220Z,Tutoring,nl,2994GP,Barendrecht,51.85649871826172,4.499402046203613,5.0,FALSE,1,1,1,2024-02-23 14:00:00.000000
3970610162,2024-02-03T16:50:32.541Z,Tutoring,nl,1103RL,Amsterdam,52.32701110839844,4.97971248626709,10.0,TRUE,2,12,0,2024-02-16 15:00:00.000000
2157389689,2024-02-03T15:27:09.368Z,Tutoring,nl,9251KV,Burgum,53.19410705566406,5.983158111572266,20.0,FALSE,2,5,0,2025-07-28 10:00:00.000000
2809635314,2024-02-03T10:02:18.036Z,Tutoring,nl,3531XJ,Utrecht,52.0941162109375,5.087732791900635,5.0,FALSE,10,6,2,2024-05-13 15:00:00.000000
2147740659,2024-02-02T22:32:02.796Z,Chatting,de,01307,Dresden,51.050838470458984,13.757966041564941,6.0,TRUE,0,4,0,1900-01-01 00:00:00.000005
189235764,2024-02-01T21:32:49.193Z,Tutoring,nl,9715GX,Leeuwarden,53.23215866088867,6.565497398376465,10.0,FALSE,6,4,2,2024-04-10 15:00:00.000000
2611370029,2024-02-01T17:42:21.398Z,Tutoring,nl,2562BK,'s-Gravenhage,52.08009338378906,4.275635719299316,3.5,FALSE,210,23,9,2026-03-30 15:15:00.000000
3107476295,2024-02-01T15:15:12.519Z,Tutoring,nl,6211LA,Maastricht,50.848106384277344,5.689284324645996,3.5,FALSE,62,23,3,2024-06-26 14:00:00.000000
2959660524,2024-02-01T13:41:43.042Z,Tutoring,de,76185,Karlsruhe,49.0183219909668,8.364763259887695,20.0,FALSE,2,2,1,2024-03-22 13:30:00.000000
1018240447,2024-01-31T12:17:55.581Z,Introducing,de,28717,Bremen,53.17025375366211,8.70338249206543,10.0,TRUE,0,3,0,1900-01-01 00:00:00.000005
243302971,2024-01-31T10:02:05.872Z,Tutoring,de,32756,Detmold,51.92743682861328,8.883052825927734,15.0,TRUE,19,12,2,2025-04-03 14:45:00.000000
3416780090,2024-01-31T09:07:18.068Z,Chatting,de,64289,Darmstadt,49.90135955810547,8.683979034423828,15.0,TRUE,0,6,0,1900-01-01 00:00:00.000005
2079216768,2024-01-30T21:44:38.619Z,Chatting,de,04177 Leipzig,Leipzig,51.33742141723633,12.33536434173584,15.0,TRUE,0,2,0,1900-01-01 00:00:00.000005
3160814531,2024-01-30T17:15:27.990Z,Tutoring,nl,2548PC,'s-Gravenhage,52.03000259399414,4.296323776245117,7.0,TRUE,19,10,2,2024-06-25 13:00:00.000000
3304730398,2024-01-30T14:57:03.911Z,Chatting,de,81371,München,48.11714172363281,11.551369667053223,10.0,TRUE,0,3,0,1900-01-01 00:00:00.000005
1653584714,2024-01-30T12:05:27.211Z,Tutoring,nl,3114NL,Schiedam,51.90763854980469,4.404163837432861,10.0,FALSE,71,12,6,2024-11-29 15:30:00.000000
2073714623,2024-01-29T20:56:01.737Z,Active,nl,4331KX,Middelburg,51.496150970458984,3.609426498413086,3.5,TRUE,0,0,0,1900-01-01 00:00:00.000005
837791183,2024-01-29T20:12:27.717Z,Tutoring,nl,3551BD,Utrecht,52.10091018676758,5.100614547729492,20.0,FALSE,40,15,3,2025-04-07 12:30:00.000000
2073785924,2024-01-29T14:10:27.851Z,Introducing,de,12687,Berlin,52.55484390258789,13.565464973449707,10.0,TRUE,0,3,0,1900-01-01 00:00:00.000005
162669151,2024-01-29T11:30:30.469Z,Chatting,nl,1315EB,Almere,52.37029266357422,5.2142109870910645,3.5,TRUE,0,1,0,1900-01-01 00:00:00.000005
936991789,2024-01-28T08:47:21.241Z,Introducing,nl,8922AT,Leeuwarden,53.20769500732422,5.800527095794678,5.0,TRUE,0,1,0,1900-01-01 00:00:00.000005
3432581872,2024-01-27T17:42:07.936Z,Chatting,de,64293,Darmstadt,49.874855041503906,8.643167495727539,5.0,TRUE,0,2,0,1900-01-01 00:00:00.000005
4244840819,2024-01-27T15:31:36.683Z,Tutoring,de,72070,Tübingen,48.52384567260742,8.989710807800293,10.0,FALSE,2,3,1,2024-02-17 16:00:00.000000
3355301061,2024-01-27T09:18:45.735Z,Chatting,nl,7211EV,Eefde,52.17287063598633,6.220748424530029,3.5,TRUE,0,4,0,1900-01-01 00:00:00.000005
1436672152,2024-01-26T18:24:55.763Z,Tutoring,de,44225,Dortmund,51.47323989868164,7.434634685516357,5.0,FALSE,50,2,25,2026-03-12 15:00:00.000000
3376559669,2024-01-26T14:46:22.877Z,Active,de,40229,Düsseldorf,51.19361877441406,6.857576370239258,7.0,TRUE,0,0,0,1900-01-01 00:00:00.000005
1411453637,2024-01-26T09:22:06.056Z,Tutoring,nl,1785 LT,Den Helder,52.940799713134766,4.768227577209473,10.0,FALSE,490,75,7,2026-03-31 15:15:00.000000
1423194333,2024-01-26T08:01:53.204Z,Tutoring,nl,2593PX,'s-Gravenhage,52.0896110534668,4.341979026794434,20.0,FALSE,4,7,1,2024-04-07 12:00:00.000000
1206814755,2024-01-26T06:40:00.493Z,Chatting,de,04229,Leipzig,51.31529235839844,12.321184158325195,20.0,TRUE,0,1,0,1900-01-01 00:00:00.000005
1335056177,2024-01-25T19:02:51.259Z,Chatting,de,64342,Seeheim-Jugenheim,49.7666130065918,8.640243530273438,15.0,TRUE,0,1,0,1900-01-01 00:00:00.000005
3724754986,2024-01-25T18:00:48.742Z,Tutoring,nl,9711 JZ,Groningen,53.21536636352539,6.5650506019592285,5.0,FALSE,11,5,2,2024-04-25 14:00:00.000000
919510925,2024-01-25T12:00:06.094Z,Tutoring,nl,9403GC,Assen,53.020816802978516,6.575037956237793,15.0,FALSE,70,30,2,2026-03-12 15:00:00.000000
1905772708,2024-01-25T08:55:32.572Z,Tutoring,de,44892,Bochum,51.482582092285156,7.310632705688477,15.0,TRUE,39,20,2,2026-02-21 12:00:00.000000
1236364541,2024-01-24T22:01:04.291Z,Tutoring,de,63452,Hanau,50.14200973510742,8.89510440826416,20.0,FALSE,44,12,4,2025-07-28 10:00:00.000000
2489565957,2024-01-24T16:40:09.229Z,Chatting,nl,9408LG,Assen,53.00806427001953,6.505958557128906,20.0,TRUE,0,2,0,1900-01-01 00:00:00.000005
938708285,2024-01-24T15:44:22.585Z,Tutoring,nl,2623ED,Delft,51.98715591430664,4.364161491394043,3.5,TRUE,153,51,3,2025-06-30 14:00:00.000000
3974492902,2024-01-24T13:29:32.358Z,Tutoring,de,44143,Dortmund,51.51673889160156,7.516430377960205,5.300000190734863,FALSE,42,18,2,2026-03-26 13:15:00.000000
3987489408,2024-01-24T13:02:47.677Z,Tutoring,nl,1391TZ,Abcoude,52.26844024658203,4.970894813537598,15.0,TRUE,2,12,0,2024-02-15 14:30:00.000000
3880034469,2024-01-24T11:38:00.589Z,Tutoring,nl,6523DM,Nijmegen,51.83591079711914,5.883848190307617,4.5,TRUE,9,11,1,2024-02-29 14:00:00.000000
1166854171,2024-01-23T23:04:34.167Z,Tutoring,nl,2282kx,Rijswijk,52.046409606933594,4.342034816741943,3.5,FALSE,87,8,11,2025-07-08 13:45:00.000000
2140001376,2024-01-23T21:55:46.192Z,Introducing,nl,8921GW,Leeuwarden,53.206581115722656,5.8047051429748535,5.0,TRUE,0,3,0,1900-01-01 00:00:00.000005
2309339609,2024-01-23T21:47:41.620Z,Tutoring,nl,1111RV,Diemen,52.33647918701172,4.974198818206787,3.5,FALSE,294,56,5,2026-05-20 19:00:00.000000
1217596778,2024-01-23T19:19:45.851Z,Tutoring,de,64293,Darmstadt,49.87200927734375,8.644584655761719,10.0,FALSE,12,3,4,2024-04-22 18:00:00.000000
3144455258,2024-01-23T18:12:36.243Z,Chatting,de,10247,Berlin,52.51979446411133,13.470687866210938,6.5,TRUE,0,3,0,1900-01-01 00:00:00.000005
1227533708,2024-01-23T12:55:56.043Z,Tutoring,nl,9728AJ,Groningen,53.19797897338867,6.557526111602783,5.0,FALSE,47,9,5,2024-06-18 14:30:00.000000
1363531490,2024-01-23T10:53:45.253Z,Tutoring,nl,9717LJ,Groningen,53.2248649597168,6.5496392250061035,5.0,TRUE,43,21,2,2024-06-19 13:00:00.000000
1585393193,2024-01-23T09:55:14.437Z,Tutoring,nl,6713NR,Ede,52.03302764892578,5.659235000610352,15.0,FALSE,1,1,1,2024-01-29 18:00:00.000000
3709448744,2024-01-22T14:52:39.502Z,Tutoring,de,30167,Hannover,52.38639450073242,9.7178955078125,3.5,FALSE,15,4,4,2024-04-19 13:00:00.000000
3925498241,2024-01-22T14:48:47.464Z,Chatting,de,44141,Dortmund,51.49937057495117,7.486390113830566,10.0,TRUE,0,2,0,1900-01-01 00:00:00.000005
327338648,2024-01-22T10:28:19.753Z,Chatting,de,12101,Berlin,52.472835540771484,13.372686386108398,20.0,TRUE,0,5,0,1900-01-01 00:00:00.000005
3256150401,2024-01-22T09:48:52.594Z,Introducing,nl,8603XG,Sneek,53.03609848022461,5.6611552238464355,20.0,TRUE,0,7,0,1900-01-01 00:00:00.000005
1529223761,2024-01-21T17:27:11.908Z,Tutoring,de,34414,Warburg,51.51953125,9.121753692626953,10.0,FALSE,31,9,3,2026-03-25 16:00:00.000000
3263610302,2024-01-20T16:02:50.864Z,Active,de,01139,Dresden,51.0819091796875,13.707109451293945,20.0,TRUE,0,0,0,1900-01-01 00:00:00.000005
3454478681,2024-01-20T11:51:07.689Z,Chatting,de,22113,Oststeinbek,53.546390533447266,10.171829223632812,12.0,TRUE,0,4,0,1900-01-01 00:00:00.000005
1398181887,2024-01-19T19:59:09.749Z,Tutoring,nl,4451EG,Heinkenszand,51.4697265625,3.8105382919311523,20.0,TRUE,1,7,0,2024-02-01 12:30:00.000000
3919185962,2024-01-19T18:36:19.861Z,Introducing,nl,1087Av,Amsterdam,52.35942840576172,4.992729663848877,10.0,TRUE,0,15,0,1900-01-01 00:00:00.000005
4019097426,2024-01-19T00:54:16.635Z,Tutoring,nl,4335VM,Middelburg,51.483211517333984,3.6001136302948,15.0,TRUE,2,3,1,2024-01-27 09:00:00.000000
2757197117,2024-01-18T20:10:54.441Z,Chatting,nl,3436BA,Nieuwegein,52.03268051147461,5.073007583618164,10.0,TRUE,0,4,0,1900-01-01 00:00:00.000005
1784717179,2024-01-18T14:24:07.793Z,Chatting,nl,5045GG,Tilburg,51.58404541015625,4.999246597290039,3.5,TRUE,0,1,0,1900-01-01 00:00:00.000005
2479551833,2024-01-17T23:14:03.657Z,Tutoring,nl,3551EA,Utrecht,52.09803771972656,5.1031622886657715,3.5,TRUE,19,10,2,2025-03-28 13:45:00.000000
3516067135,2024-01-17T20:17:55.282Z,Tutoring,nl,3055WT,Rotterdam,51.969505310058594,4.499484062194824,5.0,TRUE,11,8,1,2024-07-03 14:15:00.000000
2622473463,2024-01-17T14:54:26.766Z,Chatting,nl,3145MH,Maassluis,51.93632507324219,4.228583812713623,4.0,TRUE,0,1,0,1900-01-01 00:00:00.000005
80407467,2024-01-17T11:41:32.711Z,Tutoring,nl,2135TK,Hoofddorp,52.29478454589844,4.661740303039551,10.0,FALSE,75,11,7,2024-07-09 17:30:00.000000
3220363252,2024-01-17T11:17:17.794Z,Tutoring,nl,1813ES,Alkmaar,52.61476135253906,4.751810073852539,10.0,FALSE,4,3,1,2024-04-25 13:15:00.000000
719719879,2024-01-17T08:39:11.331Z,Introducing,nl,9734CW,Groningen,53.230262756347656,6.618932723999023,10.0,TRUE,0,2,0,1900-01-01 00:00:00.000005
2590059029,2024-01-16T21:47:11.516Z,Chatting,nl,3421CP,Oudewater,52.02076721191406,4.871903896331787,5.0,TRUE,0,4,0,1900-01-01 00:00:00.000005
1989283950,2024-01-16T14:12:20.719Z,Tutoring,nl,2628BH,Delft,52.00996017456055,4.370996475219727,6.0,FALSE,22,3,7,2024-06-25 16:00:00.000000
2300795943,2024-01-16T11:36:07.141Z,Tutoring,nl,5462AX,Veghel,51.612239837646484,5.530306339263916,20.0,FALSE,2,4,1,2024-10-13 08:00:00.000000
2755587650,2024-01-15T14:45:24.984Z,Tutoring,nl,1628VN,Hoorn,52.65761184692383,5.095911026000977,10.0,FALSE,1,5,0,2024-02-06 13:00:00.000000
3615695308,2024-01-15T13:18:55.994Z,Tutoring,nl,2273sj,Voorburg,52.079429626464844,4.350279808044434,5.0,FALSE,1,3,0,2024-03-05 12:00:00.000000
4019909724,2024-01-15T12:42:10.340Z,Tutoring,nl,8939DH,Leeuwarden,53.178096771240234,5.850794315338135,20.0,TRUE,13,10,1,2024-12-16 18:00:00.000000
3194491345,2024-01-15T10:45:59.592Z,Introducing,nl,1531CZ,Wormer,52.495723724365234,4.811638832092285,20.0,TRUE,0,8,0,1900-01-01 00:00:00.000005
987393628,2024-01-15T10:05:39.536Z,Chatting,de,53347,Alfter,50.710628509521484,7.014186859130859,3.5,TRUE,0,4,0,1900-01-01 00:00:00.000005
300297804,2024-01-15T09:29:36.338Z,Introducing,nl,4341BB,Arnemuiden,51.50065994262695,3.66909122467041,20.0,TRUE,0,7,0,1900-01-01 00:00:00.000005
2753378930,2024-01-14T21:24:25.144Z,Chatting,nl,3055ge,Rotterdam,51.957298278808594,4.508851528167725,4.5,TRUE,0,5,0,1900-01-01 00:00:00.000005
3199177391,2024-01-14T15:23:12.739Z,Tutoring,nl,6224KA,Maastricht,50.845603942871094,5.713550567626953,3.5,FALSE,247,39,6,2025-07-03 17:00:00.000000
1881516690,2024-01-14T14:57:40.251Z,Chatting,nl,1054DJ,Amsterdam,52.3636360168457,4.875314235687256,5.0,TRUE,0,2,0,1900-01-01 00:00:00.000005
330752905,2024-01-14T10:06:09.883Z,Tutoring,nl,8081TP,Elburg,52.44673538208008,5.8473687171936035,5.0,FALSE,106,25,4,2024-06-19 12:30:00.000000
2096886330,2024-01-13T19:43:08.720Z,Tutoring,nl,3061JC,Rotterdam,51.93064880371094,4.50230073928833,4.0,FALSE,17,4,4,2024-05-26 15:45:00.000000
3479639356,2024-01-13T15:53:43.989Z,Chatting,de,45549,Sprockhövel,51.33095932006836,7.28508996963501,10.0,TRUE,0,1,0,1900-01-01 00:00:00.000005
2919004578,2024-01-13T09:23:10.183Z,Introducing,nl,9711AE,Groningen,53.21430969238281,6.560067653656006,3.5,TRUE,0,9,0,1900-01-01 00:00:00.000005
2085311694,2024-01-12T21:37:48.386Z,Tutoring,nl,7462RP,Rijssen,52.29796600341797,6.49761962890625,4.0,TRUE,7,3,2,2024-06-21 16:00:00.000000
615318504,2024-01-12T17:29:33.557Z,Chatting,nl,7413ZE,Deventer,52.25861358642578,6.163849830627441,8.0,TRUE,0,1,0,1900-01-01 00:00:00.000005
750802717,2024-01-12T17:23:43.347Z,Tutoring,nl,6136BH,Sittard,51.009254455566406,5.868649959564209,10.0,FALSE,1,4,0,2024-01-17 15:00:00.000000
1907599539,2024-01-12T16:11:34.497Z,Tutoring,nl,2723BN,Zoetermeer,52.060874938964844,4.517309665679932,10.0,FALSE,12,2,6,2024-04-05 13:30:00.000000
2081146287,2024-01-12T13:28:54.405Z,Tutoring,nl,3905LJ,Veenendaal,52.034481048583984,5.552707672119141,6.5,FALSE,154,60,3,2026-03-11 15:00:00.000000
3496249238,2024-01-12T11:04:32.608Z,Tutoring,nl,5351 MC,Berghem,51.76496887207031,5.576861381530762,10.0,FALSE,174,16,11,2026-03-23 13:30:00.000000
2745061031,2024-01-11T21:51:49.404Z,Tutoring,nl,9723ZW,Groningen,53.20722961425781,6.5886664390563965,20.0,TRUE,6,8,1,2026-03-06 15:00:00.000000
2773541076,2024-01-11T17:52:11.762Z,Tutoring,nl,2105ME,Heemstede,52.35438919067383,4.612542629241943,3.5,FALSE,59,17,3,2025-03-06 17:00:00.000000
1088717836,2024-01-11T15:29:25.626Z,Tutoring,nl,2333CZ,Leiden,52.1653938293457,4.4625444412231445,20.0,FALSE,11,5,2,2024-04-23 14:00:00.000000
2101896836,2024-01-11T15:16:40.363Z,Tutoring,nl,6845js,Arnhem,51.94668197631836,5.8742995262146,20.0,TRUE,12,15,1,2025-05-06 11:00:00.000000
628083792,2024-01-10T16:24:21.319Z,Chatting,nl,6573da,Beek,51.83214569091797,5.915590286254883,10.0,TRUE,0,3,0,1900-01-01 00:00:00.000005
3058528959,2024-01-10T12:52:58.211Z,Tutoring,nl,3454JT,De Meern,52.08267593383789,5.057277679443359,10.0,FALSE,25,8,3,2024-06-26 12:30:00.000000
542258511,2024-01-10T12:17:32.506Z,Tutoring,nl,1073LN,Amsterdam,52.3557243347168,4.900330066680908,10.0,TRUE,34,43,1,2024-03-17 15:00:00.000000
675940156,2024-01-09T17:48:40.179Z,Introducing,nl,9714JJ,Groningen,53.23099899291992,6.576626300811768,5.0,TRUE,0,4,0,1900-01-01 00:00:00.000005
815314535,2024-01-09T15:55:36.736Z,Tutoring,nl,9718EA,Groningen,53.216373443603516,6.555498123168945,7.0,FALSE,5,5,1,2024-01-23 14:00:00.000000
4219508005,2024-01-09T14:48:03.133Z,Tutoring,nl,3583ra,Utrecht,52.079471588134766,5.14178466796875,8.0,FALSE,235,59,4,2026-01-29 15:00:00.000000
1501039538,2024-01-09T11:18:58.253Z,Tutoring,de,65812,Bad Soden am Taunus,50.14352798461914,8.5016508102417,20.0,TRUE,2,13,0,2024-02-12 13:00:00.000000
1854568623,2024-01-09T11:14:22.603Z,Tutoring,de,48143,Münster,51.96145248413086,7.632445812225342,3.5,FALSE,76,11,7,2025-07-01 14:00:00.000000
2187981416,2024-01-09T10:38:26.725Z,Tutoring,nl,6581JB,Malden,51.77519607543945,5.851586818695068,6.0,FALSE,1,3,0,2024-01-14 09:00:00.000000
2122407759,2024-01-09T09:35:56.717Z,Tutoring,nl,3032HA,Rotterdam,51.926605224609375,4.4811859130859375,20.0,FALSE,2,4,1,2024-01-21 15:10:00.000000
2617891360,2024-01-08T18:02:05.919Z,Tutoring,de,34225,Baunatal,51.24759292602539,9.398918151855469,15.0,FALSE,61,15,4,2025-04-01 10:30:00.000000
484584908,2024-01-08T14:55:06.993Z,Tutoring,nl,2622HE,Delft,51.98062515258789,4.348053455352783,16.0,FALSE,9,5,2,2024-02-21 10:45:00.000000
475416496,2024-01-08T13:36:18.865Z,Tutoring,nl,2661AM,Bergschenhoek,51.99010467529297,4.4945197105407715,3.5,TRUE,25,14,2,2024-07-03 13:30:00.000000
2642208899,2024-01-08T13:28:41.918Z,Active,nl,4813AR,Breda,51.578006744384766,4.735344886779785,10.0,TRUE,0,0,0,1900-01-01 00:00:00.000005
606002455,2024-01-08T11:19:21.305Z,Tutoring,nl,3311WV,Dordrecht,51.811100006103516,4.657646179199219,20.0,TRUE,37,20,2,2024-11-22 16:00:00.000000
1972232692,2024-01-08T11:08:51.671Z,Tutoring,nl,9717LT,Groningen,53.224430084228516,6.553558826446533,5.0,FALSE,69,18,4,2026-01-09 15:00:00.000000
1752611640,2024-01-08T11:04:28.621Z,Tutoring,nl,5045LG,Tilburg,51.593387603759766,4.991661548614502,3.5,FALSE,55,11,5,2024-06-24 17:15:00.000000
227604002,2024-01-08T10:47:33.957Z,Tutoring,nl,3584HR,Utrecht,52.088802337646484,5.154327392578125,9.0,FALSE,566,236,2,2026-03-24 18:00:00.000000
3757268084,2024-01-08T06:15:10.905Z,Tutoring,nl,6701AN,Wageningen,51.96869659423828,5.664783477783203,10.0,FALSE,30,16,2,2024-06-07 18:00:00.000000
1317519702,2024-01-07T23:50:02.684Z,Active,de,85570,Markt Schwaben,48.194854736328125,11.867094039916992,10.0,TRUE,0,0,0,1900-01-01 00:00:00.000005
3398090712,2024-01-07T20:16:18.442Z,Tutoring,nl,1068LH,Amsterdam,52.355125427246094,4.809483051300049,5.0,FALSE,133,29,5,2025-10-27 11:00:00.000000
2920787293,2024-01-07T16:55:29.856Z,Active,de,37073,Göttingen,51.54080581665039,9.93469524383545,20.0,TRUE,0,0,0,1900-01-01 00:00:00.000005
3787576795,2024-01-07T12:38:21.390Z,Tutoring,nl,3331SM,Zwijndrecht,51.82221221923828,4.635995388031006,3.5,TRUE,21,13,2,2025-02-05 17:30:00.000000
1390266695,2024-01-07T10:45:38.656Z,Tutoring,nl,5038LZ,Tilburg,51.561073303222656,5.074709415435791,3.5,FALSE,142,31,5,2024-07-03 06:15:00.000000
2078209960,2024-01-07T02:26:27.452Z,Tutoring,nl,3071JP,Rotterdam,51.91194534301758,4.4998626708984375,5.0,FALSE,62,19,3,2025-10-30 06:30:00.000000
1647450693,2024-01-06T18:06:44.462Z,Chatting,de,12489,Berlin,52.43302917480469,13.548155784606934,6.0,TRUE,0,2,0,1900-01-01 00:00:00.000005
3702433111,2024-01-06T17:07:59.638Z,Tutoring,nl,4641TA,Ossendrecht,51.38777542114258,4.335227966308594,10.0,FALSE,158,32,5,2026-03-08 13:00:00.000000
2734699379,2024-01-06T12:18:35.299Z,Chatting,de,30453,Hannover,52.37352752685547,9.692510604858398,6.0,TRUE,0,1,0,1900-01-01 00:00:00.000005
1570982446,2024-01-06T11:47:44.835Z,Chatting,de,40468,Düsseldorf,51.27145767211914,6.77609920501709,5.0,TRUE,0,3,0,1900-01-01 00:00:00.000005
1705674501,2024-01-06T11:42:12.684Z,Introducing,de,13585,Berlin,52.549888610839844,13.21178150177002,10.0,TRUE,0,3,0,1900-01-01 00:00:00.000005
3826259905,2024-01-06T11:40:19.951Z,Tutoring,de,40589,Düsseldorf,51.17213821411133,6.833960056304932,20.0,TRUE,2,4,1,2024-01-29 15:00:00.000000
1373572574,2024-01-06T10:34:01.988Z,Tutoring,de,42781,Haan,51.19229507446289,7.003507614135742,15.0,TRUE,1,7,0,2024-01-14 16:00:00.000000
4182192182,2024-01-05T23:32:16.598Z,Tutoring,de,12163,Berlin,52.46523666381836,13.322126388549805,15.0,TRUE,2,10,0,2024-03-18 13:30:00.000000
1034659315,2024-01-05T21:14:53.756Z,Introducing,nl,9721 zn,Groningen,53.18547058105469,6.574670314788818,10.0,TRUE,0,9,0,1900-01-01 00:00:00.000005
755668264,2024-01-05T19:08:21.499Z,Tutoring,nl,1087DA,Amsterdam,52.35870361328125,4.99288272857666,3.5,FALSE,37,7,5,2025-02-28 16:00:00.000000
1194642923,2024-01-05T15:03:14.868Z,Chatting,nl,2391JC,Hazerswoude-Dorp,52.095821380615234,4.5614824295043945,6.0,TRUE,0,1,0,1900-01-01 00:00:00.000005
3682281848,2024-01-05T04:09:37.517Z,Chatting,nl,8253LJ,Dronten,52.53902816772461,5.686030387878418,5.0,TRUE,0,3,0,1900-01-01 00:00:00.000005
2379225307,2024-01-04T19:01:05.233Z,Tutoring,nl,7411JC,Deventer,52.25248718261719,6.15872049331665,5.0,TRUE,13,11,1,2024-04-22 08:00:00.000000
358981095,2024-01-04T14:41:05.460Z,Tutoring,de,76137,Karlsruhe,49.001670837402344,8.4074125289917,6.0,FALSE,19,3,6,2024-04-17 14:00:00.000000
1225649840,2024-01-03T15:58:10.488Z,Chatting,de,45307,Essen,51.46364212036133,7.072178363800049,10.0,TRUE,0,5,0,1900-01-01 00:00:00.000005
3937965771,2023-12-30T17:02:48.383Z,Introducing,nl,2341EW,Oegstgeest,52.17864227294922,4.468830108642578,4.0,TRUE,0,6,0,1900-01-01 00:00:00.000005
1381710724,2023-12-30T10:05:06.894Z,Tutoring,nl,6703HB,Wageningen,51.969417572021484,5.679592609405518,7.0,FALSE,132,13,10,2026-02-28 15:30:00.000000
3200641342,2023-12-29T21:44:45.378Z,Tutoring,de,40225,Düsseldorf,51.19205856323242,6.7943902015686035,15.0,TRUE,8,7,1,2025-05-21 13:30:00.000000
3387616641,2023-12-29T11:14:28.123Z,Tutoring,nl,5025JA,Tilburg,51.55154800415039,5.076645374298096,3.5,TRUE,9,11,1,2024-01-30 18:30:00.000000
1109351198,2023-12-29T10:08:00.727Z,Chatting,nl,6709PP,Wageningen,51.96603012084961,5.6504034996032715,10.0,TRUE,0,3,0,1900-01-01 00:00:00.000005
1676187240,2023-12-28T12:44:37.543Z,Tutoring,nl,7534JP,Enschede,52.212894439697266,6.945725440979004,8.0,FALSE,367,136,3,2026-03-22 19:00:00.000000
3246382917,2023-12-28T12:43:15.979Z,Chatting,nl,1051ER,Amsterdam,52.381710052490234,4.8728203773498535,5.0,TRUE,0,5,0,1900-01-01 00:00:00.000005
1682478350,2023-12-28T09:29:18.979Z,Chatting,de,40468,Düsseldorf,51.253902435302734,6.777397632598877,20.0,TRUE,0,4,0,1900-01-01 00:00:00.000005
3559871818,2023-12-27T15:05:47.737Z,Tutoring,nl,8917HE,Leeuwarden,53.21039581298828,5.787205219268799,10.0,TRUE,1,1,1,2024-01-03 18:00:00.000000
482707646,2023-12-26T20:31:29.416Z,Tutoring,de,40223,Düsseldorf,51.20515823364258,6.773850440979004,8.0,FALSE,20,3,7,2024-09-13 13:00:00.000000
292680165,2023-12-26T11:43:44.883Z,Introducing,nl,3522DG,Utrecht,52.07748031616211,5.119515419006348,6.0,TRUE,0,12,0,1900-01-01 00:00:00.000005
3823147606,2023-12-26T09:59:35.188Z,Tutoring,nl,3062ER,Rotterdam,51.926265716552734,4.5149641036987305,3.5,FALSE,25,4,6,2024-05-20 16:00:00.000000
1059383833,2023-12-23T19:48:52.650Z,Tutoring,nl,5251VB,Vlijmen,51.69846725463867,5.244277000427246,15.0,FALSE,1,2,1,2024-01-16 15:15:00.000000
3569163055,2023-12-22T18:50:02.105Z,Tutoring,de,73770,Denkendorf,48.69511795043945,9.315289497375488,20.0,FALSE,7,5,1,2024-03-10 15:30:00.000000
115328259,2023-12-22T12:28:12.844Z,Tutoring,nl,1504HA,Zaandam,52.43714904785156,4.849905490875244,10.0,TRUE,5,10,1,2024-02-27 15:30:00.000000
2917178673,2023-12-22T09:26:32.028Z,Tutoring,de,35390,Gießen,50.588626861572266,8.67635726928711,20.0,FALSE,15,8,2,2024-11-13 15:15:00.000000
2025003970,2023-12-21T23:05:28.494Z,Chatting,de,04318,Leipzig,51.33312225341797,12.408567428588867,15.0,TRUE,0,2,0,1900-01-01 00:00:00.000005
3655751707,2023-12-21T18:38:56.382Z,Chatting,de,60388,Frankfurt am Main,50.14228057861328,8.758257865905762,15.0,TRUE,0,2,0,1900-01-01 00:00:00.000005
4155740640,2023-12-21T16:07:14.572Z,Active,de,16321,Rüdnitz,52.72052764892578,13.625083923339844,20.0,TRUE,0,0,0,1900-01-01 00:00:00.000005
2350450120,2023-12-21T14:29:43.934Z,Tutoring,nl,7339CH,Ugchelen,52.186161041259766,5.939778804779053,5.0,TRUE,2,1,2,2024-01-24 17:00:00.000000
3299290179,2023-12-21T10:32:25.231Z,Tutoring,nl,1183HT,Amstelveen,52.30963897705078,4.873467445373535,4.0,TRUE,8,10,1,2024-03-07 15:30:00.000000
1091571895,2023-12-20T21:47:39.624Z,Active,nl,6133XP,Sittard,50.99359130859375,5.861108303070068,3.5,TRUE,0,0,0,1900-01-01 00:00:00.000005
1981979085,2023-12-20T19:32:29.330Z,Tutoring,de,80638,München,48.160804748535156,11.522551536560059,20.0,TRUE,32,25,1,2024-05-27 11:30:00.000000
2794914374,2023-12-20T18:10:17.847Z,Chatting,de,40215,Düsseldorf,51.20967483520508,6.782378673553467,10.0,TRUE,0,1,0,1900-01-01 00:00:00.000005
3611174634,2023-12-20T17:57:02.144Z,Tutoring,de,85748,Garching bei München,48.257198333740234,11.659079551696777,5.5,FALSE,164,64,3,2026-03-09 15:00:00.000000
196384812,2023-12-20T16:00:39.175Z,Tutoring,de,48165,Münster,51.90316390991211,7.640469074249268,15.0,FALSE,176,7,25,2026-03-27 14:00:00.000000
2119302975,2023-12-20T15:10:45.958Z,Tutoring,de,12249,Berlin,52.43395233154297,13.342658996582031,10.0,FALSE,31,13,2,2025-06-06 14:00:00.000000
1902209756,2023-12-20T15:08:48.622Z,Tutoring,de,10115,Berlin,52.52531814575195,13.380722999572754,15.0,FALSE,56,7,8,2024-07-17 15:00:00.000000
1645153994,2023-12-20T13:10:10.169Z,Tutoring,nl,3082ZA,Rotterdam,51.8843994140625,4.469602584838867,7.5,TRUE,33,18,2,2026-02-26 16:15:00.000000
3429097493,2023-12-20T10:49:32.981Z,Chatting,de,44227,Dortmund,51.48040771484375,7.405057907104492,5.0,TRUE,0,2,0,1900-01-01 00:00:00.000005
2287634148,2023-12-19T15:45:20.221Z,Tutoring,nl,9824TJ,Noordwijk,53.16018295288086,6.23549747467041,20.0,FALSE,33,13,3,2024-06-29 12:00:00.000000
3639605609,2023-12-19T15:01:52.991Z,Chatting,de,24114,Kiel,54.315879821777344,10.113039016723633,4.0,TRUE,0,1,0,1900-01-01 00:00:00.000005
1150121374,2023-12-18T15:46:14.694Z,Tutoring,de,76185,Karlsruhe,49.009117126464844,8.373883247375488,8.0,TRUE,2,1,2,2024-04-28 13:00:00.000000
3102011009,2023-12-18T12:39:49.840Z,Tutoring,de,14055,Berlin,52.507080078125,13.21536636352539,8.0,FALSE,41,11,4,2025-06-12 13:00:00.000000
501935621,2023-12-18T12:21:42.698Z,Tutoring,nl,3621JD,Breukelen,52.17856216430664,4.996671676635742,20.0,FALSE,406,56,7,2026-03-02 10:15:00.000000
1255544633,2023-12-18T09:16:11.731Z,Tutoring,de,60529,Frankfurt am Main,50.08282470703125,8.575860023498535,20.0,TRUE,2,10,0,2024-01-23 17:00:00.000000
3310331530,2023-12-17T14:54:14.000Z,Introducing,de,10557,Berlin,52.52576446533203,13.363781929016113,4.0,TRUE,0,7,0,1900-01-01 00:00:00.000005
525604467,2023-12-17T14:47:18.045Z,Introducing,nl,9528RD,Buinen,52.930171966552734,6.837122440338135,6.0,TRUE,0,8,0,1900-01-01 00:00:00.000005
1933457504,2023-12-16T15:45:14.471Z,Introducing,de,30853,Langenhagen,52.44301986694336,9.754653930664062,20.0,TRUE,0,14,0,1900-01-01 00:00:00.000005
2439818646,2023-12-16T15:40:34.474Z,Tutoring,nl,6709PH,Harderwijk,51.96603012084961,5.6504034996032715,5.0,FALSE,45,8,6,2025-07-23 07:30:00.000000
3154584475,2023-12-16T09:39:23.121Z,Tutoring,de,10999,Berlin,52.49861145019531,13.419289588928223,20.0,TRUE,95,28,3,2026-02-20 14:30:00.000000
406198203,2023-12-15T22:51:27.107Z,Tutoring,de,10247,Berlin,52.51985168457031,13.469145774841309,10.0,FALSE,159,11,14,2025-05-11 09:00:00.000000
2780582186,2023-12-15T18:30:25.052Z,Chatting,de,04177,Leipzig,51.34233474731445,12.32654094696045,10.0,TRUE,0,2,0,1900-01-01 00:00:00.000005
4159023795,2023-12-15T18:26:09.477Z,Chatting,de,86368,Gersthofen,48.42101287841797,10.885313034057617,10.0,TRUE,0,5,0,1900-01-01 00:00:00.000005
1397579149,2023-12-15T17:35:45.924Z,Tutoring,nl,3769BG,Soesterberg,52.12137222290039,5.28473424911499,10.0,FALSE,8,6,1,2025-06-20 14:00:00.000000
157119676,2023-12-15T16:37:21.658Z,Tutoring,nl,2324AP,Leiden,52.14078903198242,4.4693403244018555,10.0,FALSE,3,7,0,2024-04-17 14:00:00.000000
2575172373,2023-12-14T17:46:33.999Z,Tutoring,nl,1066CT,Amsterdam,52.34156799316406,4.802989959716797,7.0,TRUE,80,32,3,2024-12-21 14:00:00.000000
4207539596,2023-12-14T13:21:49.960Z,Tutoring,nl,2555 vh,'s-Gravenhage,52.06475830078125,4.242547035217285,10.0,TRUE,18,11,2,2025-06-29 09:00:00.000000
3428439856,2023-12-13T23:36:44.036Z,Introducing,de,12109,Berlin,52.44670104980469,13.404549598693848,3.5,TRUE,0,2,0,1900-01-01 00:00:00.000005
1778678155,2023-12-13T20:26:15.387Z,Chatting,de,60388,Frankfurt am Main,50.158382415771484,8.76046371459961,20.0,TRUE,0,1,0,1900-01-01 00:00:00.000005
1017072357,2023-12-13T18:37:09.450Z,Tutoring,nl,7102CH,Winterswijk,51.966251373291016,6.70348596572876,15.0,TRUE,18,10,2,2024-04-09 16:00:00.000000
2272981415,2023-12-13T13:46:39.858Z,Chatting,nl,9713ED,Groningen,53.22045135498047,6.584570407867432,6.0,TRUE,0,1,0,1900-01-01 00:00:00.000005
1123526166,2023-12-13T10:26:54.653Z,Tutoring,de,75446 Iptingen,Wiernsheim,48.888824462890625,8.89721393585205,20.0,TRUE,1,3,0,2024-03-01 15:00:00.000000
3858698467,2023-12-13T07:27:40.301Z,Tutoring,nl,6461CA,Kerkrade,50.86557388305664,6.065770149230957,10.0,FALSE,15,5,3,2024-08-18 08:30:00.000000
659991928,2023-12-12T21:39:06.520Z,Tutoring,nl,6523NJ,Nijmegen,51.82155990600586,5.882878303527832,5.0,FALSE,1,2,1,2023-12-28 15:00:00.000000
727606433,2023-12-12T20:37:45.703Z,Chatting,de,40629,Düsseldorf,51.26618576049805,6.870378017425537,20.0,TRUE,0,1,0,1900-01-01 00:00:00.000005
2495947276,2023-12-12T17:38:03.821Z,Tutoring,nl,6717ls,Ede,52.01969528198242,5.665990352630615,12.0,TRUE,47,24,2,2025-06-23 15:00:00.000000
4275221499,2023-12-12T15:44:47.613Z,Tutoring,nl,6535LW,Nijmegen,51.80335235595703,5.821289539337158,10.0,FALSE,23,11,2,2024-05-12 06:30:00.000000
655002279,2023-12-12T10:40:30.982Z,Tutoring,nl,4655AN,De Heen,51.60736083984375,4.27192497253418,10.0,FALSE,148,16,9,2025-06-14 16:00:00.000000
2026077473,2023-12-11T23:54:04.750Z,Tutoring,de,01159,Dresden,51.04969787597656,13.707880020141602,4.0,FALSE,3,5,1,2025-03-17 17:00:18.258000
880011789,2023-12-11T20:32:36.693Z,Tutoring,nl,2631LK,Nootdorp,52.0447883605957,4.380642414093018,8.0,FALSE,27,11,2,2024-06-22 08:00:00.000000
59163723,2023-12-11T17:59:29.386Z,Introducing,de,44379,Dortmund,51.512733459472656,7.3928046226501465,20.0,TRUE,0,7,0,1900-01-01 00:00:00.000005
144973478,2023-12-11T10:23:49.131Z,Tutoring,de,61476,Kronberg im Taunus,50.18202209472656,8.537283897399902,5.0,FALSE,150,20,8,2025-03-19 19:00:45.132000
386368124,2023-12-10T21:44:58.635Z,Tutoring,de,82008,Unterhaching,48.06196594238281,11.622681617736816,10.0,FALSE,18,6,3,2024-03-31 12:00:00.000000
2302891980,2023-12-10T17:10:51.215Z,Active,de,21147,Hamburg,53.478973388671875,9.875036239624023,10.0,TRUE,0,0,0,1900-01-01 00:00:00.000005
3113061262,2023-12-10T16:02:45.917Z,Introducing,nl,9501TD,Stadskanaal,52.98894119262695,6.963497161865234,20.0,TRUE,0,7,0,1900-01-01 00:00:00.000005
1794811632,2023-12-10T13:19:08.765Z,Chatting,de,59394,Nordkirchen,51.74411392211914,7.525441646575928,15.0,TRUE,0,3,0,1900-01-01 00:00:00.000005
843355181,2023-12-10T12:27:10.463Z,Tutoring,de,30457,Hannover,52.34003448486328,9.69400405883789,3.5,FALSE,50,9,6,2025-02-23 17:00:00.000000
2719912297,2023-12-10T12:10:44.804Z,Tutoring,nl,3032aw,Rotterdam,51.93021774291992,4.47782039642334,4.0,FALSE,53,10,5,2024-06-18 14:00:00.000000
1378581826,2023-12-10T10:46:26.968Z,Chatting,de,73529,Schwäbisch Gmünd,48.79422378540039,9.84116268157959,3.5,TRUE,0,2,0,1900-01-01 00:00:00.000005
691658654,2023-12-09T11:36:17.970Z,Chatting,de,13057,Berlin,52.5655632019043,13.517149925231934,20.0,TRUE,0,2,0,1900-01-01 00:00:00.000005
2799478206,2023-12-09T10:56:41.104Z,Chatting,nl,8307PA,Ens,52.6511344909668,5.822587490081787,11.0,TRUE,0,0,0,1900-01-01 00:00:00.000005
4098350116,2023-12-08T17:44:16.079Z,Tutoring,nl,1121HE,Landsmeer,52.42805862426758,4.918299198150635,10.0,TRUE,7,10,1,2024-04-02 14:00:00.000000
1735229115,2023-12-08T15:26:17.084Z,Tutoring,de,81373,München,48.12680435180664,11.541152000427246,10.0,TRUE,20,11,2,2024-04-06 13:30:00.000000
3577710450,2023-12-08T14:58:06.613Z,Tutoring,nl,2566 XR,'s-Gravenhage,52.08145523071289,4.260358810424805,5.0,FALSE,52,20,3,2025-05-17 08:00:50.951000
3708106321,2023-12-08T14:33:59.702Z,Tutoring,nl,8924AV,Leeuwarden,53.2034797668457,5.821988105773926,20.0,TRUE,5,7,1,2024-03-21 15:30:00.000000
587254362,2023-12-08T11:20:48.419Z,Tutoring,de,86179,Augsburg,48.30911636352539,10.907655715942383,5.0,FALSE,19,7,3,2024-07-09 13:00:00.000000
1865480891,2023-12-08T10:20:24.275Z,Chatting,nl,3771PB,Barneveld,52.15107345581055,5.623367786407471,10.0,TRUE,0,3,0,1900-01-01 00:00:00.000005
1734028432,2023-12-07T18:44:41.760Z,Tutoring,nl,5658EG,Eindhoven,51.43779373168945,5.413489818572998,6.0,FALSE,1,3,0,2024-02-01 14:15:00.000000
1405108287,2023-12-07T16:40:34.462Z,Tutoring,nl,2993TA,Barendrecht,51.85456466674805,4.49959659576416,3.5,TRUE,19,14,1,2024-06-19 13:00:00.000000
2843731294,2023-12-07T10:12:11.601Z,Tutoring,nl,6419XG,Heerlen,50.87211227416992,5.961512088775635,20.0,TRUE,7,5,1,2024-03-10 18:00:00.000000
1514210574,2023-12-06T19:17:11.832Z,Tutoring,nl,7311TJ,Apeldoorn,52.21290588378906,5.954750061035156,3.5,FALSE,30,10,3,2024-08-31 08:00:00.000000
3190972193,2023-12-06T19:11:37.955Z,Chatting,de,60599,Frankfurt am Main,50.09899139404297,8.725462913513184,8.0,TRUE,0,1,0,1900-01-01 00:00:00.000005
1266963931,2023-12-06T12:46:04.686Z,Tutoring,nl,8413NH,Oudehorne,52.967071533203125,6.093201637268066,20.0,FALSE,1,1,1,2024-02-01 19:00:00.000000
3735415906,2023-12-06T12:30:22.978Z,Tutoring,de,94315,Straubing,48.88298034667969,12.58747673034668,10.0,FALSE,50,16,3,2026-01-20 16:30:00.000000
3534507214,2023-12-06T08:35:13.290Z,Active,de,20146,Hamburg,53.56974792480469,9.984770774841309,5.0,TRUE,0,0,0,1900-01-01 00:00:00.000005
4128043667,2023-12-06T00:52:14.249Z,Chatting,de,04357,Leipzig,51.36581039428711,12.402983665466309,15.0,TRUE,0,1,0,1900-01-01 00:00:00.000005
211241651,2023-12-05T22:28:52.297Z,Tutoring,nl,2665BR,Bleiswijk,52.01108932495117,4.544166088104248,20.0,FALSE,74,21,4,2026-03-01 10:00:00.000000
511515247,2023-12-05T21:03:17.549Z,Tutoring,de,10777,Berlin,52.4961051940918,13.337578773498535,7.0,TRUE,1,3,0,2024-01-21 15:30:00.000000
1951709057,2023-12-05T16:54:54.988Z,Tutoring,nl,1338TN,Almere,52.384578704833984,5.281154632568359,20.0,TRUE,7,13,1,2024-07-04 18:00:00.000000
3381892276,2023-12-05T12:43:29.634Z,Tutoring,nl,9724AH,Groningen,53.212162017822266,6.5730133056640625,5.0,TRUE,12,12,1,2024-06-23 15:30:00.000000
3219381235,2023-12-05T08:28:34.815Z,Tutoring,de,30169,Hannover,52.36246871948242,9.748369216918945,15.0,FALSE,2,1,2,2023-12-23 17:00:00.000000
1214457078,2023-12-05T08:01:49.807Z,Tutoring,de,63128,Dietzenbach,50.02189254760742,8.776814460754395,10.0,FALSE,6,3,2,2024-03-15 15:00:00.000000
2535450355,2023-12-04T23:57:22.673Z,Chatting,de,10117,Berlin,52.52397537231445,13.379659652709961,3.5,TRUE,0,2,0,1900-01-01 00:00:00.000005
3065203128,2023-12-04T18:13:05.240Z,Tutoring,nl,4007VE,Tiel,51.871280670166016,5.408278465270996,20.0,FALSE,151,25,6,2025-09-10 15:00:00.000000
3744337526,2023-12-04T17:45:36.467Z,Tutoring,de,44145,Dortmund,51.52400207519531,7.481665134429932,10.0,TRUE,1,8,0,2023-12-12 18:10:00.000000
2963309414,2023-12-04T16:12:32.632Z,Tutoring,nl,3582GD,Utrecht,52.07538604736328,5.138887405395508,5.0,TRUE,2,5,0,2024-02-16 12:00:00.000000
4182643369,2023-12-04T15:49:03.490Z,Tutoring,de,53111,Bonn,50.735660552978516,7.086751937866211,20.0,FALSE,46,8,6,2025-04-30 11:00:00.000000
3394582616,2023-12-04T15:48:30.948Z,Introducing,de,01237Dresden,Dresden,51.00886535644531,13.795890808105469,20.0,TRUE,0,5,0,1900-01-01 00:00:00.000005
45383559,2023-12-04T11:04:04.171Z,Tutoring,nl,1054LC,Amsterdam,52.35804748535156,4.859040260314941,3.5,FALSE,349,40,9,2026-03-24 13:00:00.000000
1849301939,2023-12-03T11:16:23.896Z,Tutoring,de,44809,Bochum,51.49735641479492,7.2119140625,10.0,TRUE,9,10,1,2024-02-01 17:00:00.000000
2677159799,2023-12-02T12:56:09.430Z,Chatting,nl,2641JR,Pijnacker,52.0185546875,4.437840461730957,20.0,TRUE,0,2,0,1900-01-01 00:00:00.000005
3239910736,2023-12-02T10:54:31.625Z,Tutoring,de,44269,Dortmund,51.4821891784668,7.546604156494141,20.0,TRUE,3,4,1,2024-02-07 17:30:00.000000
3014266423,2023-12-01T20:46:54.844Z,Active,de,48147,Münster,51.9713249206543,7.635332107543945,5.0,TRUE,0,0,0,1900-01-01 00:00:00.000005
2295956029,2023-12-01T20:04:39.966Z,Tutoring,nl,3722TH,Bilthoven,52.1265983581543,5.211887359619141,5.0,FALSE,4,3,1,2024-03-10 09:00:00.000000
1761545251,2023-12-01T16:54:16.133Z,Tutoring,de,76137,Karlsruhe,49.003475189208984,8.386943817138672,15.0,FALSE,25,14,2,2026-01-12 13:45:00.000000
3315645640,2023-12-01T16:29:53.637Z,Introducing,nl,8303DE,Emmeloord,52.71256637573242,5.732440948486328,20.0,TRUE,0,6,0,1900-01-01 00:00:00.000005
2161618928,2023-11-30T21:00:28.051Z,Tutoring,nl,1318RS,Almere,52.38077926635742,5.25862979888916,7.0,FALSE,95,27,4,2025-06-16 17:00:00.000000
2940435872,2023-11-30T15:35:02.950Z,Chatting,nl,8932BM,Leeuwarden,53.19319534301758,5.787022113800049,20.0,TRUE,0,1,0,1900-01-01 00:00:00.000005
2540355275,2023-11-30T12:38:02.373Z,Chatting,de,04249,Leipzig,51.29863739013672,12.326408386230469,7.0,TRUE,0,1,0,1900-01-01 00:00:00.000005
4272333240,2023-11-30T12:32:06.604Z,Chatting,nl,2721HL,Zoetermeer,52.05609893798828,4.5435991287231445,20.0,TRUE,0,3,0,1900-01-01 00:00:00.000005
2875831940,2023-11-30T12:31:51.983Z,Chatting,de,44357,Dortmund,51.56865310668945,7.373087406158447,3.5,TRUE,0,5,0,1900-01-01 00:00:00.000005
648665498,2023-11-30T10:03:07.090Z,Chatting,de,42697,Solingen,51.16022872924805,7.001841068267822,5.0,TRUE,0,1,0,1900-01-01 00:00:00.000005
4178139301,2023-11-29T20:29:09.880Z,Tutoring,nl,9755TA,Onnen,53.162906646728516,6.633699417114258,6.0,FALSE,9,3,3,2024-04-17 16:00:00.000000
2158648879,2023-11-29T13:19:01.108Z,Tutoring,de,36039,Fulda,50.57412338256836,9.662457466125488,20.0,FALSE,1,3,0,2023-12-17 12:00:00.000000
1771090612,2023-11-29T09:59:56.932Z,Tutoring,de,52066,Aachen,50.75859451293945,6.1078200340271,3.5,FALSE,245,16,15,2026-04-30 13:30:00.000000
1295040311,2023-11-29T07:13:14.708Z,Tutoring,de,48143,Münster,51.960205078125,7.627016067504883,10.0,FALSE,2,7,0,2024-01-17 13:00:00.000000
1387643624,2023-11-29T06:43:42.843Z,Tutoring,nl,6833AK,Arnhem,51.969791412353516,5.908734321594238,20.0,FALSE,55,6,9,2025-05-25 10:00:00.000000
3217026778,2023-11-28T21:24:37.317Z,Tutoring,nl,5104JA,Dongen,51.63179016113281,4.934409141540527,15.0,FALSE,23,7,3,2025-04-22 12:00:00.000000
2979771985,2023-11-28T18:57:48.960Z,Tutoring,nl,1531CA,Wormer,52.49543762207031,4.806726932525635,20.0,FALSE,30,4,8,2024-07-15 16:00:00.000000
1481711077,2023-11-28T18:08:53.073Z,Tutoring,de,40723,Hilden,51.161048889160156,6.951880931854248,5.0,TRUE,16,10,2,2024-06-03 15:00:00.000000
559253246,2023-11-28T15:24:01.478Z,Tutoring,nl,9145SP,Ternaard,53.38134002685547,5.968638896942139,20.0,TRUE,3,1,3,2024-01-15 13:00:00.000000
445651944,2023-11-28T13:23:10.861Z,Tutoring,nl,1012NK,Amsterdam,52.375003814697266,4.893494606018066,3.5,TRUE,28,17,2,2024-04-11 17:15:00.000000
1808922828,2023-11-28T12:12:29.359Z,Tutoring,nl,5583EC,Waalre,51.39759826660156,5.491411209106445,15.0,TRUE,6,11,1,2024-04-22 11:00:00.000000
2429828877,2023-11-27T22:34:28.010Z,Introducing,de,20253,Hamburg,53.58500289916992,9.969476699829102,6.0,TRUE,0,3,0,1900-01-01 00:00:00.000005
1280740069,2023-11-27T22:18:30.769Z,Tutoring,nl,2902KD,Capelle aan den IJssel,51.931121826171875,4.580263614654541,10.0,TRUE,14,19,1,2024-05-22 13:00:00.000000
1661713736,2023-11-27T19:21:01.165Z,Tutoring,de,44287,Dortmund,51.502681732177734,7.5561323165893555,20.0,FALSE,23,1,23,2024-09-23 13:30:00.000000
1987984359,2023-11-27T15:56:59.916Z,Chatting,de,76275,Ettlingen,48.94318771362305,8.396699905395508,20.0,TRUE,0,1,0,1900-01-01 00:00:00.000005
2364538429,2023-11-27T15:18:36.433Z,Chatting,nl,2613SW,Delft,52.00731658935547,4.350876331329346,5.0,TRUE,0,7,0,1900-01-01 00:00:00.000005
3821334814,2023-11-27T14:59:11.100Z,Tutoring,de,12049,Berlin,52.483245849609375,13.422931671142578,8.0,FALSE,4,4,1,2024-11-20 17:00:00.000000
2428983045,2023-11-27T14:13:16.176Z,Tutoring,de,81541,München,48.12620162963867,11.580289840698242,5.0,FALSE,8,1,8,2024-04-20 07:30:00.000000
1985332285,2023-11-27T13:33:53.236Z,Chatting,de,07973,Vogtländisches Oberland,50.584007263183594,12.147759437561035,20.0,TRUE,0,4,0,1900-01-01 00:00:00.000005
670600022,2023-11-27T10:33:04.987Z,Tutoring,nl,3411WV,Lopik,51.9747314453125,4.935029983520508,15.0,FALSE,6,5,1,2024-06-26 17:15:00.000000
1769640082,2023-11-27T09:06:24.624Z,Tutoring,de,22081,Hamburg,53.57674789428711,10.049834251403809,7.0,FALSE,47,9,5,2025-04-13 12:00:00.000000
1824373973,2023-11-26T23:04:44.129Z,Introducing,de,44894,Bochum,51.48910140991211,7.31082010269165,10.0,TRUE,0,3,0,1900-01-01 00:00:00.000005
340784815,2023-11-26T13:16:57.257Z,Tutoring,nl,1019BP,Amsterdam,52.373775482177734,4.937857151031494,4.0,FALSE,50,5,10,2024-10-16 13:30:00.000000
2898403536,2023-11-26T12:41:13.408Z,Introducing,de,66111,Saarbrücken,49.2369384765625,6.994673252105713,20.0,TRUE,0,15,0,1900-01-01 00:00:00.000005
3296092992,2023-11-25T17:33:33.553Z,Chatting,nl,6411GZ,Heerlen,50.88615798950195,5.984249114990234,20.0,TRUE,0,1,0,1900-01-01 00:00:00.000005
705007861,2023-11-25T13:19:08.709Z,Tutoring,de,76297,Stutensee,49.07231903076172,8.468480110168457,20.0,TRUE,36,4,9,2026-03-25 18:00:00.000000
167624503,2023-11-25T10:21:55.453Z,Tutoring,nl,2285HE,Rijswijk,52.03239059448242,4.304816246032715,3.5,FALSE,142,25,6,2026-02-27 15:00:00.000000
3217184075,2023-11-24T15:34:18.834Z,Chatting,de,76448,Durmersheim,48.93003463745117,8.268630981445312,20.0,TRUE,0,4,0,1900-01-01 00:00:00.000005
3055379784,2023-11-24T10:43:06.133Z,Chatting,de,44227,Dortmund,51.47760772705078,7.40362548828125,10.0,TRUE,0,1,0,1900-01-01 00:00:00.000005
760146512,2023-11-24T01:01:43.421Z,Chatting,nl,3035PJ,Rotterdam,51.93183517456055,4.480039119720459,7.0,TRUE,0,3,0,1900-01-01 00:00:00.000005
2851236565,2023-11-23T18:00:10.747Z,Tutoring,nl,3319BC,Dordrecht,51.79658889770508,4.698182582855225,4.0,TRUE,17,15,1,2024-11-21 18:15:00.000000
894260307,2023-11-23T16:30:40.963Z,Tutoring,de,04318,Leipzig,51.3402099609375,12.41746997833252,10.0,FALSE,13,5,3,2025-05-05 13:30:00.000000
193081250,2023-11-23T16:16:20.793Z,Tutoring,nl,3821BB,Amersfoort,52.17314910888672,5.407600402832031,5.0,FALSE,36,16,2,2024-08-26 16:00:00.000000
2049379762,2023-11-23T12:22:45.080Z,Tutoring,nl,3446XJ,Woerden,52.08039093017578,4.900681018829346,3.5,TRUE,2,8,0,2024-01-25 18:30:00.000000
138008449,2023-11-23T06:31:47.422Z,Tutoring,nl,6662TE,Elst,51.916168212890625,5.833535671234131,20.0,TRUE,16,16,1,2025-03-08 15:00:00.000000
3401150960,2023-11-22T20:55:04.711Z,Tutoring,de,30625,Hannover,52.37115478515625,9.786298751831055,5.0,FALSE,1,3,0,2023-12-12 17:00:00.000000
2782015394,2023-11-22T20:02:41.736Z,Tutoring,de,42285,Wuppertal,51.25459671020508,7.168069839477539,15.0,FALSE,76,20,4,2025-10-08 15:30:00.000000
803813737,2023-11-22T18:28:39.610Z,Tutoring,nl,7544LG,Enschede,52.184776306152344,6.878618240356445,5.0,TRUE,657,209,3,2026-03-01 13:00:00.000000
2692951168,2023-11-22T17:59:35.876Z,Tutoring,de,24116,Kiel,54.32951354980469,10.122090339660645,15.0,TRUE,43,18,2,2024-11-15 15:00:00.000000
1007868835,2023-11-22T17:46:24.546Z,Active,de,22335,Hamburg,53.630035400390625,10.017653465270996,3.5,TRUE,0,0,0,1900-01-01 00:00:00.000005
1511105135,2023-11-22T16:57:52.708Z,Tutoring,nl,9047jm,Minnertsga,53.25128173828125,5.598635196685791,20.0,FALSE,8,7,1,2024-10-23 13:00:00.000000
512970245,2023-11-22T16:43:10.321Z,Tutoring,de,14057,Berlin,52.503971099853516,13.296810150146484,5.0,TRUE,2,3,1,2024-01-19 15:00:00.000000
4272877706,2023-11-22T11:08:37.280Z,Tutoring,nl,7522ZA,Enschede,52.25145721435547,6.848199367523193,5.0,FALSE,258,24,11,2026-03-06 15:45:00.000000
3960551395,2023-11-22T07:04:48.855Z,Chatting,de,30449,Hannover,52.368988037109375,9.710951805114746,4.0,TRUE,0,2,0,1900-01-01 00:00:00.000005
464153539,2023-11-22T06:07:58.253Z,Tutoring,de,40470,Düsseldorf,51.26051330566406,6.809488773345947,7.0,TRUE,3,3,1,2024-03-14 15:15:00.000000
4129846946,2023-11-22T01:33:38.574Z,Chatting,de,22143,Hamburg,53.607234954833984,10.164604187011719,3.5,TRUE,0,5,0,1900-01-01 00:00:00.000005
2133265678,2023-11-21T20:24:04.275Z,Tutoring,nl,5628SC,Eindhoven,51.47815704345703,5.4771623611450195,5.0,FALSE,19,5,4,2024-09-20 13:30:00.000000
1233436791,2023-11-21T18:16:07.712Z,Chatting,de,22949,Ammersbek,53.67766189575195,10.146210670471191,10.0,TRUE,0,2,0,1900-01-01 00:00:00.000005
4118117897,2023-11-21T17:38:33.071Z,Tutoring,de,48163,Münster,51.92577362060547,7.56912899017334,15.0,FALSE,9,6,2,2024-04-15 15:00:00.000000
2666748677,2023-11-21T13:06:44.747Z,Tutoring,nl,1313AT,Almere,52.38233184814453,5.2030792236328125,3.5,TRUE,1,6,0,2023-12-16 09:30:00.000000
3214908964,2023-11-21T12:20:33.415Z,Tutoring,de,40599,Düsseldorf,51.177852630615234,6.871903896331787,10.0,FALSE,12,4,3,2024-05-20 13:00:00.000000
2485312672,2023-11-21T11:09:21.999Z,Chatting,de,76131,Karlsruhe,49.01263427734375,8.435172080993652,3.5,TRUE,0,1,0,1900-01-01 00:00:00.000005
1705823,2023-11-20T18:41:02.818Z,Chatting,nl,2321KT,Leiden,52.144927978515625,4.493459224700928,5.0,TRUE,0,1,0,1900-01-01 00:00:00.000005
3886649355,2023-11-20T18:00:51.778Z,Tutoring,de,37073,Göttingen,51.5355110168457,9.930990219116211,3.5,TRUE,10,16,1,2024-02-21 15:15:00.000000
1500196664,2023-11-20T16:48:49.662Z,Active,de,01187,Dresden,51.02863311767578,13.714475631713867,5.0,TRUE,0,0,0,1900-01-01 00:00:00.000005
4177179139,2023-11-20T16:07:31.286Z,Introducing,de,18055,Rostock,54.093074798583984,12.150738716125488,5.0,TRUE,0,2,0,1900-01-01 00:00:00.000005
1826371990,2023-11-19T21:25:03.213Z,Tutoring,de,44339,Dortmund,51.546630859375,7.478019714355469,3.5,TRUE,1,1,1,2023-12-14 16:00:00.000000
1256879207,2023-11-19T11:53:31.706Z,Tutoring,nl,2612HA,Delft,52.02018356323242,4.3568949699401855,6.0,TRUE,24,9,3,2025-06-18 14:00:00.000000
1291140189,2023-11-19T09:56:56.186Z,Active,nl,9561kg,Ter Apel,52.87911605834961,7.065225601196289,20.0,TRUE,0,0,0,1900-01-01 00:00:00.000005
97806723,2023-11-18T11:50:21.666Z,Tutoring,nl,7891NN,Klazienaveen,52.71172332763672,6.983607292175293,18.0,FALSE,3,7,0,2025-03-10 19:15:00.000000
3887879071,2023-11-17T18:04:28.151Z,Tutoring,de,86161,Augsburg,48.35702896118164,10.929656982421875,6.0,FALSE,80,14,6,2026-03-01 10:30:00.000000
3850867578,2023-11-17T17:08:20.849Z,Active,de,48161,Münster,51.97296142578125,7.575590133666992,6.5,TRUE,0,0,0,1900-01-01 00:00:00.000005
846094673,2023-11-17T11:35:35.198Z,Active,nl,1326LL,Almere,52.364994049072266,5.251840591430664,8.0,TRUE,0,0,0,1900-01-01 00:00:00.000005
2008850359,2023-11-17T08:54:47.700Z,Tutoring,de,22083,Hamburg,53.58460998535156,10.037240982055664,10.0,TRUE,14,16,1,2026-02-19 15:30:00.000000
3388041697,2023-11-17T08:36:13.586Z,Chatting,de,10437,Berlin,52.544307708740234,13.42162036895752,10.0,TRUE,0,1,0,1900-01-01 00:00:00.000005
4111401533,2023-11-16T18:44:25.154Z,Chatting,de,12279,Berlin,52.411293029785156,13.358856201171875,20.0,TRUE,0,2,0,1900-01-01 00:00:00.000005
4059255066,2023-11-16T18:11:14.361Z,Tutoring,nl,3817gc,Amersfoort,52.14067459106445,5.400230407714844,4.0,FALSE,112,15,7,2026-03-01 18:00:00.000000
932979663,2023-11-16T17:42:46.545Z,Tutoring,nl,3068AG,Rotterdam,51.95410919189453,4.535177230834961,20.0,FALSE,4,5,1,2024-01-18 17:15:00.000000
1118832830,2023-11-16T13:18:55.049Z,Tutoring,de,86316,Friedberg,48.353729248046875,10.98930835723877,15.0,FALSE,3,5,1,2024-05-09 10:00:00.000000
899085955,2023-11-16T12:51:31.096Z,Tutoring,nl,1625RA,Hoorn,52.6576042175293,5.066470623016357,10.0,FALSE,125,40,3,2025-07-18 07:15:00.000000
1821160919,2023-11-16T10:13:20.707Z,Tutoring,de,22527,Hamburg,53.6030387878418,9.911809921264648,15.0,FALSE,188,64,3,2026-02-23 16:15:00.000000
3152902078,2023-11-15T21:04:25.286Z,Tutoring,nl,2134AZ,Hoofddorp,52.297996520996094,4.638040542602539,4.0,TRUE,5,8,1,2024-03-26 13:00:00.000000
3952928578,2023-11-15T20:09:16.475Z,Tutoring,nl,2715GN,Zoetermeer,52.054168701171875,4.471338272094727,5.0,FALSE,111,21,5,2025-11-10 18:00:00.000000
3757255599,2023-11-15T19:29:20.496Z,Chatting,nl,1784WE,Den Helder,52.93944549560547,4.7385640144348145,10.0,TRUE,0,5,0,1900-01-01 00:00:00.000005
3563817511,2023-11-15T19:27:08.798Z,Tutoring,nl,1339MK,Almere,52.3963508605957,5.314521312713623,20.0,FALSE,105,17,6,2025-12-08 15:00:00.000000
3471078704,2023-11-15T14:59:40.208Z,Chatting,de,86199,Augsburg,48.33793640136719,10.862998008728027,3.5,TRUE,0,3,0,1900-01-01 00:00:00.000005
1257851279,2023-11-15T14:27:03.198Z,Tutoring,de,48159,Münster,52.00080871582031,7.597799777984619,15.0,TRUE,18,11,2,2026-02-27 17:00:00.000000
2028179051,2023-11-15T13:30:15.732Z,Tutoring,nl,2333CZ,Leiden,52.16553497314453,4.461474895477295,3.5,FALSE,183,28,7,2026-03-09 15:00:00.000000
2772018273,2023-11-15T11:42:17.241Z,Tutoring,nl,2313AG,Leiden,52.15069580078125,4.488580703735352,5.0,TRUE,23,14,2,2024-06-30 08:30:00.000000
2029480897,2023-11-15T09:55:46.451Z,Tutoring,nl,3319GK,Dordrecht,51.80173110961914,4.709423065185547,3.5,TRUE,24,14,2,2025-02-19 15:00:00.000000
3554419398,2023-11-15T09:41:36.329Z,Chatting,de,53177 Bonn,Bonn,50.665767669677734,7.1656107902526855,5.0,TRUE,0,2,0,1900-01-01 00:00:00.000005
503368873,2023-11-14T21:21:04.385Z,Chatting,de,39128,Magdeburg,52.15340805053711,11.61742877960205,15.0,TRUE,0,5,0,1900-01-01 00:00:00.000005
2050323170,2023-11-14T20:55:39.521Z,Tutoring,de,12107,Berlin,52.43598556518555,13.400803565979004,20.0,FALSE,25,12,2,2024-07-04 16:00:00.000000
1677784916,2023-11-14T14:50:48.039Z,Tutoring,de,44793,Bochum,51.47911071777344,7.190953254699707,5.0,FALSE,23,1,23,2025-01-06 17:00:00.000000
1901330235,2023-11-14T13:23:56.993Z,Chatting,de,65817,Eppstein,50.147369384765625,8.377538681030273,7.0,TRUE,0,1,0,1900-01-01 00:00:00.000005
2187476948,2023-11-13T19:15:02.838Z,Tutoring,nl,3073EL,Rotterdam,51.89558410644531,4.501320838928223,5.0,TRUE,11,12,1,2024-04-29 15:00:00.000000
3231928868,2023-11-13T17:33:57.304Z,Chatting,de,44143,Dortmund,51.51008605957031,7.528120040893555,4.0,TRUE,0,1,0,1900-01-01 00:00:00.000005
820180751,2023-11-13T17:01:02.886Z,Introducing,nl,1102MX,Amsterdam,52.322044372558594,4.955837726593018,5.0,TRUE,0,8,0,1900-01-01 00:00:00.000005
2396194045,2023-11-13T14:18:12.335Z,Tutoring,nl,6165BR,Geleen,50.963130950927734,5.826249599456787,3.5,FALSE,1713,449,4,2026-04-23 11:30:00.000000
3354090951,2023-11-13T10:15:05.012Z,Chatting,de,40219,Düsseldorf,51.2164306640625,6.769153118133545,5.0,TRUE,0,2,0,1900-01-01 00:00:00.000005
84040823,2023-11-13T09:44:49.565Z,Tutoring,de,76131,Karlsruhe,49.01601791381836,8.421760559082031,10.0,FALSE,4,4,1,2024-11-28 17:30:00.000000
2878755223,2023-11-13T09:31:47.479Z,Tutoring,nl,2628CK,Delft,52.00045394897461,4.376770496368408,6.0,FALSE,139,24,6,2026-02-28 13:30:00.000000
760345473,2023-11-13T09:04:41.864Z,Tutoring,de,40477,Düsseldorf,51.23741149902344,6.793770790100098,20.0,TRUE,30,15,2,2024-11-21 14:00:00.000000
1494379186,2023-11-13T08:44:15.758Z,Tutoring,nl,9726ER,Groningen,53.213409423828125,6.552389144897461,5.0,TRUE,12,11,1,2024-01-11 14:30:00.000000
1138988971,2023-11-12T21:13:14.396Z,Chatting,de,85301,Schweitenkirchen,48.47018051147461,11.618824005126953,10.0,TRUE,0,1,0,1900-01-01 00:00:00.000005
2034630649,2023-11-12T16:55:34.098Z,Tutoring,de,81929,München,48.1676139831543,11.654573440551758,10.0,FALSE,13,7,2,2024-01-29 18:00:00.000000
432468439,2023-11-12T00:40:04.566Z,Tutoring,nl,4331CV,Middelburg,51.50246047973633,3.6134626865386963,20.0,TRUE,52,26,2,2024-06-26 16:30:00.000000
818649101,2023-11-11T19:02:41.872Z,Tutoring,de,04315,Leipzig,51.347389221191406,12.40597152709961,4.0,FALSE,25,7,4,2024-06-26 17:15:00.000000
3464566271,2023-11-11T14:03:33.685Z,Tutoring,de,13585,Berlin,52.54780578613281,13.200921058654785,14.0,TRUE,110,49,2,2025-10-01 16:00:00.000000
3784304195,2023-11-11T10:49:14.784Z,Tutoring,nl,8934BL,Leeuwarden,53.19264602661133,5.805824279785156,5.0,FALSE,3,5,1,2024-03-07 14:30:00.000000
4042522779,2023-11-11T10:08:24.306Z,Introducing,de,86153,Augsburg,48.371036529541016,10.914928436279297,5.0,TRUE,0,2,0,1900-01-01 00:00:00.000005
3629425018,2023-11-11T08:40:20.518Z,Tutoring,de,99089,Erfurt,50.98557662963867,11.020092010498047,10.0,FALSE,42,9,5,2024-06-20 13:00:00.000000
176636471,2023-11-10T23:16:03.278Z,Chatting,de,82110,Germering,48.134986877441406,11.364985466003418,5.0,TRUE,0,2,0,1900-01-01 00:00:00.000005
4103148414,2023-11-10T21:20:41.904Z,Tutoring,de,59075,Hamm,51.7064094543457,7.765015125274658,10.0,TRUE,1,4,0,2023-12-14 18:00:00.000000
3681018938,2023-11-10T20:31:39.534Z,Tutoring,nl,1402LC,Bussum,52.27259826660156,5.166999816894531,10.0,FALSE,293,77,4,2026-03-30 18:00:00.000000
2192902129,2023-11-10T19:44:31.060Z,Tutoring,de,12685,Berlin,52.54066848754883,13.545016288757324,15.0,FALSE,44,3,15,2024-06-13 13:15:00.000000
1552355938,2023-11-10T19:42:10.944Z,Chatting,de,76275,Ettlingen,48.95085906982422,8.384873390197754,20.0,TRUE,0,1,0,1900-01-01 00:00:00.000005
36893200,2023-11-10T12:31:28.793Z,Tutoring,nl,2596XR,'s-Gravenhage,52.089595794677734,4.320693016052246,4.0,TRUE,20,13,2,2024-05-18 13:00:00.000000
3723053815,2023-11-10T10:43:53.152Z,Tutoring,nl,8539SL,Echtenerbrug,52.871978759765625,5.819878101348877,20.0,FALSE,1,1,1,2023-12-21 15:00:00.000000
1935299059,2023-11-10T07:07:27.815Z,Tutoring,de,48149,Münster,51.95551300048828,7.598171234130859,3.5,FALSE,22,6,4,2024-05-09 08:00:00.000000
3320819990,2023-11-09T19:07:27.047Z,Tutoring,de,89537,Giengen an der Brenz,48.615516662597656,10.22265911102295,3.5,FALSE,75,31,2,2026-02-23 14:00:00.000000
3658590623,2023-11-09T10:05:34.094Z,Tutoring,nl,5642LC,Eindhoven,51.43791961669922,5.518306732177734,6.0,FALSE,2,1,2,2023-11-27 19:00:00.000000
2089319692,2023-11-09T08:34:53.979Z,Chatting,nl,6814GL,Arnhem,51.98896408081055,5.892290115356445,10.0,TRUE,0,1,0,1900-01-01 00:00:00.000005
996085201,2023-11-08T20:58:02.045Z,Tutoring,de,37073,Göttingen,51.53486633300781,9.937808990478516,3.5,FALSE,165,53,3,2026-04-13 14:30:00.000000
2432261968,2023-11-08T18:08:03.852Z,Introducing,nl,4631NL,Hoogerheide,51.43024444580078,4.319061756134033,20.0,TRUE,0,5,0,1900-01-01 00:00:00.000005
1178968661,2023-11-08T17:19:26.130Z,Chatting,de,12051,Berlin,52.46598434448242,13.426644325256348,11.0,TRUE,0,4,0,1900-01-01 00:00:00.000005
3940046012,2023-11-08T17:10:53.815Z,Chatting,nl,7552JD,Hengelo,52.26189422607422,6.828678131103516,4.0,TRUE,0,1,0,1900-01-01 00:00:00.000005
3239119493,2023-11-08T16:15:35.476Z,Chatting,de,48153,Münster,51.946537017822266,7.62624454498291,3.5,TRUE,0,1,0,1900-01-01 00:00:00.000005
3465460968,2023-11-08T15:32:52.180Z,Tutoring,de,21109,Hamburg,53.50197982788086,10.011509895324707,10.0,TRUE,17,13,1,2024-05-01 15:00:00.000000
3853167713,2023-11-08T13:39:29.151Z,Tutoring,nl,2613HZ,Delft,52.00177001953125,4.351406097412109,5.0,TRUE,3,13,0,2023-11-29 15:45:00.000000
21304944,2023-11-07T23:13:51.981Z,Tutoring,nl,1183AB,Amstelveen,52.31925582885742,4.871873378753662,10.0,TRUE,16,25,1,2024-03-18 16:00:00.000000
554578505,2023-11-07T20:24:14.362Z,Introducing,de,37581,Bad Gandersheim,51.86191940307617,10.041272163391113,5.0,TRUE,0,7,0,1900-01-01 00:00:00.000005
199193989,2023-11-07T15:10:25.323Z,Tutoring,nl,2761MH,Zevenhuizen,52.00725555419922,4.5968499183654785,10.0,TRUE,15,9,2,2025-03-23 18:00:00.000000
3383669990,2023-11-07T15:03:56.641Z,Tutoring,nl,6521LK,Nijmegen,51.839786529541016,5.877164840698242,20.0,TRUE,3,7,0,2024-01-31 17:30:00.000000
3383160367,2023-11-07T10:31:22.178Z,Tutoring,de,09669,Frankenberg/Sa.,50.88719177246094,13.087686538696289,20.0,TRUE,38,23,2,2026-05-07 16:00:00.000000
1194635973,2023-11-07T09:12:46.339Z,Chatting,de,04279,Leipzig,51.29347610473633,12.38515567779541,5.0,TRUE,0,2,0,1900-01-01 00:00:00.000005
2377119592,2023-11-06T23:43:45.685Z,Tutoring,nl,4285XE,Woudrichem,51.81188201904297,4.9924750328063965,10.0,FALSE,129,30,4,2026-03-04 18:00:00.000000
1029826921,2023-11-06T18:44:49.247Z,Chatting,nl,1521DS,Wormerveer,52.492042541503906,4.790554046630859,10.0,TRUE,0,4,0,1900-01-01 00:00:00.000005
2894359105,2023-11-06T15:10:45.883Z,Tutoring,de,76199,Karlsruhe,48.97074508666992,8.410541534423828,15.0,TRUE,2,10,0,2024-01-25 15:15:00.000000
2522785327,2023-11-06T13:47:40.870Z,Chatting,de,10707,Berlin,52.496543884277344,13.31167984008789,3.5,TRUE,0,1,0,1900-01-01 00:00:00.000005
3112699004,2023-11-06T11:12:03.572Z,Chatting,de,40472,Düsseldorf,51.26807403564453,6.798343181610107,10.0,TRUE,0,1,0,1900-01-01 00:00:00.000005
3053278773,2023-11-06T09:57:50.654Z,Tutoring,nl,3573BN,Utrecht,52.10966873168945,5.147934436798096,10.0,FALSE,19,9,2,2024-04-18 13:30:00.000000
2530499179,2023-11-06T09:14:50.587Z,Tutoring,de,45525,Hattingen,51.3865966796875,7.1736626625061035,10.0,FALSE,252,46,5,2026-07-31 14:30:00.000000
3087858072,2023-11-06T08:10:48.865Z,Tutoring,de,24118,Kiel,54.338714599609375,10.129770278930664,5.5,FALSE,10,4,3,2024-05-24 13:00:00.000000
3421403703,2023-11-06T00:43:22.070Z,Tutoring,de,69126,Heidelberg,49.383766174316406,8.685495376586914,5.0,FALSE,110,31,4,2026-02-25 16:00:00.000000
2606977608,2023-11-05T22:10:37.869Z,Introducing,de,85716,Unterschleißheim,48.28911209106445,11.580109596252441,20.0,TRUE,0,7,0,1900-01-01 00:00:00.000005
1084625167,2023-11-05T20:24:43.669Z,Tutoring,de,76189,Karlsruhe,48.99461364746094,8.349966049194336,15.0,FALSE,32,10,3,2024-06-04 15:00:00.000000
3976142683,2023-11-05T19:03:28.317Z,Tutoring,nl,2273VE,Voorburg,52.077877044677734,4.35411262512207,5.0,FALSE,114,37,3,2026-02-25 14:15:00.000000
2444171663,2023-11-05T18:26:15.190Z,Tutoring,de,15890,Eisenhüttenstadt,52.14527893066406,14.625399589538574,8.0,TRUE,1,5,0,2024-05-05 13:00:00.000000
3216148429,2023-11-05T18:14:00.336Z,Chatting,de,10115,Berlin,52.52399826049805,13.399733543395996,10.0,TRUE,0,6,0,1900-01-01 00:00:00.000005
1721764408,2023-11-05T18:03:15.692Z,Tutoring,de,96052,Bamberg,49.909549713134766,10.916348457336426,10.0,TRUE,4,3,1,2024-01-31 15:30:00.000000
3867578873,2023-11-05T17:48:33.660Z,Tutoring,nl,2563CH,'s-Gravenhage,52.0750846862793,4.275043964385986,4.0,FALSE,1,4,0,2023-11-29 13:00:00.000000
1883676071,2023-11-05T13:26:07.766Z,Chatting,de,76709 Kronau,Kronau,49.224822998046875,8.637083053588867,20.0,TRUE,0,6,0,1900-01-01 00:00:00.000005
166418653,2023-11-04T16:00:11.707Z,Chatting,de,04107,Leipzig,51.32490539550781,12.379332542419434,5.0,TRUE,0,2,0,1900-01-01 00:00:00.000005
537838020,2023-11-04T10:40:14.064Z,Introducing,de,56329,Sankt Goar,50.14571762084961,7.708374500274658,12.0,TRUE,0,4,0,1900-01-01 00:00:00.000005
599656574,2023-11-03T11:45:59.474Z,Tutoring,nl,3881DA,Putten,52.263755798339844,5.615571022033691,15.0,FALSE,57,14,4,2024-06-19 13:45:00.000000
3352198293,2023-11-03T10:43:31.101Z,Tutoring,nl,2215TJ,Voorhout,52.242393493652344,4.492435932159424,8.5,FALSE,39,11,4,2025-02-28 18:30:00.000000
1641454660,2023-11-03T10:28:53.791Z,Tutoring,de,Dresden,Dresden,51.05851745605469,13.65535831451416,10.0,FALSE,109,11,10,2026-03-04 16:00:00.000000
1850099425,2023-11-03T10:23:39.948Z,Introducing,de,44225,Dortmund,51.47360610961914,7.446146011352539,5.0,TRUE,0,6,0,1900-01-01 00:00:00.000005
937442787,2023-11-03T09:23:51.573Z,Tutoring,nl,6717zn,Ede,52.021236419677734,5.684202671051025,5.0,TRUE,26,23,1,2024-05-13 17:30:00.000000
4086227920,2023-11-03T08:55:15.871Z,Chatting,de,48145,Münster,51.95551300048828,7.646394729614258,10.0,TRUE,0,7,0,1900-01-01 00:00:00.000005
1038309554,2023-11-02T17:50:05.480Z,Tutoring,de,65428,Rüsselsheim am Main,49.96501922607422,8.449799537658691,15.0,TRUE,6,6,1,2024-03-13 17:30:00.000000
3340315758,2023-11-02T14:04:55.383Z,Tutoring,de,10405,Berlin,52.539493560791016,13.425732612609863,3.5,FALSE,180,10,18,2026-02-24 13:45:00.000000
149638322,2023-11-02T14:00:34.058Z,Tutoring,de,79108,Freiburg im Breisgau,48.024166107177734,7.8577446937561035,8.0,TRUE,3,2,2,2023-12-22 13:00:00.000000
2046099492,2023-11-02T12:21:21.659Z,Tutoring,nl,4793KE,Fijnaart,51.639610290527344,4.474912643432617,5.0,FALSE,1,5,0,2023-11-07 10:00:00.000000
3876884456,2023-11-02T11:18:09.484Z,Chatting,de,04317,Leipzig,51.33247375488281,12.402393341064453,10.0,TRUE,0,4,0,1900-01-01 00:00:00.000005
2167391260,2023-11-01T22:47:33.302Z,Tutoring,de,22415,Hamburg,53.64259338378906,10.02127742767334,10.0,TRUE,1,2,1,2024-02-04 17:15:00.000000
847404207,2023-11-01T19:04:25.984Z,Tutoring,de,38126,Braunschweig,52.2418212890625,10.586162567138672,15.0,TRUE,3,3,1,2025-01-16 15:00:00.000000
1904994110,2023-11-01T16:06:32.923Z,Chatting,de,04103,Leipzig,51.34046173095703,12.394024848937988,5.0,TRUE,0,1,0,1900-01-01 00:00:00.000005
2156948792,2023-11-01T15:38:18.238Z,Introducing,de,01069,Dresden,51.045814514160156,13.737849235534668,5.0,TRUE,0,1,0,1900-01-01 00:00:00.000005
665070382,2023-11-01T15:11:35.628Z,Chatting,de,40591,Düsseldorf,51.180728912353516,6.806202411651611,10.0,TRUE,0,3,0,1900-01-01 00:00:00.000005
3359033299,2023-10-31T21:11:50.798Z,Tutoring,nl,7535DR,Enschede,52.217384338378906,6.926583766937256,5.0,FALSE,73,6,12,2026-02-19 15:00:00.000000
101169611,2023-10-31T19:46:41.591Z,Introducing,de,44139,Dortmund,51.499855041503906,7.471983432769775,20.0,TRUE,0,0,0,1900-01-01 00:00:00.000005
578796991,2023-10-31T17:30:52.492Z,Chatting,de,75053,Gondelsheim,49.06193923950195,8.658909797668457,19.899999618530273,TRUE,0,2,0,1900-01-01 00:00:00.000005
4102503331,2023-10-31T16:21:59.506Z,Tutoring,de,28215,Bremen,53.10097885131836,8.826000213623047,5.0,FALSE,163,55,3,2026-03-25 15:00:00.000000
1438711513,2023-10-30T21:43:40.558Z,Introducing,nl,2023JT,Haarlem,52.39918899536133,4.628943920135498,7.5,TRUE,0,8,0,1900-01-01 00:00:00.000005
428919999,2023-10-30T19:10:41.112Z,Tutoring,nl,3522BH,Utrecht,52.071842193603516,5.113536357879639,4.0,FALSE,42,4,11,2025-06-17 13:45:00.000000
2994516109,2023-10-30T18:40:09.589Z,Active,de,52064,Aachen,50.76808166503906,6.088133335113525,5.0,TRUE,0,0,0,1900-01-01 00:00:00.000005
3899422608,2023-10-30T18:32:00.514Z,Tutoring,nl,1019RS,Amsterdam,52.37949752807617,4.923347473144531,3.5,TRUE,11,18,1,2023-12-18 15:15:00.000000
1137324849,2023-10-30T13:04:14.613Z,Tutoring,nl,2548wg,'s-Gravenhage,52.022884368896484,4.2993035316467285,5.0,TRUE,1,8,0,2023-11-09 19:00:00.000000
3797569171,2023-10-30T11:43:30.577Z,Tutoring,nl,2611BD,Delft,52.008697509765625,4.358112335205078,10.0,FALSE,38,12,3,2024-03-18 15:00:00.000000
4174694089,2023-10-29T20:34:15.929Z,Tutoring,nl,2262XB,Leidschendam,52.09169387817383,4.392448902130127,10.0,TRUE,5,14,0,2024-08-27 15:15:00.000000
664386536,2023-10-29T13:31:52.562Z,Tutoring,nl,2264JT,Leidschendam,52.094337463378906,4.406574726104736,3.5,FALSE,108,21,5,2025-11-04 18:00:00.000000
2995150534,2023-10-29T13:17:42.836Z,Tutoring,de,40880,Ratingen,51.297119140625,6.817123889923096,8.0,FALSE,7,3,2,2024-01-23 16:00:00.000000
1585262559,2023-10-28T19:42:25.434Z,Active,de,04179,Leipzig,51.34499740600586,12.321219444274902,12.0,TRUE,0,0,0,1900-01-01 00:00:00.000005
1799407600,2023-10-28T19:19:21.840Z,Tutoring,de,85716,Unterschleißheim,48.28911209106445,11.580109596252441,15.0,FALSE,89,14,6,2026-03-05 14:30:00.000000
3483613039,2023-10-28T19:08:36.491Z,Active,de,04155,Leipzig,51.36163330078125,12.368577003479004,10.0,TRUE,0,0,0,1900-01-01 00:00:00.000005
1352952385,2023-10-28T18:44:31.324Z,Tutoring,de,65439,Flörsheim am Main,50.02071762084961,8.425268173217773,10.0,FALSE,18,4,5,2024-06-04 15:30:00.000000
1599014651,2023-10-28T18:14:41.232Z,Tutoring,nl,2635LE,Den Hoorn,52.00387954711914,4.338707447052002,3.5,FALSE,73,25,3,2025-06-24 17:30:00.000000
3553017301,2023-10-28T18:14:06.753Z,Introducing,nl,3703 BS,Zeist,52.078399658203125,5.228304386138916,10.0,TRUE,0,1,0,1900-01-01 00:00:00.000005
2485651310,2023-10-28T13:55:55.837Z,Chatting,de,70619,Stuttgart,48.74678039550781,9.235774993896484,5.900000095367432,TRUE,0,2,0,1900-01-01 00:00:00.000005
3136058741,2023-10-28T12:13:43.722Z,Introducing,nl,7848BG,Schoonoord,52.846839904785156,6.756209850311279,20.0,TRUE,0,9,0,1900-01-01 00:00:00.000005
1354529181,2023-10-27T20:59:23.126Z,Tutoring,nl,7523HG,Enschede,52.2401237487793,6.887262344360352,4.0,TRUE,75,41,2,2025-06-22 17:00:00.000000
3284755441,2023-10-27T11:23:52.836Z,Tutoring,nl,8911AD,Leeuwarden,53.19736099243164,5.790215015411377,15.0,FALSE,100,6,17,2025-07-01 17:00:00.000000
2432513128,2023-10-27T10:31:34.978Z,Chatting,de,18055,Rostock,54.09056854248047,12.139202117919922,5.0,TRUE,0,1,0,1900-01-01 00:00:00.000005
1755521107,2023-10-26T15:41:21.392Z,Active,nl,5046PZ,Tilburg,51.57125473022461,5.070112705230713,3.5,TRUE,0,0,0,1900-01-01 00:00:00.000005
1478926839,2023-10-26T14:33:17.769Z,Chatting,nl,1095MS,Amsterdam,52.37209701538086,4.965283393859863,8.0,TRUE,0,10,0,1900-01-01 00:00:00.000005
3788762671,2023-10-26T05:45:40.477Z,Chatting,de,26129,Oldenburg,53.139259338378906,8.16308307647705,3.5,TRUE,0,3,0,1900-01-01 00:00:00.000005
2316405890,2023-10-25T18:34:54.664Z,Tutoring,nl,3533XH,Utrecht,52.08494567871094,5.088755130767822,8.0,FALSE,35,8,4,2024-07-01 13:30:00.000000
397877844,2023-10-25T18:29:34.247Z,Tutoring,de,76137,Karlsruhe,49.00168228149414,8.411195755004883,7.0,FALSE,37,3,12,2025-06-25 14:00:00.000000
1575835240,2023-10-25T15:42:52.736Z,Tutoring,de,48151,Münster,51.94340133666992,7.620285511016846,5.0,FALSE,1,3,0,2023-11-14 16:00:00.000000
1931465763,2023-10-25T13:00:54.124Z,Tutoring,de,40233,Düsseldorf,51.2239990234375,6.803781986236572,8.0,TRUE,147,58,3,2026-03-20 16:00:00.000000
3935153492,2023-10-25T12:38:29.934Z,Tutoring,nl,2492ME,'s-Gravenhage,52.06501388549805,4.406870365142822,5.0,FALSE,334,94,4,2026-04-05 10:00:00.000000
2995156718,2023-10-25T10:28:35.939Z,Active,nl,5122CH,Rijen,51.5843391418457,4.932681083679199,15.0,TRUE,0,0,0,1900-01-01 00:00:00.000005
2659463515,2023-10-25T09:11:33.078Z,Tutoring,de,81739,München,48.08650207519531,11.672220230102539,6.0,FALSE,72,6,12,2024-05-30 14:30:00.000000
817876316,2023-10-25T05:35:04.079Z,Chatting,de,26135,Oldenburg,53.1037483215332,8.242338180541992,8.0,TRUE,0,3,0,1900-01-01 00:00:00.000005
835253810,2023-10-24T19:29:48.660Z,Tutoring,nl,7534LA,Enschede,52.21104431152344,6.957408428192139,6.0,TRUE,2,9,0,2024-04-11 11:30:00.000000
4146275023,2023-10-24T19:00:21.960Z,Tutoring,de,86156,Augsburg,48.37525177001953,10.85521125793457,3.5,TRUE,14,10,1,2025-06-10 16:00:00.000000
3339712286,2023-10-24T18:30:23.044Z,Tutoring,de,65197,Wiesbaden,50.0782585144043,8.221545219421387,13.0,FALSE,11,3,4,2024-06-13 16:00:00.000000
3267979701,2023-10-24T16:13:44.684Z,Tutoring,de,60435,Frankfurt am Main,50.1494255065918,8.690189361572266,5.0,FALSE,34,7,5,2024-06-12 13:00:00.000000
3865368675,2023-10-24T15:34:41.842Z,Tutoring,de,12163,Berlin,52.46561050415039,13.319985389709473,4.5,TRUE,3,10,0,2023-12-23 10:00:00.000000
2216921435,2023-10-24T09:00:32.318Z,Tutoring,nl,8271TM,IJsselmuiden,52.56855010986328,5.928393840789795,20.0,TRUE,35,21,2,2024-03-21 15:00:00.000000
2499097522,2023-10-24T07:51:41.542Z,Tutoring,de,04315,Leipzig,51.34367370605469,12.41972541809082,7.5,FALSE,6,3,2,2024-01-09 18:00:00.000000
147794220,2023-10-23T16:09:31.295Z,Introducing,de,65239,Hochheim am Main,50.016883850097656,8.346320152282715,10.0,TRUE,0,4,0,1900-01-01 00:00:00.000005
3352746818,2023-10-23T16:04:06.255Z,Tutoring,de,22457,Hamburg,53.6456298828125,9.922245025634766,6.0,FALSE,24,9,3,2025-07-17 14:30:00.000000
1687365997,2023-10-23T15:39:14.435Z,Tutoring,de,63454,Hanau,50.17657470703125,8.882133483886719,20.0,TRUE,1,2,1,2023-12-05 13:00:00.000000
1024388104,2023-10-23T15:01:49.515Z,Tutoring,de,97074,Würzburg,49.77937316894531,9.966365814208984,15.0,FALSE,49,16,3,2025-01-05 14:00:00.000000
270999829,2023-10-23T12:50:22.514Z,Tutoring,nl,1318RK,Almere,52.38218307495117,5.2599196434021,3.5,TRUE,7,13,1,2023-12-20 18:00:00.000000
3029358712,2023-10-23T09:57:16.862Z,Tutoring,de,10407,Berlin,52.53065872192383,13.434359550476074,3.5,TRUE,8,5,2,2024-02-19 16:30:00.000000
1690763341,2023-10-23T08:41:45.695Z,Tutoring,nl,2135JD,Hoofddorp,52.29853439331055,4.674350738525391,5.0,TRUE,6,7,1,2024-02-04 18:00:00.000000
4038913673,2023-10-23T07:58:00.431Z,Chatting,de,86153,Augsburg,48.36293411254883,10.90684986114502,4.0,TRUE,0,1,0,1900-01-01 00:00:00.000005
902850859,2023-10-22T19:01:30.400Z,Active,nl,2036AB,Haarlem,52.355224609375,4.654301166534424,6.5,TRUE,0,0,0,1900-01-01 00:00:00.000005
420857429,2023-10-22T17:54:22.825Z,Tutoring,de,37083,Göttingen,51.5225715637207,9.939927101135254,4.0,FALSE,8,3,3,2024-04-21 09:00:00.000000
111300816,2023-10-22T10:36:07.896Z,Tutoring,de,45128,Essen,51.449256896972656,7.020654201507568,10.0,TRUE,1,5,0,2024-04-23 15:00:00.000000
1172546741,2023-10-22T00:27:43.032Z,Tutoring,nl,7944gd,Meppel,52.68413162231445,6.1794939041137695,10.0,TRUE,11,7,2,2024-01-02 13:00:00.000000
73650925,2023-10-21T14:35:30.324Z,Tutoring,de,45329,Essen,51.50714874267578,7.0116729736328125,15.0,FALSE,5,4,1,2024-04-07 13:30:00.000000
808187045,2023-10-21T13:57:29.112Z,Tutoring,nl,2591CA,'s-Gravenhage,52.093116760253906,4.364953994750977,20.0,TRUE,5,18,0,2023-11-07 20:30:00.000000
1897542437,2023-10-21T13:07:33.922Z,Chatting,nl,2351PH,Leiderdorp,52.149208068847656,4.524761199951172,4.0,TRUE,0,2,0,1900-01-01 00:00:00.000005
6207063,2023-10-21T10:32:31.647Z,Tutoring,de,14197,Berlin,52.46965408325195,13.31621265411377,9.0,FALSE,11,9,1,2024-05-07 15:15:00.000000
2376901536,2023-10-20T16:27:36.124Z,Introducing,de,53113,Bonn,50.726036071777344,7.10202693939209,3.5,TRUE,0,1,0,1900-01-01 00:00:00.000005
3339801639,2023-10-20T15:28:38.509Z,Chatting,nl,1052SG,Amsterdam,52.372337341308594,4.873246192932129,10.0,TRUE,0,4,0,1900-01-01 00:00:00.000005
944067570,2023-10-20T11:01:14.644Z,Tutoring,nl,1991XA,Velserbroek,52.427459716796875,4.659707546234131,8.0,FALSE,1,5,0,2023-10-29 15:00:00.000000
1880418230,2023-10-19T20:30:36.504Z,Introducing,de,96052,Bamberg,49.89885330200195,10.896393775939941,3.5,TRUE,0,3,0,1900-01-01 00:00:00.000005
2329588916,2023-10-19T19:45:44.995Z,Tutoring,de,30952,Ronnenberg,52.313358306884766,9.653239250183105,7.0,TRUE,1,2,1,2023-11-02 17:00:00.000000
1876776542,2023-10-19T16:49:05.695Z,Tutoring,nl,2135JV,Hoofddorp,52.293758392333984,4.671560287475586,6.0,FALSE,79,2,40,2025-06-29 08:00:00.000000
2338863450,2023-10-19T16:02:54.696Z,Chatting,de,53919,Weilerswist,50.709537506103516,6.796856880187988,10.0,TRUE,0,4,0,1900-01-01 00:00:00.000005
1310295421,2023-10-19T09:24:18.252Z,Chatting,nl,6217BJ,Maastricht,50.858638763427734,5.662481784820557,10.0,TRUE,0,2,0,1900-01-01 00:00:00.000005
1349253206,2023-10-19T07:44:44.731Z,Tutoring,nl,8442BX,Heerenveen,52.957637786865234,5.925678730010986,12.0,FALSE,102,8,13,2026-02-18 17:30:00.000000
428129867,2023-10-18T20:28:30.478Z,Tutoring,de,74072,Heilbronn,49.138248443603516,9.21147346496582,15.0,FALSE,82,10,8,2026-04-08 12:00:00.000000
2420897858,2023-10-18T19:29:13.492Z,Tutoring,nl,7661PG,Vasse,52.434200286865234,6.826851844787598,20.0,FALSE,1,4,0,2023-11-07 16:15:00.000000
4078493023,2023-10-18T14:52:43.431Z,Tutoring,nl,2131pv,Hoofddorp,52.30635070800781,4.683474540710449,15.0,FALSE,2,2,1,2023-11-06 18:00:00.000000
3668854542,2023-10-18T13:34:16.869Z,Tutoring,nl,8333DD,Steenwijk,52.78158950805664,6.150639533996582,15.0,FALSE,8,5,2,2024-01-31 15:30:00.000000
1776853073,2023-10-18T11:02:36.917Z,Tutoring,nl,3069KN,Rotterdam,51.96977233886719,4.547346591949463,10.0,FALSE,15,7,2,2024-01-30 15:00:00.000000
3384977306,2023-10-17T21:24:57.581Z,Tutoring,nl,3743 AR,Baarn,52.217472076416016,5.266601085662842,20.0,FALSE,70,14,5,2025-01-26 09:15:00.000000
2698116921,2023-10-17T20:28:06.491Z,Tutoring,nl,2995XK,Heerjansdam,51.82505798339844,4.581152439117432,5.0,TRUE,50,21,2,2024-11-08 16:00:00.000000
117891460,2023-10-17T19:49:05.298Z,Tutoring,nl,2593CG,'s-Gravenhage,52.08293533325195,4.3417134284973145,20.0,FALSE,309,77,4,2026-03-31 18:00:00.000000
1587069421,2023-10-17T16:21:58.987Z,Tutoring,nl,1098XE,Amsterdam,52.3556022644043,4.9476704597473145,5.0,TRUE,4,7,1,2024-03-15 13:30:00.000000
38544547,2023-10-17T13:51:49.423Z,Tutoring,nl,6542LT,Nijmegen,51.839500427246094,5.837896347045898,4.0,FALSE,48,2,24,2025-03-26 16:00:00.000000
368941124,2023-10-17T08:09:14.784Z,Tutoring,de,55232,Alzey,49.74628448486328,8.118094444274902,4.0,FALSE,59,4,15,2025-07-14 13:00:00.000000
506351315,2023-10-17T00:12:37.686Z,Chatting,de,40822,Mettmann,51.2504997253418,6.974513530731201,3.5,TRUE,0,1,0,1900-01-01 00:00:00.000005
2298357509,2023-10-16T21:54:14.228Z,Chatting,de,30449,Hannover,52.35792922973633,9.719454765319824,7.0,TRUE,0,1,0,1900-01-01 00:00:00.000005
2206486653,2023-10-16T20:30:54.986Z,Tutoring,nl,1853AV,Heiloo,52.589813232421875,4.698564529418945,5.0,TRUE,4,11,0,2023-11-21 18:00:00.000000
1974967091,2023-10-16T19:02:45.804Z,Tutoring,nl,3582VT,Utrecht,52.0809440612793,5.13248872756958,10.0,FALSE,2,6,0,2023-11-01 18:30:00.000000
2584473184,2023-10-16T14:51:42.582Z,Chatting,de,33775,Versmold,52.04475402832031,8.163189888000488,10.0,TRUE,0,2,0,1900-01-01 00:00:00.000005
427301216,2023-10-16T14:02:50.481Z,Tutoring,nl,3572VT,Utrecht,52.0988883972168,5.135213375091553,12.0,TRUE,65,40,2,2025-06-01 10:30:00.000000
4188840212,2023-10-16T09:44:27.758Z,Tutoring,nl,1097AH,Amsterdam,52.35231018066406,4.9225897789001465,6.0,FALSE,2,4,1,2023-11-14 13:30:00.000000
3511727947,2023-10-15T21:40:21.249Z,Introducing,de,21073,Hamburg,53.45742416381836,9.977296829223633,3.5,TRUE,0,6,0,1900-01-01 00:00:00.000005
721119265,2023-10-15T21:40:04.966Z,Introducing,de,48161,Münster,52.0212516784668,7.561733722686768,10.0,TRUE,0,4,0,1900-01-01 00:00:00.000005
1368411377,2023-10-15T21:15:22.715Z,Tutoring,nl,4844RM,Terheijden,51.64440155029297,4.752107620239258,15.0,FALSE,8,5,2,2024-02-24 14:00:00.000000
1812531230,2023-10-15T19:03:59.485Z,Tutoring,nl,3641HW,Mijdrecht,52.2049446105957,4.857296943664551,5.0,FALSE,174,32,5,2026-01-27 14:30:00.000000
1812488558,2023-10-15T18:40:11.676Z,Tutoring,nl,3123ND,Schiedam,51.93947219848633,4.371903896331787,5.0,TRUE,16,12,1,2024-03-26 16:30:00.000000
3243397214,2023-10-15T13:54:05.719Z,Tutoring,nl,2515HP,'s-Gravenhage,52.069725036621094,4.311972141265869,4.0,FALSE,29,7,4,2024-03-09 12:30:00.000000
3647505447,2023-10-15T13:40:07.670Z,Tutoring,de,40591,Düsseldorf,51.200618743896484,6.811758995056152,10.0,FALSE,25,11,2,2026-01-15 14:00:00.000000
841471998,2023-10-14T15:29:23.158Z,Tutoring,nl,1446CW,Purmerend,52.50655746459961,4.991743087768555,3.5,TRUE,4,10,0,2024-01-31 13:00:00.000000
3937022386,2023-10-14T13:27:48.868Z,Tutoring,nl,1102JB,Amsterdam,52.307861328125,4.962644577026367,5.0,FALSE,1,10,0,2024-01-05 15:00:00.000000
2520805612,2023-10-14T12:05:29.125Z,Tutoring,de,40239,Düsseldorf,51.245445251464844,6.802341938018799,12.0,FALSE,4,4,1,2024-04-16 13:30:00.000000
2163398040,2023-10-13T20:05:23.259Z,Tutoring,nl,2541TJ,'s-Gravenhage,52.047096252441406,4.2830634117126465,9.0,FALSE,451,46,10,2026-03-07 12:30:00.000000
2751567769,2023-10-12T21:37:37.552Z,Chatting,de,66386,Sankt Ingbert,49.262245178222656,7.103724002838135,10.0,TRUE,0,1,0,1900-01-01 00:00:00.000005
1475260996,2023-10-12T20:46:08.345Z,Active,nl,3038VG,Rotterdam,51.935752868652344,4.46246337890625,4.5,TRUE,0,0,0,1900-01-01 00:00:00.000005
643157040,2023-10-12T15:06:23.516Z,Chatting,de,12207,Berlin,52.419822692871094,13.305591583251953,15.0,TRUE,0,3,0,1900-01-01 00:00:00.000005
868466747,2023-10-12T14:12:56.707Z,Tutoring,nl,4818PC,Breda,51.5762939453125,4.777076244354248,7.0,TRUE,14,19,1,2024-03-28 15:00:00.000000
2184075951,2023-10-12T12:34:12.796Z,Introducing,nl,5662vp,Geldrop,51.43067932128906,5.541295528411865,10.0,TRUE,0,6,0,1900-01-01 00:00:00.000005
343980128,2023-10-12T12:10:01.014Z,Tutoring,de,10315,Berlin,52.5126953125,13.528911590576172,15.0,FALSE,1,2,1,2023-11-15 15:00:00.000000
2542398454,2023-10-12T10:24:55.891Z,Chatting,nl,5126HZ,Gilze,51.54545211791992,4.93543815612793,20.0,TRUE,0,4,0,1900-01-01 00:00:00.000005
2676675394,2023-10-12T08:35:20.129Z,Chatting,de,01259,Dresden,50.992164611816406,13.875688552856445,8.0,TRUE,0,3,0,1900-01-01 00:00:00.000005
1274686010,2023-10-11T19:27:07.707Z,Tutoring,de,30173,Hannover,52.36104202270508,9.760865211486816,10.0,FALSE,103,2,52,2026-02-28 11:30:00.000000
923377959,2023-10-10T14:30:36.956Z,Chatting,de,39108,Magdeburg,52.125267028808594,11.609177589416504,8.0,TRUE,0,3,0,1900-01-01 00:00:00.000005
1085727044,2023-10-10T13:03:17.046Z,Tutoring,nl,7543TM,Enschede,52.20842742919922,6.87760066986084,6.0,FALSE,199,18,11,2026-02-03 19:30:00.000000
2954245072,2023-10-10T09:19:00.772Z,Tutoring,de,04159,Leipzig,51.36793899536133,12.348732948303223,15.0,TRUE,7,3,2,2024-09-18 13:15:00.000000
2015061859,2023-10-09T17:48:46.156Z,Tutoring,nl,6535VM,Nijmegen,51.80542755126953,5.831292629241943,15.0,FALSE,133,5,27,2026-02-26 16:00:00.000000
125512214,2023-10-09T16:28:29.873Z,Tutoring,nl,1093WZ,Amsterdam,52.361717224121094,4.926969051361084,3.5,FALSE,51,2,26,2024-11-13 15:00:00.000000
4150604223,2023-10-09T14:35:30.428Z,Chatting,nl,2642AT,Pijnacker,52.01438522338867,4.4430084228515625,10.0,TRUE,0,2,0,1900-01-01 00:00:00.000005
361474199,2023-10-09T12:50:22.110Z,Tutoring,de,30451,Hannover,52.370872497558594,9.710643768310547,4.0,FALSE,3,4,1,2023-11-26 10:00:00.000000
3505080009,2023-10-09T12:22:45.477Z,Chatting,de,04103,Leipzig,51.325870513916016,12.389283180236816,15.0,TRUE,0,2,0,1900-01-01 00:00:00.000005
3123999357,2023-10-09T10:46:28.627Z,Tutoring,nl,4731DC,Oudenbosch,51.589717864990234,4.540046215057373,20.0,FALSE,57,14,4,2024-05-21 18:00:00.000000
2297195172,2023-10-09T10:27:18.608Z,Tutoring,nl,9723la ,Groningen,53.21660232543945,6.582963466644287,12.0,TRUE,15,16,1,2024-01-19 16:00:00.000000
3736337141,2023-10-09T09:39:22.830Z,Tutoring,nl,3608AR,Maarssen,52.126216888427734,5.028059959411621,5.0,TRUE,2,11,0,2024-02-06 16:15:00.000000
3357300339,2023-10-08T22:08:14.996Z,Tutoring,nl,3087XE,Rotterdam,51.895851135253906,4.467019557952881,3.5,FALSE,90,33,3,2025-05-20 17:00:00.000000
3807139812,2023-10-08T13:39:46.544Z,Active,de,04229,Leipzig,51.32094192504883,12.338364601135254,5.0,TRUE,0,0,0,1900-01-01 00:00:00.000005
2215361259,2023-10-08T10:53:38.048Z,Chatting,de,80469,München,48.13230514526367,11.577960014343262,10.0,TRUE,0,1,0,1900-01-01 00:00:00.000005
579806818,2023-10-08T10:13:25.611Z,Tutoring,de,54295,Trier,49.75395965576172,6.678599834442139,20.0,FALSE,108,27,4,2026-03-03 15:45:00.000000
465574960,2023-10-08T07:55:22.846Z,Tutoring,de,91054,Erlangen,49.60286331176758,11.003222465515137,5.0,TRUE,23,14,2,2025-10-16 13:45:00.000000
2972267229,2023-10-07T17:57:32.867Z,Tutoring,de,60599,Frankfurt am Main,50.10042953491211,8.721053123474121,10.0,FALSE,1,6,0,2023-11-01 17:00:00.000000
805458111,2023-10-07T16:52:19.792Z,Tutoring,nl,9724HC,Groningen,53.21062469482422,6.5815629959106445,7.5,FALSE,215,47,5,2026-03-01 18:00:00.000000
3534710448,2023-10-07T16:20:51.697Z,Introducing,de,24159,Kiel,54.39728546142578,10.167975425720215,6.0,TRUE,0,3,0,1900-01-01 00:00:00.000005
1555040692,2023-10-07T13:06:26.999Z,Tutoring,nl,2223TM,Katwijk,52.19558334350586,4.4262261390686035,8.0,FALSE,60,19,3,2025-12-17 15:30:00.000000
3172698267,2023-10-07T12:15:00.762Z,Tutoring,nl,9449PM,Nooitgedacht,52.96918869018555,6.662508487701416,20.0,FALSE,284,76,4,2026-03-06 15:30:00.000000
626708293,2023-10-06T23:11:57.909Z,Tutoring,nl,2564TJ,'s-Gravenhage,52.0688591003418,4.256554126739502,3.5,TRUE,6,8,1,2024-01-26 14:00:00.000000
2101349062,2023-10-06T19:41:38.595Z,Tutoring,nl,1314HB,Almere,52.380130767822266,5.207674503326416,10.0,TRUE,10,5,2,2023-12-12 16:00:00.000000
332551220,2023-10-06T18:45:12.955Z,Tutoring,nl,1948AN,Beverwijk,52.4877815246582,4.690357685089111,10.0,TRUE,28,11,3,2024-04-14 17:00:00.000000
382666790,2023-10-06T17:36:52.549Z,Tutoring,de,78467,Konstanz,47.68324279785156,9.157388687133789,4.0,FALSE,86,12,7,2026-03-13 15:00:00.000000
2632651468,2023-10-06T15:34:47.916Z,Introducing,nl,7431JM,Diepenveen,52.29740524291992,6.151470184326172,20.0,TRUE,0,20,0,1900-01-01 00:00:00.000005
2559209279,2023-10-06T11:34:19.584Z,Active,de,48151,Münster,51.94664764404297,7.617764949798584,10.0,TRUE,0,0,0,1900-01-01 00:00:00.000005
2763347345,2023-10-06T08:17:23.654Z,Tutoring,de,86356,Neusäß,48.38513946533203,10.815155982971191,12.0,FALSE,51,20,3,2024-11-09 10:00:00.000000
582003043,2023-10-06T00:41:19.479Z,Chatting,nl,1611CE,Bovenkarspel,52.690895080566406,5.253147602081299,10.0,TRUE,0,1,0,1900-01-01 00:00:00.000005
675938489,2023-10-05T19:35:29.603Z,Tutoring,nl,9231ML,Surhuisterveen,53.17463684082031,6.162877559661865,10.0,FALSE,1,4,0,2023-10-13 17:15:00.000000
196508915,2023-10-05T18:28:13.497Z,Tutoring,nl,1521JN,Wormerveer,52.49470520019531,4.791410446166992,4.5,FALSE,126,48,3,2026-01-22 16:15:00.000000
2603644228,2023-10-05T15:06:25.890Z,Tutoring,de,33611,Bielefeld,52.044673919677734,8.55759048461914,10.0,TRUE,60,29,2,2026-02-01 11:30:00.000000
3273761102,2023-10-05T13:56:13.526Z,Tutoring,nl,6717LS,Ede,52.01919174194336,5.666755199432373,15.0,TRUE,42,20,2,2025-05-22 17:15:00.000000
679918645,2023-10-05T11:15:13.888Z,Chatting,de,04275,Leipzig,51.31748962402344,12.380067825317383,5.0,TRUE,0,4,0,1900-01-01 00:00:00.000005
3497203402,2023-10-04T15:35:25.831Z,Tutoring,nl,9712RC,Groningen,53.22502899169922,6.561790943145752,4.0,FALSE,4,3,1,2023-11-21 19:00:00.000000
606853675,2023-10-04T13:48:16.735Z,Introducing,de,65193,Wiesbaden,50.1016960144043,8.25046443939209,15.0,TRUE,0,1,0,1900-01-01 00:00:00.000005
2978983339,2023-10-04T12:25:04.705Z,Tutoring,nl,2102EJ,Heemstede,52.35123062133789,4.6258368492126465,4.0,FALSE,60,16,4,2025-06-19 17:00:00.000000
2515401606,2023-10-04T11:11:10.346Z,Chatting,de,10317,Berlin,52.5056266784668,13.477579116821289,5.0,TRUE,0,1,0,1900-01-01 00:00:00.000005
2274060235,2023-10-04T10:50:02.644Z,Tutoring,de,34246,Vellmar,51.354393005371094,9.448992729187012,10.0,FALSE,11,7,2,2024-02-07 14:00:00.000000
2268563779,2023-10-04T07:32:24.525Z,Tutoring,de,42551,Velbert,51.33870315551758,7.068226337432861,3.5,TRUE,46,21,2,2025-09-19 15:00:00.000000
3349582850,2023-10-03T20:47:16.826Z,Tutoring,nl,2625JT,Delft,51.98942565917969,4.3428239822387695,7.0,FALSE,98,6,16,2026-01-31 16:00:00.000000
4260691524,2023-10-03T17:44:00.827Z,Tutoring,de,91052,Erlangen,49.59524917602539,11.034050941467285,20.0,FALSE,27,9,3,2024-04-09 17:00:00.000000
2805620386,2023-10-03T14:27:43.266Z,Introducing,de,01108,Dresden,51.13593673706055,13.796436309814453,5.0,TRUE,0,3,0,1900-01-01 00:00:00.000005
2342259391,2023-10-03T13:14:10.880Z,Tutoring,nl,3114ge,Schiedam,51.908119201660156,4.406894207000732,5.0,FALSE,55,4,14,2024-07-11 14:00:00.000000
3969454687,2023-10-03T12:47:42.808Z,Chatting,de,01127,Dresden,51.07655715942383,13.728676795959473,5.0,TRUE,0,1,0,1900-01-01 00:00:00.000005
4256237007,2023-10-03T12:01:09.281Z,Chatting,de,04317,Leipzig,51.33072280883789,12.4038724899292,4.0,TRUE,0,1,0,1900-01-01 00:00:00.000005
3493831529,2023-10-03T10:34:40.444Z,Tutoring,de,30519,Hannover,52.33342742919922,9.762092590332031,5.0,FALSE,39,1,39,2025-05-18 14:00:00.000000
1890210404,2023-10-03T09:26:29.457Z,Tutoring,nl,9718SJ,Groningen,53.21464157104492,6.543110370635986,5.0,FALSE,79,21,4,2025-05-11 14:00:00.000000
54970183,2023-10-03T05:40:29.208Z,Chatting,de,40627,Düsseldorf,51.21822738647461,6.859224796295166,10.0,TRUE,0,1,0,1900-01-01 00:00:00.000005
2855376747,2023-10-03T00:01:31.438Z,Chatting,de,25421,Pinneberg,53.65332794189453,9.787680625915527,10.0,TRUE,0,6,0,1900-01-01 00:00:00.000005
2703864462,2023-10-02T22:20:06.473Z,Introducing,de,40625,Düsseldorf,51.23811721801758,6.8489603996276855,20.0,TRUE,0,2,0,1900-01-01 00:00:00.000005
272377232,2023-10-02T18:27:26.820Z,Tutoring,nl,1312gc,Almere,52.37439727783203,5.185524940490723,5.0,TRUE,24,15,2,2024-10-17 15:00:00.000000
2300174546,2023-10-02T15:49:55.682Z,Chatting,de,30449,Hannover,52.36729431152344,9.706005096435547,7.0,TRUE,0,2,0,1900-01-01 00:00:00.000005
745123932,2023-10-02T15:25:55.784Z,Tutoring,nl,6581JV,Malden,51.77402114868164,5.857348918914795,10.0,TRUE,8,5,2,2024-05-27 18:00:00.000000
1237479256,2023-10-02T14:01:43.600Z,Introducing,de,30167,Hannover,52.38957977294922,9.716999053955078,8.0,TRUE,0,1,0,1900-01-01 00:00:00.000005
2073027054,2023-10-02T09:38:53.807Z,Tutoring,nl,3181NM,Rozenburg,51.909141540527344,4.2405853271484375,3.5,FALSE,122,50,2,2025-06-25 17:00:00.000000
3981633587,2023-10-02T09:01:52.742Z,Introducing,de,12524,Berlin,52.40367126464844,13.545777320861816,15.0,TRUE,0,3,0,1900-01-01 00:00:00.000005
1352902851,2023-10-02T06:20:11.022Z,Chatting,de,30419,Hannover,52.40920639038086,9.665088653564453,4.0,TRUE,0,2,0,1900-01-01 00:00:00.000005
2292691773,2023-10-01T17:52:11.927Z,Tutoring,nl,1018AD,Amsterdam,52.36613082885742,4.921989917755127,5.599999904632568,FALSE,36,18,2,2024-07-16 14:00:00.000000
3310709817,2023-10-01T16:16:05.710Z,Tutoring,de,40235,Düsseldorf,51.23221969604492,6.814916610717773,10.0,FALSE,215,15,14,2026-03-05 15:00:00.000000
1467272522,2023-10-01T13:41:08.188Z,Introducing,nl,2285vv,Rijswijk,52.034366607666016,4.313992500305176,20.0,TRUE,0,4,0,1900-01-01 00:00:00.000005
3422061184,2023-10-01T13:27:56.365Z,Chatting,de,48151,Münster,51.952945709228516,7.610838413238525,5.0,TRUE,0,4,0,1900-01-01 00:00:00.000005
1678195928,2023-10-01T13:19:47.462Z,Introducing,de,44145,Dortmund,51.52527618408203,7.483845233917236,20.0,TRUE,0,2,0,1900-01-01 00:00:00.000005
3496867957,2023-10-01T12:50:42.760Z,Active,nl,1985HJ,Driehuis NH,52.44618225097656,4.637617111206055,4.0,TRUE,0,0,0,1900-01-01 00:00:00.000005
956334112,2023-09-30T19:52:18.481Z,Tutoring,nl,6229TB,Maastricht,50.83112335205078,5.708573818206787,10.0,FALSE,94,15,6,2025-09-05 15:00:00.000000
3322660223,2023-09-30T14:10:06.651Z,Introducing,de,76149,Karlsruhe,49.046546936035156,8.376524925231934,20.0,TRUE,0,1,0,1900-01-01 00:00:00.000005
988589170,2023-09-29T20:42:00.561Z,Tutoring,de,16225,Eberswalde,52.82170104980469,13.82157039642334,4.0,FALSE,4,6,1,2024-07-14 13:00:00.000000
462131659,2023-09-29T19:39:13.903Z,Chatting,de,33615,Bielefeld,52.029544830322266,8.526579856872559,8.0,TRUE,0,2,0,1900-01-01 00:00:00.000005
1595695869,2023-09-29T19:37:10.248Z,Chatting,de,10249,Berlin,52.52347183227539,13.453060150146484,8.0,TRUE,0,3,0,1900-01-01 00:00:00.000005
1244344683,2023-09-29T14:30:13.632Z,Tutoring,de,30627,Hannover,52.398948669433594,9.819857597351074,6.0,FALSE,135,37,4,2026-03-03 16:30:00.000000
1374133248,2023-09-29T08:16:38.493Z,Tutoring,nl,1826GK,Alkmaar,52.659461975097656,4.762014389038086,10.0,FALSE,12,5,2,2024-02-14 15:30:00.000000
2533387298,2023-09-28T21:39:48.072Z,Tutoring,de,52074,Aachen,50.78461456298828,6.054189205169678,3.5,FALSE,20,7,3,2023-12-19 13:00:00.000000
2864125334,2023-09-28T15:58:00.859Z,Tutoring,nl,2203NG,Noordwijk,52.244998931884766,4.448441505432129,10.0,FALSE,214,17,13,2026-02-23 18:00:00.000000
80415163,2023-09-28T13:29:56.682Z,Tutoring,nl,2333DJ,Leiden,52.16872787475586,4.471293926239014,3.5,TRUE,9,10,1,2024-02-29 19:15:00.000000
3200639750,2023-09-27T22:12:39.200Z,Tutoring,nl,1185GV,Amstelveen,52.294677734375,4.855692386627197,20.0,TRUE,23,31,1,2024-02-22 11:00:00.000000
2463258183,2023-09-27T22:04:49.869Z,Tutoring,nl,1788RT,Julianadorp,52.88832473754883,4.741425514221191,20.0,FALSE,514,109,5,2026-03-31 17:00:00.000000
3325190275,2023-09-27T22:02:30.790Z,Tutoring,nl,2522PD,'s-Gravenhage,52.063568115234375,4.325545787811279,15.0,FALSE,1,3,0,2023-10-06 16:00:00.000000
2997091996,2023-09-27T19:02:34.989Z,Tutoring,de,06132,Halle (Saale),51.431087493896484,11.996986389160156,10.0,FALSE,7,2,4,2024-06-23 09:00:00.000000
4059428792,2023-09-27T16:47:36.386Z,Tutoring,nl,3059PE,Rotterdam,51.983333587646484,4.589572906494141,7.0,TRUE,11,11,1,2025-06-29 14:00:00.000000
3322160680,2023-09-27T12:20:38.184Z,Chatting,de,34128,Kassel,51.33584976196289,9.465718269348145,10.0,TRUE,0,3,0,1900-01-01 00:00:00.000005
1150664075,2023-09-27T11:34:26.364Z,Chatting,de,28277,Bremen,53.04252243041992,8.81802749633789,5.0,TRUE,0,1,0,1900-01-01 00:00:00.000005
3631363099,2023-09-26T17:46:54.660Z,Tutoring,nl,1069NS,Amsterdam,52.35468292236328,4.779727935791016,10.0,TRUE,2,2,1,2023-12-14 22:00:00.000000
2936432182,2023-09-26T15:30:03.686Z,Tutoring,de,12169,Berlin,52.453636169433594,13.338322639465332,20.0,TRUE,4,6,1,2024-12-22 16:30:00.000000
2604610351,2023-09-26T13:58:17.088Z,Chatting,de,76139,Karlsruhe,49.03889465332031,8.446853637695312,6.0,TRUE,0,3,0,1900-01-01 00:00:00.000005
4162643229,2023-09-26T11:24:44.944Z,Tutoring,de,30451,Hannover,52.37500762939453,9.70207691192627,4.0,FALSE,1,2,1,2023-10-18 15:00:00.000000
2723717213,2023-09-26T10:05:31.280Z,Active,de,04420,Markranstädt,51.30574035644531,12.231690406799316,10.0,TRUE,0,0,0,1900-01-01 00:00:00.000005
959589505,2023-09-25T11:26:25.916Z,Tutoring,nl,6983HE,Doesburg,52.00083541870117,6.123510837554932,15.0,FALSE,107,41,3,2025-10-24 12:45:00.000000
1542965502,2023-09-25T09:52:38.877Z,Chatting,de,31655,Stadthagen,52.32827377319336,9.213973045349121,20.0,TRUE,0,2,0,1900-01-01 00:00:00.000005
1141187304,2023-09-25T05:23:19.087Z,Chatting,de,39124,Magdeburg,52.16132736206055,11.634225845336914,5.0,TRUE,0,3,0,1900-01-01 00:00:00.000005
2030218715,2023-09-24T18:23:19.403Z,Chatting,nl,2591SK,'s-Gravenhage,52.094181060791016,4.36972713470459,12.5,TRUE,0,2,0,1900-01-01 00:00:00.000005
1612771862,2023-09-24T17:33:56.384Z,Active,de,52355,Düren,50.777320861816406,6.47300910949707,15.0,TRUE,0,0,0,1900-01-01 00:00:00.000005
964376380,2023-09-24T13:33:17.201Z,Tutoring,nl,9711EK,Groningen,53.21553039550781,6.574732303619385,20.0,FALSE,139,38,4,2026-01-17 09:00:00.000000
3580116794,2023-09-23T18:26:29.252Z,Active,de,04299,Leipzig,51.3227653503418,12.414629936218262,6.0,TRUE,0,0,0,1900-01-01 00:00:00.000005
203476155,2023-09-23T18:08:53.575Z,Tutoring,nl,4176bw,Tuil,51.8242301940918,5.243894577026367,3.5,FALSE,51,8,6,2025-10-26 14:00:00.000000
1189271789,2023-09-23T17:16:59.672Z,Tutoring,de,22089,Hamburg,53.57221221923828,10.049473762512207,10.0,FALSE,1,3,0,2023-10-08 14:00:00.000000
314110463,2023-09-23T14:09:42.593Z,Chatting,nl,2552Jt,'s-Gravenhage,52.04819869995117,4.239180088043213,10.0,TRUE,0,8,0,1900-01-01 00:00:00.000005
2900748274,2023-09-23T11:11:31.303Z,Tutoring,de,31515,Wunstorf,52.41981506347656,9.42810344696045,15.0,FALSE,13,1,13,2024-03-17 08:00:00.000000
1209517009,2023-09-22T14:03:06.203Z,Chatting,de,49090,Osnabrück,52.296329498291016,7.990666389465332,10.0,TRUE,0,3,0,1900-01-01 00:00:00.000005
651112304,2023-09-21T19:49:44.203Z,Tutoring,nl,6225KH,Maastricht,50.85837173461914,5.736181735992432,5.0,FALSE,202,68,3,2026-04-05 08:30:00.000000
1006985977,2023-09-21T17:27:51.676Z,Tutoring,de,52070,Aachen,50.792484283447266,6.119081974029541,5.0,FALSE,2,7,0,2024-03-20 15:30:00.000000
3128887775,2023-09-21T14:23:37.833Z,Tutoring,de,40233 ,Düsseldorf,51.227542877197266,6.8084893226623535,3.5,TRUE,80,38,2,2026-02-25 18:15:00.000000
3151157648,2023-09-21T14:17:06.827Z,Tutoring,de,90461,Nürnberg,49.42395782470703,11.089798927307129,15.0,FALSE,14,3,5,2024-01-12 15:00:00.000000
3503398545,2023-09-21T13:30:22.631Z,Chatting,de,45884,Gelsenkirchen,51.49026107788086,7.078817367553711,5.0,TRUE,0,3,0,1900-01-01 00:00:00.000005
3974699048,2023-09-21T13:06:46.408Z,Introducing,de,66787,Wadgassen,49.256805419921875,6.7946295738220215,20.0,TRUE,0,2,0,1900-01-01 00:00:00.000005
948683948,2023-09-21T10:56:13.745Z,Tutoring,nl,2525BB,'s-Gravenhage,52.06821823120117,4.297908782958984,10.0,TRUE,73,42,2,2024-05-20 16:15:00.000000
2745890808,2023-09-21T00:43:01.742Z,Chatting,de,85748,Garching bei München,48.24958419799805,11.612553596496582,20.0,TRUE,0,4,0,1900-01-01 00:00:00.000005
1309889097,2023-09-20T21:40:08.607Z,Tutoring,nl,6532XP,Nijmegen,51.831298828125,5.834709644317627,3.5,TRUE,1,2,1,2023-11-02 17:15:00.000000
817992594,2023-09-20T17:25:13.883Z,Tutoring,de,76139,Karlsruhe,49.03799819946289,8.444890022277832,10.0,FALSE,1,1,1,2023-11-09 18:45:00.000000
3218360571,2023-09-20T13:25:44.943Z,Active,nl,3012HV,Rotterdam,51.92052459716797,4.476130962371826,7.0,TRUE,0,0,0,1900-01-01 00:00:00.000005
2442509464,2023-09-20T07:30:51.776Z,Tutoring,nl,1931BS,Egmond aan Zee,52.61989974975586,4.627574443817139,20.0,TRUE,4,3,1,2023-12-12 17:00:00.000000
1684120471,2023-09-20T00:44:20.959Z,Tutoring,de,60599,Frankfurt am Main,50.099979400634766,8.70289421081543,15.0,FALSE,33,7,5,2024-06-25 13:00:00.000000
3465348810,2023-09-19T23:18:22.718Z,Tutoring,nl,1851AJ,Heiloo,52.61664962768555,4.724651336669922,8.0,TRUE,34,8,4,2024-10-24 13:30:00.000000
1467902551,2023-09-19T18:56:32.368Z,Chatting,de,81245,München,48.16502380371094,11.453729629516602,5.0,TRUE,0,2,0,1900-01-01 00:00:00.000005
4066149020,2023-09-19T16:21:10.109Z,Tutoring,de,01067,Dresden,51.05679702758789,13.723140716552734,20.0,FALSE,4,5,1,2024-01-30 16:00:00.000000
1491424599,2023-09-19T15:04:11.526Z,Tutoring,de,22083,Hamburg,53.57735061645508,10.022600173950195,5.0,TRUE,34,12,3,2025-06-11 13:30:00.000000
1680028474,2023-09-19T13:41:12.531Z,Tutoring,nl,2911HB,Nieuwerkerk aan den IJssel,51.96025848388672,4.610725402832031,5.0,TRUE,25,18,1,2024-06-25 13:00:00.000000
150536280,2023-09-19T09:25:12.266Z,Tutoring,nl,3818DP,Amersfoort,52.146785736083984,5.379213809967041,8.0,FALSE,8,4,2,2024-02-07 17:30:00.000000
738759810,2023-09-18T21:47:51.809Z,Introducing,de,48155,Münster,51.95227813720703,7.666979789733887,7.0,TRUE,0,4,0,1900-01-01 00:00:00.000005
3237918675,2023-09-18T19:15:37.866Z,Chatting,nl,2573AC,'s-Gravenhage,52.067752838134766,4.27907133102417,4.0,TRUE,0,1,0,1900-01-01 00:00:00.000005
52796145,2023-09-18T18:27:47.003Z,Tutoring,nl,4907GR,Oosterhout,51.65671157836914,4.856888294219971,10.0,TRUE,138,44,3,2026-03-03 18:00:00.000000
2018912755,2023-09-18T18:13:20.312Z,Tutoring,nl,2651LV,Berkel en Rodenrijs,52.009132385253906,4.482677459716797,3.5,FALSE,73,17,4,2025-07-03 16:30:00.000000
4206537844,2023-09-18T18:03:07.458Z,Tutoring,nl,2901pa,Capelle aan den IJssel,51.91788101196289,4.5717949867248535,3.5,TRUE,55,21,3,2024-06-21 13:45:00.000000
1585703481,2023-09-18T17:52:20.913Z,Tutoring,nl,1687VK,Wognum,52.68354034423828,5.0178327560424805,10.0,FALSE,39,8,5,2025-11-24 15:30:00.000000
1878073342,2023-09-18T11:42:24.905Z,Tutoring,nl,3511KJ,Utrecht,52.089332580566406,5.120879650115967,5.5,FALSE,23,10,2,2024-12-17 19:00:00.000000
3250037242,2023-09-18T11:09:24.177Z,Tutoring,de,04178,Leipzig,51.353023529052734,12.296609878540039,7.0,FALSE,7,7,1,2024-01-15 17:00:00.000000
654986475,2023-09-18T10:53:53.505Z,Introducing,de,80997,München,48.2130241394043,11.466919898986816,5.0,TRUE,0,4,0,1900-01-01 00:00:00.000005
3233931613,2023-09-18T09:34:22.343Z,Tutoring,de,22303,Hamburg,53.58610153198242,10.024710655212402,5.0,FALSE,21,6,4,2024-05-28 15:00:00.000000
1893931945,2023-09-18T09:06:15.185Z,Introducing,nl,6454BD,Jabeek,50.978694915771484,5.94059419631958,10.0,TRUE,0,2,0,1900-01-01 00:00:00.000005
4170053092,2023-09-17T19:43:46.966Z,Tutoring,de,01129,Dresden,51.09391784667969,13.733216285705566,10.0,FALSE,64,19,3,2025-08-25 14:00:00.000000
1487114249,2023-09-17T17:47:10.513Z,Tutoring,nl,6211NX,Maastricht,50.84926223754883,5.684800148010254,5.0,FALSE,47,2,24,2024-12-11 17:15:00.000000
3852947985,2023-09-17T15:11:41.037Z,Tutoring,nl,6841KA,Arnhem,51.969146728515625,5.89454460144043,4.0,TRUE,9,7,1,2024-02-25 16:00:00.000000
2334879970,2023-09-17T13:09:50.057Z,Tutoring,nl,1633JJ,Avenhorn,52.62238311767578,4.9440226554870605,10.0,FALSE,2,2,1,2023-10-10 12:15:00.000000
10810624,2023-09-17T11:54:23.934Z,Tutoring,nl,6852TA,Huissen,51.939144134521484,5.914682865142822,15.0,FALSE,53,6,9,2024-05-29 13:15:00.000000
2842936751,2023-09-17T10:05:13.461Z,Tutoring,nl,8401EN,Gorredijk,53.01049041748047,6.064243316650391,10.0,FALSE,128,17,8,2026-04-23 13:30:00.000000
2036960110,2023-09-17T09:59:58.270Z,Tutoring,nl,3453PH,De Meern,52.08277893066406,5.018086910247803,3.5,TRUE,1,5,0,2023-12-16 11:00:00.000000
4294157224,2023-09-17T09:34:05.121Z,Introducing,de,22453,Hamburg,53.63855743408203,9.974783897399902,8.0,TRUE,0,3,0,1900-01-01 00:00:00.000005
1083545572,2023-09-17T04:40:24.662Z,Active,de,82256,Fürstenfeldbruck,48.19010543823242,11.258913040161133,10.0,TRUE,0,0,0,1900-01-01 00:00:00.000005
3985972203,2023-09-16T14:40:50.248Z,Tutoring,nl,2921AG,Krimpen aan den IJssel,51.90837860107422,4.588723182678223,3.5,FALSE,242,59,4,2026-02-28 10:00:00.000000
2525291920,2023-09-15T16:51:29.290Z,Tutoring,nl,2353VS,Leiderdorp,52.17027282714844,4.527867794036865,5.0,FALSE,38,7,5,2024-06-19 15:30:00.000000
3194186759,2023-09-15T14:06:34.436Z,Tutoring,de,48145,Münster,51.956668853759766,7.643173694610596,3.700000047683716,FALSE,9,8,1,2024-04-07 14:00:00.000000
3920950287,2023-09-15T11:43:30.694Z,Tutoring,nl,4731MX,Oudenbosch,51.592124938964844,4.520021438598633,20.0,TRUE,13,21,1,2024-02-07 15:00:00.000000
1161221232,2023-09-15T08:05:57.832Z,Active,de,01277,Dresden,51.0303840637207,13.772250175476074,5.0,TRUE,0,0,0,1900-01-01 00:00:00.000005
3333695116,2023-09-14T19:32:52.568Z,Active,de,09337,Hohenstein-Ernstthal,50.8004150390625,12.725337982177734,10.0,TRUE,0,0,0,1900-01-01 00:00:00.000005
527927512,2023-09-14T19:30:21.375Z,Tutoring,de,48151,Münster,51.95372772216797,7.62147855758667,20.0,FALSE,3,3,1,2023-10-30 09:15:00.000000
3077153147,2023-09-14T17:05:04.044Z,Chatting,nl,3651MB,Woerdense Verlaat,52.14855194091797,4.866034984588623,10.0,TRUE,0,1,0,1900-01-01 00:00:00.000005
3182689931,2023-09-14T15:12:34.002Z,Tutoring,de,04155,Leipzig,51.358280181884766,12.362592697143555,5.0,TRUE,14,5,3,2024-07-29 14:00:00.000000
1328468178,2023-09-14T14:01:52.870Z,Introducing,de,58769,Nachrodt-Wiblingwerde,51.32914352416992,7.634383201599121,3.5,TRUE,0,4,0,1900-01-01 00:00:00.000005
1769261890,2023-09-14T12:46:57.306Z,Introducing,nl,7514ej,Enschede,52.225032806396484,6.908888816833496,10.0,TRUE,0,3,0,1900-01-01 00:00:00.000005
2536954826,2023-09-14T12:20:32.947Z,Tutoring,nl,6713JP,Ede,52.036865234375,5.6470160484313965,4.0,FALSE,17,3,6,2024-06-26 15:30:00.000000
3794688690,2023-09-14T09:28:25.736Z,Chatting,nl,2061LZ,Bloemendaal,52.41434097290039,4.627060413360596,12.0,TRUE,0,2,0,1900-01-01 00:00:00.000005
740220314,2023-09-14T07:31:44.915Z,Tutoring,nl,4624gl,Bergen op Zoom,51.48145294189453,4.300270080566406,10.0,TRUE,7,14,1,2024-02-28 18:00:00.000000
232583507,2023-09-13T22:15:07.159Z,Chatting,nl,6085DL,Horn,51.212913513183594,5.938170909881592,10.0,TRUE,0,1,0,1900-01-01 00:00:00.000005
3502471039,2023-09-13T19:42:58.207Z,Tutoring,nl,6821HE,Arnhem,51.98996353149414,5.910459041595459,3.5,FALSE,19,6,3,2024-05-23 13:00:00.000000
410033681,2023-09-13T16:48:30.155Z,Tutoring,de,53894,Mechernich,50.58517074584961,6.612349987030029,15.0,FALSE,16,8,2,2024-03-08 17:00:00.000000
1007728646,2023-09-12T20:31:07.370Z,Tutoring,nl,2317ME,Leiden,52.178443908691406,4.5026445388793945,7.0,TRUE,13,9,1,2025-03-04 14:45:00.000000
2488713753,2023-09-12T19:55:15.974Z,Tutoring,nl,2272VX,Voorburg,52.08491134643555,4.377102851867676,3.5,FALSE,63,20,3,2025-08-21 09:00:00.000000
341768196,2023-09-12T11:19:55.536Z,Tutoring,nl,3584BB,Utrecht,52.093292236328125,5.149238109588623,7.0,FALSE,4,2,2,2023-11-22 16:00:00.000000
2332911876,2023-09-12T10:21:34.508Z,Tutoring,nl,7522NC,Enschede,52.246246337890625,6.846248626708984,6.0,FALSE,1,5,0,2023-09-27 15:15:00.000000
1376863468,2023-09-11T21:04:43.946Z,Introducing,de,78737,Fluorn-Winzeln,48.29924774169922,8.489744186401367,10.0,TRUE,0,1,0,1900-01-01 00:00:00.000005
3059483215,2023-09-11T17:19:44.533Z,Chatting,de,41466,Neuss,51.15298080444336,6.693621635437012,20.0,TRUE,0,4,0,1900-01-01 00:00:00.000005
2596832425,2023-09-11T16:37:28.245Z,Tutoring,nl,6522AD,'s-Gravenhage,51.84446334838867,5.872891426086426,6.0,FALSE,31,3,10,2024-05-08 08:00:00.000000
451549626,2023-09-11T13:07:15.266Z,Tutoring,de,86697,Oberhausen,48.723960876464844,11.118562698364258,20.0,FALSE,97,9,11,2025-11-04 14:00:00.000000
3102538586,2023-09-11T12:41:25.532Z,Tutoring,de,99099,Erfurt,50.97123718261719,11.045520782470703,10.0,FALSE,4,1,4,2024-03-21 16:15:00.000000
2588696380,2023-09-11T10:08:25.714Z,Tutoring,nl,2611EB,Delft,52.00848388671875,4.359519004821777,20.0,TRUE,161,104,2,2024-07-11 13:00:00.000000
1142909160,2023-09-11T07:51:36.681Z,Chatting,de,30880,Laatzen,52.310569763183594,9.815513610839844,20.0,TRUE,0,1,0,1900-01-01 00:00:00.000005
2894971628,2023-09-11T05:36:40.154Z,Chatting,de,72076,Tübingen,48.541080474853516,9.05933666229248,10.0,TRUE,0,3,0,1900-01-01 00:00:00.000005
4038371681,2023-09-10T23:54:13.382Z,Tutoring,nl,2642DB,Pijnacker,52.016807556152344,4.443687438964844,6.0,FALSE,22,3,7,2024-06-16 11:00:00.000000
4021546891,2023-09-10T21:37:47.621Z,Tutoring,de,49610,Quakenbrück,52.68043518066406,7.975464344024658,3.5,FALSE,356,60,6,2025-05-08 15:30:00.000000
1319258046,2023-09-10T21:22:14.261Z,Chatting,de,60435,Frankfurt am Main,50.155452728271484,8.692508697509766,10.0,TRUE,0,2,0,1900-01-01 00:00:00.000005
1846908673,2023-09-10T21:02:02.907Z,Tutoring,nl,9401CK,Assen,52.99888229370117,6.567882537841797,10.0,TRUE,12,24,1,2024-02-21 18:00:00.000000
4000263503,2023-09-10T19:03:37.239Z,Chatting,de,28759,Bremen,53.1672248840332,8.632918357849121,5.0,TRUE,0,2,0,1900-01-01 00:00:00.000005
2103175206,2023-09-10T18:08:42.622Z,Chatting,nl,2614SJ,Delft,52.00939178466797,4.3284525871276855,3.5,TRUE,0,5,0,1900-01-01 00:00:00.000005
3674784211,2023-09-10T16:37:55.512Z,Tutoring,de,79110,Freiburg im Breisgau,48.00762939453125,7.817838191986084,3.5,TRUE,10,8,1,2024-06-07 14:00:00.000000
3514778700,2023-09-10T12:59:24.491Z,Chatting,de,40468,Düsseldorf,51.2715950012207,6.772878170013428,5.0,TRUE,0,1,0,1900-01-01 00:00:00.000005
431213099,2023-09-10T11:38:15.490Z,Tutoring,de,35216,Biedenkopf,50.920597076416016,8.526740074157715,3.5,FALSE,405,25,16,2026-04-08 14:00:00.000000
2049396351,2023-09-10T11:13:04.059Z,Tutoring,nl,6846av,Arnhem,51.947181701660156,5.850396633148193,5.0,TRUE,2,4,1,2023-10-08 15:00:00.000000
842107693,2023-09-10T10:57:44.931Z,Chatting,de,99086,Erfurt,50.99791717529297,11.029647827148438,10.0,TRUE,0,2,0,1900-01-01 00:00:00.000005
1686770283,2023-09-10T09:31:22.777Z,Tutoring,de,30459,Hannover,52.33970260620117,9.730799674987793,10.0,FALSE,14,1,14,2024-03-03 18:00:00.000000
3400091974,2023-09-10T09:22:28.651Z,Tutoring,de,04177,Leipzig,51.33659362792969,12.32459545135498,6.0,FALSE,109,24,5,2025-03-02 16:30:00.000000
4081289724,2023-09-09T18:40:06.933Z,Tutoring,nl,5627NA,Eindhoven,51.48676300048828,5.447988033294678,10.0,TRUE,1,11,0,2023-10-25 16:00:00.000000
3437865340,2023-09-09T11:45:29.673Z,Tutoring,de,72072,Tübingen,48.513858795166016,9.06579303741455,5.0,TRUE,9,7,1,2024-04-30 15:00:00.000000
3475959427,2023-09-08T15:19:07.667Z,Tutoring,nl,6135CT,Sittard,51.00851821899414,5.850831985473633,5.0,FALSE,19,5,4,2025-02-12 18:15:00.000000
43409450,2023-09-08T13:18:06.239Z,Chatting,de,04357,Leipzig,51.37522506713867,12.409488677978516,10.0,TRUE,0,1,0,1900-01-01 00:00:00.000005
765817089,2023-09-08T07:07:18.363Z,Chatting,de,01307,Dresden,51.05767822265625,13.761713027954102,5.0,TRUE,0,7,0,1900-01-01 00:00:00.000005
1712115569,2023-09-08T01:17:19.755Z,Tutoring,nl,6235CM,Ulestraten,50.90659713745117,5.779348373413086,5.0,FALSE,317,74,4,2026-03-02 08:45:00.000000
3437407552,2023-09-07T23:28:11.981Z,Introducing,de,85051,Ingolstadt,48.737178802490234,11.432992935180664,5.0,TRUE,0,1,0,1900-01-01 00:00:00.000005
516838194,2023-09-07T21:34:08.282Z,Introducing,nl,7553CS,Hengelo,52.25631332397461,6.786065578460693,3.5,TRUE,0,8,0,1900-01-01 00:00:00.000005
123681733,2023-09-07T21:08:12.319Z,Chatting,nl,1222HE,Hilversum,52.23826599121094,5.189977645874023,20.0,TRUE,0,2,0,1900-01-01 00:00:00.000005
3922011929,2023-09-07T20:16:19.838Z,Tutoring,de,85748,Garching bei München,48.2505989074707,11.645834922790527,15.0,FALSE,46,13,4,2024-06-22 10:00:00.000000
2934057056,2023-09-07T18:50:21.945Z,Active,de,37075,Göttingen,51.547359466552734,9.948180198669434,3.5,TRUE,0,0,0,1900-01-01 00:00:00.000005
2631843531,2023-09-07T18:31:12.339Z,Tutoring,de,21079,Hamburg,53.41984558105469,9.983428955078125,10.0,FALSE,13,7,2,2024-06-03 13:00:00.000000
3803877785,2023-09-07T13:21:19.345Z,Tutoring,nl,1648LH,De Goorn,52.63384246826172,4.944741249084473,15.0,FALSE,414,25,17,2026-03-08 12:00:00.000000
3484942572,2023-09-07T11:22:58.592Z,Tutoring,de,71083,Herrenberg,48.60757827758789,8.859039306640625,20.0,FALSE,165,17,10,2025-01-17 14:30:00.000000
903211760,2023-09-06T19:02:06.455Z,Tutoring,nl,2251EA,Voorschoten,52.12660598754883,4.446937561035156,20.0,FALSE,38,11,3,2024-07-15 11:00:00.000000
2003412359,2023-09-06T16:08:00.728Z,Introducing,nl,1336TT,Almere,52.410179138183594,5.304363250732422,10.0,TRUE,0,1,0,1900-01-01 00:00:00.000005
2609878441,2023-09-06T13:48:47.873Z,Introducing,nl,5501DJ,Veldhoven,51.42009353637695,5.408857345581055,5.0,TRUE,0,1,0,1900-01-01 00:00:00.000005
4074897889,2023-09-06T13:31:10.817Z,Chatting,nl,8851GR,Tzummarum,53.23847961425781,5.543201446533203,20.0,TRUE,0,1,0,1900-01-01 00:00:00.000005
1627112615,2023-09-06T10:29:01.528Z,Tutoring,de,10317,Berlin,52.5046272277832,13.476686477661133,7.0,TRUE,2,1,2,2023-11-28 15:30:00.000000
933767416,2023-09-06T09:32:00.978Z,Tutoring,nl,8924CM,Leeuwarden,53.20856857299805,5.823540210723877,6.0,FALSE,4,2,2,2023-10-09 13:00:00.000000
3577654427,2023-09-05T23:13:20.604Z,Tutoring,de,13359,Berlin,52.55865478515625,13.385797500610352,15.0,FALSE,12,3,4,2024-06-12 13:30:00.000000
461241245,2023-09-05T16:45:18.934Z,Tutoring,de,30559,Hannover,52.35472106933594,9.817159652709961,7.0,FALSE,32,7,5,2024-06-20 14:30:00.000000
3870735757,2023-09-05T15:15:02.412Z,Tutoring,nl,6215AC,Maastricht,50.837425231933594,5.658146858215332,7.0,FALSE,28,12,2,2026-03-02 19:00:00.000000
866904735,2023-09-05T12:34:47.618Z,Active,de,18057,Rostock,54.08296203613281,12.126485824584961,10.0,TRUE,0,0,0,1900-01-01 00:00:00.000005
3167732902,2023-09-05T10:57:30.264Z,Tutoring,nl,2548PB,'s-Gravenhage,52.028472900390625,4.291492462158203,10.0,FALSE,61,12,5,2024-06-10 17:00:00.000000
3504662136,2023-09-05T07:00:53.961Z,Tutoring,nl,1067EV,Amsterdam,52.380638122558594,4.799493789672852,6.0,TRUE,3,10,0,2024-06-20 17:15:00.000000
3635936711,2023-09-04T19:42:50.767Z,Tutoring,de,53489,Sinzig,50.55013656616211,7.204489231109619,20.0,TRUE,1,7,0,2023-09-10 16:35:00.000000
800799820,2023-09-04T18:09:54.264Z,Tutoring,de,30657,Hannover,52.411537170410156,9.785395622253418,5.0,FALSE,2,3,1,2024-01-17 16:00:00.000000
2015387728,2023-09-04T17:33:50.740Z,Active,de,21075,Hamburg,53.45905303955078,9.937765121459961,5.0,TRUE,0,0,0,1900-01-01 00:00:00.000005
3930022413,2023-09-04T16:50:45.882Z,Tutoring,de,86163,Augsburg,48.343589782714844,10.951189994812012,10.0,FALSE,40,7,6,2025-03-26 15:30:00.000000
1175936553,2023-09-04T16:41:31.972Z,Tutoring,nl,2563BL,'s-Gravenhage,52.0743293762207,4.265530586242676,5.0,FALSE,14,6,2,2023-12-07 19:00:00.000000
3861695779,2023-09-04T14:30:21.669Z,Tutoring,nl,2986VV,Ridderkerk,51.861183166503906,4.611549377441406,3.5,FALSE,1,2,1,2023-09-13 15:00:00.000000
1854355188,2023-09-04T14:08:59.507Z,Chatting,de,95671,Bärnau,49.813236236572266,12.440069198608398,15.0,TRUE,0,3,0,1900-01-01 00:00:00.000005
2657411098,2023-09-04T10:46:28.420Z,Tutoring,nl,6707DH,Wageningen,51.971458435058594,5.66219425201416,11.0,TRUE,2,6,0,2024-01-15 17:00:00.000000
3958900024,2023-09-04T09:30:27.367Z,Active,de,01159,Dresden,51.0429801940918,13.707146644592285,20.0,TRUE,0,0,0,1900-01-01 00:00:00.000005
3830422598,2023-09-04T09:13:49.350Z,Chatting,nl,6433DE,Hoensbroek,50.91005325317383,5.9239325523376465,15.0,TRUE,0,1,0,1900-01-01 00:00:00.000005
1578370225,2023-09-03T22:22:22.821Z,Tutoring,de,40227,Düsseldorf,51.21678161621094,6.792839050292969,7.5,TRUE,45,21,2,2025-05-21 14:00:00.000000
1382170662,2023-09-03T19:45:18.291Z,Tutoring,de,79098,Freiburg im Breisgau,47.993377685546875,7.843210697174072,3.5,FALSE,9,1,9,2024-03-15 14:00:00.000000
1205137548,2023-09-03T17:22:57.509Z,Chatting,nl,4651GE,Steenbergen,51.5749626159668,4.309769153594971,10.0,TRUE,0,3,0,1900-01-01 00:00:00.000005
214535347,2023-09-03T14:44:56.173Z,Chatting,de,18059,Rostock,54.07774353027344,12.110645294189453,20.0,TRUE,0,2,0,1900-01-01 00:00:00.000005
1449873364,2023-09-03T13:30:16.642Z,Active,de,01814,Rathmannsdorf,50.93169403076172,14.13199520111084,9.0,TRUE,0,0,0,1900-01-01 00:00:00.000005
1304188758,2023-09-03T12:33:44.697Z,Tutoring,nl,9251JM,Burgum,53.18952560424805,5.996859073638916,20.0,TRUE,15,12,1,2024-06-18 13:45:00.000000
2849868285,2023-09-03T11:09:44.216Z,Tutoring,de,14167,Berlin,52.43311309814453,13.266633987426758,15.0,TRUE,16,11,1,2025-04-03 14:30:00.000000
1200828713,2023-09-02T20:49:23.422Z,Active,de,48149,Münster,51.97206115722656,7.606788635253906,8.0,TRUE,0,0,0,1900-01-01 00:00:00.000005
3222042622,2023-09-02T11:22:44.586Z,Tutoring,de,04509,Delitzsch,51.536155700683594,12.291114807128906,20.0,FALSE,2,2,1,2023-10-03 13:15:00.000000
4218402871,2023-09-02T10:48:33.830Z,Tutoring,de,01099,Dresden,51.06111526489258,13.751729965209961,5.0,FALSE,83,35,2,2024-11-10 10:30:00.000000
1577391807,2023-09-01T22:44:46.236Z,Tutoring,de,44137,Dortmund,51.51160430908203,7.445514678955078,6.0,FALSE,1,4,0,2023-11-15 16:15:00.000000
2823120493,2023-09-01T13:11:16.724Z,Tutoring,de,49090,Osnabrück,52.291969299316406,8.01333999633789,4.0,FALSE,13,5,3,2024-03-13 16:00:00.000000
1207916486,2023-09-01T10:49:39.112Z,Tutoring,nl,1071RW,Amsterdam,52.3541374206543,4.88004732131958,3.5,FALSE,34,7,5,2024-03-24 11:00:00.000000
2287237709,2023-09-01T09:24:57.321Z,Tutoring,nl,4837 CD,Breda,51.565128326416016,4.768703460693359,20.0,FALSE,3,2,2,2023-10-30 19:00:00.000000
3749134593,2023-08-31T20:24:03.525Z,Tutoring,de,44227,Dortmund,51.47195053100586,7.416261196136475,6.0,FALSE,17,8,2,2024-03-05 16:00:00.000000
2687897139,2023-08-31T20:14:39.863Z,Chatting,de,06124,Halle (Saale),51.479854583740234,11.934775352478027,20.0,TRUE,0,4,0,1900-01-01 00:00:00.000005
960687241,2023-08-31T18:10:41.288Z,Chatting,de,30655,Hannover,52.40043640136719,9.830961227416992,10.0,TRUE,0,4,0,1900-01-01 00:00:00.000005
302220407,2023-08-31T16:22:21.403Z,Tutoring,nl,1098CL,Amsterdam,52.35691833496094,4.9363837242126465,4.0,FALSE,41,5,8,2024-06-17 13:00:00.000000
4082883783,2023-08-31T14:55:48.842Z,Tutoring,nl,2182ZS,Hillegom,52.279476165771484,4.584554672241211,3.5,FALSE,86,21,4,2025-04-09 15:00:00.000000
1887864883,2023-08-31T14:48:41.504Z,Tutoring,nl,1442pc,Purmerend,52.51708221435547,4.9576735496521,5.0,FALSE,76,6,13,2024-11-28 15:45:00.000000
2154611443,2023-08-31T13:17:16.830Z,Introducing,nl,1689ER,Zwaag,52.66303634643555,5.056265830993652,10.0,TRUE,0,2,0,1900-01-01 00:00:00.000005
1795519599,2023-08-31T09:39:10.941Z,Tutoring,de,07747,Jena,50.88226318359375,11.609642028808594,15.0,TRUE,22,11,2,2024-10-01 13:00:00.000000
4053593730,2023-08-31T09:29:37.645Z,Tutoring,de,99089,Erfurt,50.98815155029297,11.023913383483887,6.5,FALSE,240,24,10,2026-02-25 17:30:00.000000
1376837089,2023-08-31T07:30:27.163Z,Tutoring,nl,5615GA,Eindhoven,51.43411636352539,5.473373889923096,4.5,FALSE,120,31,4,2026-02-24 16:00:00.000000
2965009482,2023-08-31T06:24:24.993Z,Active,de,04157,Leipzig,51.37145233154297,12.359505653381348,12.0,TRUE,0,0,0,1900-01-01 00:00:00.000005
2406808170,2023-08-31T04:44:48.199Z,Chatting,de,48143,Münster,51.96377944946289,7.6210761070251465,4.0,TRUE,0,2,0,1900-01-01 00:00:00.000005
3415908994,2023-08-30T21:58:04.440Z,Chatting,de,47798,Krefeld,51.33876037597656,6.564324855804443,12.0,TRUE,0,2,0,1900-01-01 00:00:00.000005
2842457583,2023-08-30T21:53:28.454Z,Introducing,nl,6814HN,Arnhem,51.98897933959961,5.89377498626709,12.0,TRUE,0,1,0,1900-01-01 00:00:00.000005
739838698,2023-08-30T21:08:13.116Z,Chatting,de,63225,Langen (Hessen),49.991363525390625,8.66866683959961,10.0,TRUE,0,7,0,1900-01-01 00:00:00.000005
3647533553,2023-08-30T20:56:18.979Z,Chatting,de,44143,Dortmund,51.51158905029297,7.504916191101074,15.0,TRUE,0,3,0,1900-01-01 00:00:00.000005
975051598,2023-08-30T15:15:52.022Z,Active,de,44319,Dortmund,51.525901794433594,7.605319976806641,20.0,TRUE,0,0,0,1900-01-01 00:00:00.000005
2050711530,2023-08-30T12:26:55.458Z,Tutoring,nl,1355EC,Almere,52.343326568603516,5.224763870239258,5.0,FALSE,12,3,4,2024-02-09 16:00:00.000000
1568496322,2023-08-30T11:19:47.847Z,Tutoring,nl,4191VB,Geldermalsen,51.89022445678711,5.3078765869140625,10.0,FALSE,48,3,16,2024-06-25 12:30:00.000000
3101196081,2023-08-29T18:41:46.559Z,Tutoring,nl,2313ZT,Leiden,52.152503967285156,4.487331390380859,5.0,TRUE,12,18,1,2024-02-12 16:30:00.000000
1082909918,2023-08-29T18:22:22.589Z,Tutoring,de,55116,Mainz,50.001670837402344,8.265504837036133,10.0,FALSE,9,2,5,2023-12-04 13:15:00.000000
4094016898,2023-08-29T17:19:56.151Z,Tutoring,nl,2652LR,Berkel en Rodenrijs,51.98617935180664,4.453934669494629,15.0,TRUE,5,17,0,2023-09-28 14:00:00.000000
3049645289,2023-08-29T16:21:06.432Z,Tutoring,nl,9742EH,Groningen,53.23517990112305,6.540337562561035,20.0,FALSE,52,18,3,2024-06-21 12:30:00.000000
3467157811,2023-08-29T15:11:58.624Z,Active,de,33332,Gütersloh,51.88932418823242,8.410724639892578,15.0,TRUE,0,0,0,1900-01-01 00:00:00.000005
329576283,2023-08-29T15:06:59.108Z,Active,de,21075,Hamburg,53.460731506347656,9.953021049499512,15.0,TRUE,0,0,0,1900-01-01 00:00:00.000005
1545223884,2023-08-29T12:24:18.842Z,Chatting,de,57258,Freudenberg,50.9046745300293,7.900376796722412,20.0,TRUE,0,2,0,1900-01-01 00:00:00.000005
1615755582,2023-08-29T12:21:30.813Z,Chatting,de,47051,Duisburg,51.43309020996094,6.7633280754089355,15.0,TRUE,0,1,0,1900-01-01 00:00:00.000005
3337248732,2023-08-29T12:19:50.926Z,Tutoring,nl,9742PZ,Groningen,53.22277069091797,6.542798042297363,4.0,FALSE,1,1,1,2023-09-14 13:30:00.000000
2168494858,2023-08-29T08:13:43.624Z,Tutoring,nl,5025JL,Tilburg,51.55057907104492,5.072290420532227,5.0,FALSE,38,16,2,2025-06-23 12:00:00.000000
513052738,2023-08-28T16:09:08.456Z,Chatting,de,76131,Karlsruhe,49.01619338989258,8.397441864013672,5.0,TRUE,0,5,0,1900-01-01 00:00:00.000005
1432950581,2023-08-28T15:19:37.997Z,Tutoring,de,42103,Wuppertal,51.251468658447266,7.137514114379883,3.5,FALSE,194,47,4,2025-04-02 16:00:00.000000
1503634300,2023-08-28T14:57:46.275Z,Tutoring,nl,6511XK,Nijmegen,51.85002899169922,5.857416152954102,4.0,TRUE,4,9,0,2023-10-04 11:00:00.000000
498762862,2023-08-28T13:51:06.173Z,Active,nl,6813jh,Arnhem,51.99581527709961,5.877650260925293,4.0,TRUE,0,0,0,1900-01-01 00:00:00.000005
137266028,2023-08-28T12:07:31.595Z,Tutoring,nl,6017CG,Thorn,51.16583251953125,5.839178085327148,15.0,FALSE,24,8,3,2024-05-09 11:00:00.000000
1797828517,2023-08-28T08:54:57.160Z,Chatting,de,10115,Berlin,52.52888488769531,13.390767097473145,7.0,TRUE,0,2,0,1900-01-01 00:00:00.000005
1024505348,2023-08-28T08:43:20.586Z,Tutoring,nl,1069EX,Amsterdam,52.355072021484375,4.787575721740723,3.5,FALSE,248,48,5,2026-03-08 10:00:00.000000
1295614980,2023-08-27T19:29:55.523Z,Introducing,de,75175,Pforzheim,48.881744384765625,8.719542503356934,20.0,TRUE,0,3,0,1900-01-01 00:00:00.000005
4005422689,2023-08-27T16:46:22.867Z,Tutoring,nl,5611JB,Eindhoven,51.43582534790039,5.4727253913879395,20.0,TRUE,129,61,2,2025-05-01 15:30:00.000000
1310038413,2023-08-27T14:15:00.753Z,Tutoring,nl,1141JK,Monnickendam,52.45149612426758,5.032348155975342,3.5,FALSE,31,2,16,2024-06-15 13:00:00.000000
1440552461,2023-08-27T13:53:10.277Z,Tutoring,nl,2235DN,Valkenburg,52.182315826416016,4.428612232208252,7.0,FALSE,109,14,8,2024-07-01 14:00:00.000000
117923365,2023-08-27T12:48:43.265Z,Tutoring,nl,9281MJ,Harkema,53.18318176269531,6.131128787994385,12.0,FALSE,3,4,1,2023-10-13 13:30:00.000000
3646744682,2023-08-27T12:02:29.471Z,Tutoring,nl,3454RN,De Meern,52.086639404296875,5.039981842041016,5.0,FALSE,30,4,8,2024-01-31 18:45:00.000000
1911571158,2023-08-27T10:12:59.239Z,Tutoring,de,89547,Gerstetten,48.62185287475586,10.0227689743042,20.0,FALSE,109,33,3,2026-03-02 14:00:00.000000
3189866640,2023-08-26T10:43:27.820Z,Tutoring,de,01069,Dresden,51.0323600769043,13.731579780578613,10.0,FALSE,67,15,4,2025-07-31 16:00:00.000000
1629875708,2023-08-26T09:51:01.601Z,Chatting,de,30179 Hannover ,Hannover,52.41205596923828,9.75943374633789,5.0,TRUE,0,1,0,1900-01-01 00:00:00.000005
796919541,2023-08-25T17:29:57.856Z,Chatting,nl,6662HW,Elst,51.91619873046875,5.827883720397949,7.0,TRUE,0,3,0,1900-01-01 00:00:00.000005
621022252,2023-08-25T13:46:59.379Z,Tutoring,nl,3064AC,Rotterdam,51.91248321533203,4.552677154541016,10.0,FALSE,66,8,8,2024-06-24 17:00:00.000000
1087765437,2023-08-25T11:09:09.959Z,Tutoring,de,49326,Melle,52.206932067871094,8.27783489227295,5.0,FALSE,23,6,4,2025-10-29 13:30:00.000000
2913022828,2023-08-23T19:52:08.485Z,Tutoring,nl,2742ZP,Waddinxveen,52.04384231567383,4.6482367515563965,3.5,TRUE,6,4,2,2023-11-29 17:30:00.000000
903573497,2023-08-23T19:45:37.008Z,Tutoring,nl,1972GH,IJmuiden,52.45755386352539,4.610791206359863,3.5,TRUE,5,3,2,2023-11-24 16:00:00.000000
1514761113,2023-08-23T17:03:27.572Z,Tutoring,nl,9401ET,Assen,52.99569320678711,6.557401180267334,10.0,FALSE,7,4,2,2023-11-26 09:00:00.000000
1261755629,2023-08-23T09:29:28.420Z,Chatting,nl,5037GD,Tilburg,51.563602447509766,5.046064853668213,5.0,TRUE,0,1,0,1900-01-01 00:00:00.000005
523488266,2023-08-22T15:41:22.489Z,Introducing,de,76133,Karlsruhe,49.01021957397461,8.38719367980957,3.5,TRUE,0,2,0,1900-01-01 00:00:00.000005
4062134469,2023-08-22T14:04:29.244Z,Tutoring,de,47167,Duisburg,51.50885009765625,6.787590026855469,7.0,TRUE,3,10,0,2024-02-24 12:30:00.000000
766692511,2023-08-22T11:20:14.189Z,Tutoring,nl,2512VN,Groningen,52.07456970214844,4.30389928817749,5.0,FALSE,378,84,5,2026-02-26 15:00:00.000000
2385187368,2023-08-21T17:32:56.365Z,Tutoring,de,21037,Hamburg,53.478424072265625,10.095281600952148,10.0,FALSE,2,5,0,2024-01-12 16:00:00.000000
1937037384,2023-08-21T10:43:47.560Z,Tutoring,nl,2313AX,Leiden,52.15317916870117,4.490976810455322,5.0,FALSE,32,14,2,2024-10-13 10:00:00.000000
3994209421,2023-08-21T09:00:17.995Z,Chatting,de,18107,Rostock,54.13394546508789,12.047981262207031,15.0,TRUE,0,3,0,1900-01-01 00:00:00.000005
1642925116,2023-08-20T19:32:26.969Z,Tutoring,nl,7642LE,Wierden,52.35927963256836,6.548913478851318,20.0,FALSE,41,4,10,2024-05-29 16:30:00.000000
1721751327,2023-08-20T17:36:24.769Z,Tutoring,de,47829,Krefeld,51.36238479614258,6.61296272277832,10.0,FALSE,94,21,4,2026-03-14 10:00:00.000000
1489863813,2023-08-20T16:37:00.804Z,Tutoring,nl,7556CB,Hengelo,52.26944351196289,6.793290615081787,9.0,FALSE,105,11,10,2025-12-03 16:00:00.000000
1066579057,2023-08-19T22:38:39.908Z,Tutoring,nl,2993TD,Barendrecht,51.85321807861328,4.496546268463135,15.0,FALSE,38,13,3,2024-01-30 15:00:00.000000
3233055605,2023-08-19T16:52:11.920Z,Tutoring,de,13407,Berlin,52.56399154663086,13.344198226928711,10.0,FALSE,3,5,1,2023-09-26 13:30:00.000000
1258112405,2023-08-19T16:01:22.719Z,Introducing,de,40227,Düsseldorf,51.21329879760742,6.7946295738220215,3.5,TRUE,0,1,0,1900-01-01 00:00:00.000005
1592664233,2023-08-19T13:18:14.651Z,Chatting,nl,6828ZZ,Arnhem,51.97735595703125,5.920145511627197,8.0,TRUE,0,1,0,1900-01-01 00:00:00.000005
3830056217,2023-08-18T17:16:22.536Z,Tutoring,nl,1328KN,Almere,52.3704833984375,5.261286735534668,10.0,FALSE,1,2,1,2023-09-21 14:00:00.000000
3562259234,2023-08-17T20:27:27.183Z,Tutoring,de,59069,Hamm,51.66572189331055,7.868448257446289,20.0,TRUE,1,1,1,2023-11-02 15:30:00.000000
3176881003,2023-08-17T18:38:44.232Z,Active,de,76307,Karlsbad,48.91634750366211,8.509133338928223,10.0,TRUE,0,0,0,1900-01-01 00:00:00.000005
731964268,2023-08-17T16:12:58.559Z,Tutoring,nl,9404MG,Assen,52.974483489990234,6.572043418884277,20.0,FALSE,17,5,3,2024-04-17 13:30:00.000000
730316334,2023-08-17T15:39:47.112Z,Tutoring,de,81739,München,48.096282958984375,11.644208908081055,15.0,FALSE,61,10,6,2025-12-11 15:45:00.000000
2312175294,2023-08-17T15:21:07.256Z,Introducing,nl,1251NT,Laren,52.2547607421875,5.239269256591797,20.0,TRUE,0,5,0,1900-01-01 00:00:00.000005
2521020090,2023-08-17T14:04:24.482Z,Tutoring,de,60433,Frankfurt am Main,50.166481018066406,8.671741485595703,10.0,FALSE,13,3,4,2024-06-29 14:00:00.000000
1136848937,2023-08-16T10:30:21.954Z,Tutoring,nl,3991PK,Houten,52.01786804199219,5.174366474151611,15.0,FALSE,12,3,4,2024-03-13 15:00:00.000000
3448534866,2023-08-16T08:42:19.407Z,Tutoring,nl,5431HD,Cuijk,51.72003936767578,5.887020111083984,15.0,TRUE,36,15,2,2025-01-08 11:30:00.000000
3896017710,2023-08-15T19:54:05.688Z,Active,de,09430,Drebach,50.68748474121094,13.028943061828613,20.0,TRUE,0,0,0,1900-01-01 00:00:00.000005
2935592119,2023-08-15T15:00:22.357Z,Introducing,de,30659,Hannover,52.41173553466797,9.805456161499023,10.0,TRUE,0,2,0,1900-01-01 00:00:00.000005
36547558,2023-08-15T13:25:51.946Z,Tutoring,nl,9712PX,Groningen,53.22357940673828,6.560891628265381,6.0,FALSE,32,5,6,2024-06-28 14:30:00.000000
1794287572,2023-08-15T12:36:37.937Z,Chatting,nl,9742HE,Groningen,53.234832763671875,6.537084579467773,15.0,TRUE,0,0,0,1900-01-01 00:00:00.000005
1129243434,2023-08-14T15:14:10.391Z,Active,de,06112,Halle (Saale),51.471336364746094,11.985404014587402,3.5,TRUE,0,0,0,1900-01-01 00:00:00.000005
3965023139,2023-08-14T15:00:27.680Z,Tutoring,de,21033,Hamburg,53.494895935058594,10.132302284240723,20.0,FALSE,1,4,0,2023-12-05 17:00:00.000000
1411067554,2023-08-14T14:21:30.720Z,Chatting,nl,9726CD,Groningen,53.212257385253906,6.5578837394714355,10.0,TRUE,0,5,0,1900-01-01 00:00:00.000005
2121979212,2023-08-14T13:13:29.925Z,Tutoring,de,44309,Dortmund,51.52906799316406,7.546087265014648,8.5,FALSE,11,6,2,2026-01-16 13:30:00.000000
3763607782,2023-08-14T09:49:06.204Z,Chatting,de,89264,Weißenhorn,48.31342315673828,10.21397590637207,20.0,TRUE,0,2,0,1900-01-01 00:00:00.000005
2517082362,2023-08-13T15:31:12.854Z,Chatting,nl,8501ML,Joure,52.964481353759766,5.8041486740112305,10.0,TRUE,0,4,0,1900-01-01 00:00:00.000005
135842320,2023-08-13T14:21:10.683Z,Tutoring,nl,3063NB,Rotterdam,51.91093444824219,4.5252885818481445,5.0,FALSE,36,3,12,2024-06-13 13:00:00.000000
1121293145,2023-08-12T13:41:34.980Z,Tutoring,de,12619,Berlin,52.52961730957031,13.596359252929688,10.0,TRUE,15,7,2,2024-04-29 14:30:00.000000
2546886214,2023-08-12T12:50:34.489Z,Tutoring,nl,6135JJ,Sittard,51.01205825805664,5.853024959564209,20.0,FALSE,123,31,4,2025-05-20 13:30:00.000000
1923921940,2023-08-12T11:40:01.769Z,Chatting,nl,6744WP,Ederveen,52.06167221069336,5.577661991119385,15.0,TRUE,0,4,0,1900-01-01 00:00:00.000005
3614564446,2023-08-12T09:58:29.147Z,Tutoring,de,45139,Essen,51.45392990112305,7.030542373657227,20.0,FALSE,57,20,3,2024-04-16 16:00:00.000000
1405048880,2023-08-11T14:47:39.729Z,Tutoring,nl,2721CT,Zoetermeer,52.05610656738281,4.547267913818359,5.0,FALSE,1,5,0,2023-11-30 15:45:00.000000
3093887269,2023-08-11T14:35:57.775Z,Chatting,nl,6828JH,Arnhem,51.98080825805664,5.916876316070557,5.0,TRUE,0,5,0,1900-01-01 00:00:00.000005
4271993029,2023-08-11T13:50:44.848Z,Tutoring,nl,1724XV,Oudkarspel,52.7100830078125,4.801334381103516,14.0,FALSE,14,2,7,2024-01-16 18:00:00.000000
2222028116,2023-08-11T12:28:10.691Z,Active,de,30823,Garbsen,52.41526794433594,9.584961891174316,15.0,TRUE,0,0,0,1900-01-01 00:00:00.000005
960750426,2023-08-11T12:00:27.890Z,Tutoring,nl,3826BK,Amersfoort,52.19860076904297,5.4365153312683105,4.0,FALSE,17,3,6,2024-05-15 14:00:00.000000
1917395519,2023-08-11T09:14:58.966Z,Tutoring,nl,3079JT,Rotterdam,51.87972640991211,4.553758144378662,15.0,FALSE,52,4,13,2024-02-21 18:00:00.000000
1190026531,2023-08-11T04:14:00.758Z,Tutoring,de,60438,Frankfurt am Main,50.178016662597656,8.631770133972168,20.0,FALSE,129,27,5,2025-06-13 12:45:00.000000
3843628992,2023-08-10T16:18:22.430Z,Chatting,de,26122,Oldenburg,53.14021682739258,8.214653015136719,10.0,TRUE,0,1,0,1900-01-01 00:00:00.000005
388171906,2023-08-10T15:22:59.349Z,Tutoring,de,46240,Bottrop,51.55124282836914,6.919010162353516,6.0,TRUE,14,10,1,2025-06-10 17:00:00.000000
1520031783,2023-08-10T13:15:58.434Z,Tutoring,de,66125,Saarbrücken,49.27576446533203,7.022655010223389,10.0,FALSE,2,6,0,2023-11-11 09:00:00.000000
3015518122,2023-08-10T09:49:41.412Z,Chatting,de,33615,Bielefeld,52.02490997314453,8.523448944091797,6.0,TRUE,0,1,0,1900-01-01 00:00:00.000005
487550497,2023-08-10T01:05:31.537Z,Tutoring,de,13439,Berlin,52.59535598754883,13.359053611755371,20.0,FALSE,2,8,0,2023-10-14 10:30:00.000000
1120997364,2023-08-10T00:56:57.451Z,Active,de,69115,Heidelberg,49.40461730957031,8.683815956115723,10.0,TRUE,0,0,0,1900-01-01 00:00:00.000005
3437551216,2023-08-09T23:05:29.554Z,Tutoring,de,40217,Düsseldorf,51.21165466308594,6.774127960205078,4.0,FALSE,7,3,2,2024-05-01 17:30:00.000000
1826850759,2023-08-08T16:53:44.958Z,Tutoring,de,24114,Kiel,54.3194465637207,10.11536693572998,5.0,FALSE,1,2,1,2023-09-22 12:15:00.000000
2916924522,2023-08-08T16:39:31.687Z,Tutoring,de,04109,Leipzig,51.34135055541992,12.359020233154297,5.0,FALSE,2,3,1,2023-10-27 14:00:00.000000
821058365,2023-08-08T13:39:55.591Z,Tutoring,de,47166,Duisburg,51.49342346191406,6.768750190734863,10.0,FALSE,33,8,4,2024-04-27 11:00:00.000000
2851867305,2023-08-07T18:10:06.146Z,Chatting,nl,5467ME,Veghel,51.62487030029297,5.567027568817139,5.0,TRUE,0,3,0,1900-01-01 00:00:00.000005
685597059,2023-08-07T17:56:14.786Z,Chatting,de,46145,Oberhausen,51.54180908203125,6.861956596374512,20.0,TRUE,0,2,0,1900-01-01 00:00:00.000005
2547619066,2023-08-07T13:43:05.674Z,Tutoring,nl,1432BH,Aalsmeer,52.28687286376953,4.804210662841797,7.5,TRUE,16,11,1,2024-05-15 16:45:00.000000
3725673237,2023-08-06T10:07:23.117Z,Tutoring,nl,3561RH,Utrecht,52.11486053466797,5.1258745193481445,7.0,FALSE,95,22,4,2024-06-12 15:30:00.000000
3313663253,2023-08-05T12:38:26.945Z,Active,de,48163,Münster,51.89042282104492,7.597548484802246,7.0,TRUE,0,0,0,1900-01-01 00:00:00.000005
2918425034,2023-08-05T11:13:31.015Z,Tutoring,de,78056,Villingen-Schwenningen,48.05583572387695,8.569835662841797,5.0,FALSE,5,7,1,2024-03-21 18:00:00.000000
1449163694,2023-08-05T04:22:33.258Z,Chatting,de,01069,Dresden,51.0323600769043,13.731579780578613,10.0,TRUE,0,7,0,1900-01-01 00:00:00.000005
886923197,2023-08-04T22:44:15.442Z,Chatting,de,38444,Wolfsburg,52.371028900146484,10.757150650024414,7.0,TRUE,0,2,0,1900-01-01 00:00:00.000005
3936641454,2023-08-04T20:29:08.980Z,Tutoring,de,12157,Berlin,52.469539642333984,13.348432540893555,7.0,FALSE,60,1,60,2024-06-26 14:30:00.000000
2523974267,2023-08-04T20:19:55.419Z,Tutoring,de,10405,Berlin,52.529884338378906,13.418963432312012,4.0,TRUE,19,7,3,2024-03-12 15:00:00.000000
1948164805,2023-08-04T19:51:09.276Z,Introducing,de,45879,Gelsenkirchen,51.509429931640625,7.096219062805176,4.0,TRUE,0,0,0,1900-01-01 00:00:00.000005
80477927,2023-08-04T09:57:00.606Z,Active,de,88239,Wangen im Allgäu,47.687557220458984,9.820363998413086,3.5,TRUE,0,0,0,1900-01-01 00:00:00.000005
4218079708,2023-08-03T17:24:02.831Z,Chatting,nl,3362NK,Sliedrecht,51.81986999511719,4.788990497589111,20.0,TRUE,0,2,0,1900-01-01 00:00:00.000005
1621996014,2023-08-03T16:16:53.258Z,Tutoring,de,49074,Osnabrück,52.27342224121094,8.056331634521484,4.5,FALSE,90,28,3,2026-03-05 17:00:00.000000
2485386246,2023-08-03T13:31:29.719Z,Tutoring,nl,6681EH,Bemmel,51.8972282409668,5.89942741394043,5.0,FALSE,117,4,29,2026-02-26 15:15:00.000000
3915579568,2023-08-02T13:35:59.980Z,Chatting,de,09337,Hohenstein-Ernstthal,50.79784393310547,12.699098587036133,15.0,TRUE,0,1,0,1900-01-01 00:00:00.000005
874056518,2023-08-02T13:21:43.620Z,Chatting,de,59063,Hamm,51.66787338256836,7.833028793334961,7.5,TRUE,0,2,0,1900-01-01 00:00:00.000005
3438891230,2023-08-02T10:25:12.513Z,Tutoring,de,04275,Leipzig,51.31816482543945,12.37160587310791,6.0,FALSE,4,4,1,2024-04-22 14:45:00.000000
3909273899,2023-08-02T09:46:16.673Z,Introducing,nl,4535BT,Terneuzen,51.31840515136719,3.8563430309295654,20.0,TRUE,0,3,0,1900-01-01 00:00:00.000005
609192048,2023-08-01T20:47:49.839Z,Introducing,de,48143,Münster,51.962135314941406,7.626970291137695,10.0,TRUE,0,1,0,1900-01-01 00:00:00.000005
3572526358,2023-08-01T19:29:04.924Z,Tutoring,nl,9741JK,Groningen,53.23335266113281,6.554386615753174,20.0,FALSE,138,14,10,2024-12-01 09:00:00.000000
3832096098,2023-08-01T17:15:59.500Z,Chatting,de,28199,Bremen,53.05192184448242,8.787520408630371,5.0,TRUE,0,1,0,1900-01-01 00:00:00.000005
1051142728,2023-08-01T08:28:19.609Z,Chatting,de,30419,Hannover,52.41679000854492,9.708749771118164,10.0,TRUE,0,6,0,1900-01-01 00:00:00.000005
3864344757,2023-07-31T18:50:59.744Z,Tutoring,nl,6844EB,Arnhem,51.95176696777344,5.857588291168213,20.0,FALSE,70,12,6,2024-05-18 08:00:00.000000
1027154033,2023-07-31T17:29:20.177Z,Chatting,de,57074,Siegen,50.88422775268555,8.047833442687988,4.0,TRUE,0,3,0,1900-01-01 00:00:00.000005
459185344,2023-07-31T15:04:00.622Z,Tutoring,nl,6372CH,Landgraaf,50.8847541809082,6.0146660804748535,20.0,FALSE,320,47,7,2026-05-27 15:30:00.000000
1062406374,2023-07-31T13:51:59.318Z,Tutoring,de,60313,Frankfurt am Main,50.11821365356445,8.681302070617676,3.5,FALSE,13,5,3,2023-11-07 15:30:00.000000
529507210,2023-07-31T07:29:06.925Z,Tutoring,de,28719,Bremen,53.172420501708984,8.72872543334961,17.0,FALSE,19,3,6,2024-05-05 08:45:00.000000
4199096123,2023-07-29T20:46:02.410Z,Tutoring,de,13347,Berlin,52.54804229736328,13.364679336547852,20.0,FALSE,32,8,4,2024-06-04 14:00:00.000000
1536429799,2023-07-29T19:30:45.773Z,Chatting,de,04159,Leipzig,51.37138748168945,12.320648193359375,20.0,TRUE,0,3,0,1900-01-01 00:00:00.000005
1285602175,2023-07-29T12:59:37.745Z,Tutoring,de,59073,Hamm,51.70853042602539,7.819846153259277,6.0,TRUE,2,2,1,2025-03-15 14:00:00.000000
4099646609,2023-07-29T10:54:04.945Z,Introducing,de,30161,Hannover,52.386478424072266,9.745972633361816,3.5,TRUE,0,6,0,1900-01-01 00:00:00.000005
751679038,2023-07-28T16:26:06.605Z,Tutoring,de,41236,Mönchengladbach,51.172481536865234,6.441941261291504,7.0,FALSE,1,2,1,2023-10-03 13:00:00.000000
4091337686,2023-07-28T13:47:16.508Z,Tutoring,de,50735,Köln,50.99382781982422,6.956395149230957,5.0,TRUE,1,3,0,2024-01-13 12:00:00.000000
3710517449,2023-07-27T14:51:52.019Z,Tutoring,de,18057,Rostock,54.088748931884766,12.122344970703125,10.0,FALSE,29,6,5,2024-08-29 12:15:00.000000
1756373329,2023-07-27T12:33:14.309Z,Introducing,de,55116,Mainz,49.999900817871094,8.274858474731445,8.0,TRUE,0,1,0,1900-01-01 00:00:00.000005
2317060481,2023-07-26T20:11:24.337Z,Tutoring,de,50767,Köln,50.99506759643555,6.869917869567871,6.0,TRUE,1,4,0,2024-02-16 16:45:00.000000
1302967711,2023-07-26T16:56:20.193Z,Tutoring,nl,1054RM,Amsterdam,52.36300277709961,4.8699188232421875,10.0,FALSE,23,12,2,2024-02-02 14:45:00.000000
2610020995,2023-07-26T16:28:07.225Z,Tutoring,de,69181,Leimen,49.35234451293945,8.68545913696289,20.0,TRUE,1,7,0,2023-11-24 10:00:00.000000
858308864,2023-07-26T16:24:40.718Z,Introducing,de,91056,Erlangen,49.62755584716797,10.944787979125977,8.0,TRUE,0,1,0,1900-01-01 00:00:00.000005
405349910,2023-07-26T08:40:44.868Z,Introducing,nl,2624xl,Delft,51.993595123291016,4.358208179473877,10.0,TRUE,0,9,0,1900-01-01 00:00:00.000005
4229724585,2023-07-25T14:59:07.380Z,Tutoring,de,30171,Hannover,52.36888885498047,9.745739936828613,20.0,FALSE,5,5,1,2024-05-02 15:00:00.000000
3228284926,2023-07-25T14:55:32.143Z,Tutoring,de,01069,Dresden,51.03596115112305,13.731789588928223,5.0,FALSE,2,5,0,2024-01-10 16:00:00.000000
545501368,2023-07-25T13:50:37.693Z,Chatting,de,61462,Königstein im Taunus,50.180931091308594,8.468050956726074,15.0,TRUE,0,4,0,1900-01-01 00:00:00.000005
2247843589,2023-07-25T10:38:29.480Z,Chatting,de,40215,Düsseldorf,51.21699905395508,6.788908004760742,10.0,TRUE,0,1,0,1900-01-01 00:00:00.000005
2802899156,2023-07-25T09:01:49.075Z,Tutoring,nl,1017VC,Amsterdam,52.36073303222656,4.891995429992676,15.0,TRUE,52,31,2,2024-07-09 06:00:00.000000
447814935,2023-07-24T17:59:49.212Z,Tutoring,nl,9286GN,Twijzel,53.23560333251953,6.086467266082764,10.0,FALSE,36,5,7,2024-06-16 13:00:00.000000
2245690840,2023-07-24T13:34:56.886Z,Tutoring,de,76137,Karlsruhe,49.00164794921875,8.410935401916504,4.5,FALSE,95,22,4,2026-02-09 16:45:00.000000
3274372027,2023-07-24T10:07:54.808Z,Chatting,de,04288,Leipzig,51.295509338378906,12.440177917480469,3.5,TRUE,0,1,0,1900-01-01 00:00:00.000005
4280737166,2023-07-24T08:25:28.054Z,Chatting,de,13437,Berlin,52.6024169921875,13.327064514160156,12.0,TRUE,0,1,0,1900-01-01 00:00:00.000005
3825949222,2023-07-23T20:24:59.995Z,Chatting,de,45239,Essen,51.388797760009766,7.001728534698486,20.0,TRUE,0,0,0,1900-01-01 00:00:00.000005
2712457482,2023-07-23T17:56:38.316Z,Chatting,de,66292,Riegelsberg,49.315040588378906,6.956644058227539,15.0,TRUE,0,0,0,1900-01-01 00:00:00.000005
147971524,2023-07-22T15:20:13.865Z,Tutoring,nl,8932bx,Leeuwarden,53.19118118286133,5.787257194519043,20.0,FALSE,36,7,5,2024-08-27 18:00:00.000000
1902246322,2023-07-22T14:35:59.458Z,Chatting,de,44894,Dortmund,51.49522018432617,7.316609859466553,15.0,TRUE,0,1,0,1900-01-01 00:00:00.000005
647372274,2023-07-22T12:28:14.572Z,Tutoring,de,76139,Karlsruhe,49.025386810302734,8.454621315002441,10.0,TRUE,32,5,6,2024-12-09 15:30:00.000000
3502066070,2023-07-21T22:17:20.224Z,Chatting,de,53842,Troisdorf,50.82292556762695,7.125919818878174,20.0,TRUE,0,4,0,1900-01-01 00:00:00.000005
3927694956,2023-07-21T15:45:32.744Z,Tutoring,de,30539,Hannover,52.33621597290039,9.816152572631836,3.5,FALSE,224,53,4,2026-03-19 17:30:00.000000
1666292964,2023-07-21T13:53:20.371Z,Tutoring,de,70188,Stuttgart,48.7874641418457,9.215169906616211,10.0,TRUE,13,15,1,2023-10-16 14:00:00.000000
2970997571,2023-07-21T07:48:16.917Z,Chatting,de,86391,Stadtbergen,48.3641471862793,10.848888397216797,4.0,TRUE,0,1,0,1900-01-01 00:00:00.000005
3265870166,2023-07-20T18:06:02.460Z,Active,de,57080,Siegen,50.82558059692383,8.016561508178711,10.0,TRUE,0,0,0,1900-01-01 00:00:00.000005
2116756041,2023-07-20T16:03:57.326Z,Tutoring,de,79227,Schallstadt,47.958492279052734,7.755735874176025,12.0,FALSE,34,9,4,2024-10-21 15:00:00.000000
2652200004,2023-07-20T15:23:58.810Z,Tutoring,de,01187,Dresden,51.03127670288086,13.718210220336914,5.0,TRUE,4,12,0,2025-12-17 16:30:00.000000
4268018486,2023-07-20T14:21:50.313Z,Chatting,nl,7552KT,Hengelo,52.26593780517578,6.830649375915527,10.0,TRUE,0,1,0,1900-01-01 00:00:00.000005
3440772436,2023-07-20T13:20:20.047Z,Introducing,de,13125,Berlin,52.62228012084961,13.487298011779785,15.0,TRUE,0,2,0,1900-01-01 00:00:00.000005
414710318,2023-07-20T13:08:57.201Z,Introducing,nl,3119NL,Schiedam,51.924522399902344,4.399893760681152,10.0,TRUE,0,1,0,1900-01-01 00:00:00.000005
3931843983,2023-07-20T13:06:07.746Z,Introducing,de,40227,Düsseldorf,51.20549774169922,6.815808296203613,10.0,TRUE,0,6,0,1900-01-01 00:00:00.000005
1124565083,2023-07-20T11:55:20.222Z,Tutoring,nl,1325SP,Almere,52.36040496826172,5.241488456726074,7.0,FALSE,26,9,3,2024-04-22 17:00:00.000000
2818532178,2023-07-19T10:47:43.398Z,Chatting,de,59348,Lüdinghausen,51.77568817138672,7.449354648590088,10.0,TRUE,0,1,0,1900-01-01 00:00:00.000005
3375221598,2023-07-19T10:26:27.481Z,Chatting,de,22399,Hamburg,53.66693115234375,10.091156959533691,6.0,TRUE,0,4,0,1900-01-01 00:00:00.000005
692897243,2023-07-18T20:56:46.068Z,Chatting,de,30175,Hannover,52.37502670288086,9.759132385253906,3.5,TRUE,0,4,0,1900-01-01 00:00:00.000005
4018533532,2023-07-18T19:13:35.496Z,Tutoring,de,51371,Leverkusen,51.070289611816406,6.94788932800293,10.0,FALSE,32,6,5,2024-11-18 15:15:00.000000
3735801100,2023-07-18T18:36:07.477Z,Active,de,54439,Merzkirchen,49.57207489013672,6.461671829223633,20.0,TRUE,0,0,0,1900-01-01 00:00:00.000005
1289930488,2023-07-18T17:06:05.306Z,Chatting,de,80997,München,48.182594299316406,11.478655815124512,10.0,TRUE,0,5,0,1900-01-01 00:00:00.000005
2686198059,2023-07-18T16:10:47.211Z,Tutoring,nl,5049LM,Tilburg,51.59349822998047,5.076056003570557,10.0,TRUE,19,11,2,2024-07-26 10:00:00.000000
852174970,2023-07-18T12:43:13.555Z,Tutoring,de,85622,Feldkirchen,48.14888000488281,11.7256498336792,15.0,FALSE,45,15,3,2023-12-19 13:45:00.000000
2844023102,2023-07-17T18:41:46.006Z,Introducing,nl,5342bp,Oss,51.759090423583984,5.526187419891357,10.0,TRUE,0,2,0,1900-01-01 00:00:00.000005
805809109,2023-07-17T15:47:56.087Z,Tutoring,nl,7823GM,Emmen,52.78832244873047,6.944990634918213,10.0,TRUE,117,49,2,2024-06-26 17:00:00.000000
448505935,2023-07-17T15:32:30.000Z,Tutoring,nl,2628 DA,Delft,51.99787902832031,4.372920036315918,14.0,FALSE,56,11,5,2024-06-18 14:15:00.000000
1406803735,2023-07-17T10:13:36.723Z,Tutoring,de,04107,Leipzig,51.332340240478516,12.379476547241211,5.0,FALSE,1,2,1,2023-10-09 14:30:00.000000
2216119139,2023-07-16T20:01:56.961Z,Chatting,de,57258,Freudenberg,50.90587615966797,7.887487411499023,10.0,TRUE,0,2,0,1900-01-01 00:00:00.000005
3038579235,2023-07-16T09:00:56.173Z,Chatting,de,50969,Köln,50.915184020996094,6.945135116577148,15.0,TRUE,0,1,0,1900-01-01 00:00:00.000005
1276668030,2023-07-15T17:37:21.735Z,Tutoring,de,47906,Kempen,51.415008544921875,6.507510662078857,10.0,FALSE,209,43,5,2026-04-26 08:00:00.000000
3097243263,2023-07-15T14:12:04.636Z,Tutoring,nl,3059vk,Rotterdam,51.972843170166016,4.592562198638916,5.0,TRUE,1,1,1,2023-11-11 16:00:00.000000
3490346248,2023-07-15T13:16:46.174Z,Tutoring,nl,1060SM,Amsterdam,52.34724807739258,4.788166046142578,4.0,FALSE,81,4,20,2025-06-03 14:30:00.000000
353281552,2023-07-15T12:00:34.853Z,Introducing,de,99086,Erfurt,50.986778259277344,11.035872459411621,10.0,TRUE,0,2,0,1900-01-01 00:00:00.000005
50928229,2023-07-15T10:07:14.583Z,Chatting,de,48161,Münster,51.97330093383789,7.570009708404541,3.5,TRUE,0,1,0,1900-01-01 00:00:00.000005
1265688420,2023-07-14T17:46:51.322Z,Introducing,de,38446,Wolfsburg,52.4228630065918,10.803211212158203,10.0,TRUE,0,4,0,1900-01-01 00:00:00.000005
542422907,2023-07-14T13:30:37.531Z,Chatting,de,49525,Lengerich,52.183311462402344,7.820364952087402,3.5,TRUE,0,4,0,1900-01-01 00:00:00.000005
2937183907,2023-07-14T12:59:06.502Z,Tutoring,nl,6942ag,Didam,51.94015121459961,6.1313371658325195,20.0,FALSE,3,10,0,2024-08-20 12:00:00.000000
358584370,2023-07-14T12:17:53.947Z,Tutoring,nl,3561GS,Utrecht,52.110862731933594,5.12060546875,5.5,FALSE,2,3,1,2024-02-09 17:00:00.000000
4128638804,2023-07-13T21:25:57.596Z,Chatting,nl,7311JC,Deventer,52.21244812011719,5.96033239364624,20.0,TRUE,0,2,0,1900-01-01 00:00:00.000005
1846547034,2023-07-13T18:45:50.602Z,Introducing,de,44145,Dortmund,51.525447845458984,7.482882022857666,3.5,TRUE,0,6,0,1900-01-01 00:00:00.000005
261059947,2023-07-13T11:59:31.612Z,Active,de,04315,Leipzig,51.33965301513672,12.400275230407715,6.0,TRUE,0,0,0,1900-01-01 00:00:00.000005
894275800,2023-07-13T02:08:03.852Z,Tutoring,de,30419,Hannover,52.393775939941406,9.677628517150879,10.0,TRUE,7,9,1,2024-05-30 15:00:00.000000
1866431215,2023-07-13T00:27:01.863Z,Chatting,de,04129,Leipzig,51.36214065551758,12.386372566223145,8.0,TRUE,0,1,0,1900-01-01 00:00:00.000005
1425290918,2023-07-12T15:05:56.220Z,Chatting,de,04275,Leipzig,51.318702697753906,12.375663757324219,5.0,TRUE,0,1,0,1900-01-01 00:00:00.000005
2357434731,2023-07-12T14:30:39.924Z,Tutoring,nl,6285NM,Epen,50.751041412353516,5.917538642883301,20.0,TRUE,1,1,1,2024-11-11 17:00:00.000000
179049334,2023-07-12T09:34:36.612Z,Active,de,60435,Frankfurt am Main,50.143394470214844,8.681784629821777,5.0,TRUE,0,0,0,1900-01-01 00:00:00.000005
1972109043,2023-07-11T23:08:59.181Z,Introducing,de,40479,Düsseldorf,51.23783874511719,6.79039192199707,3.5,TRUE,0,2,0,1900-01-01 00:00:00.000005
1055895867,2023-07-11T19:31:11.811Z,Chatting,de,66280,Sulzbach/Saar,49.31034851074219,7.0605268478393555,20.0,TRUE,0,2,0,1900-01-01 00:00:00.000005
370331285,2023-07-11T13:20:29.471Z,Tutoring,de,28219,Bremen,53.111080169677734,8.775050163269043,10.0,FALSE,3,4,1,2023-10-18 09:00:00.000000
130484894,2023-07-11T13:20:02.004Z,Introducing,de,10319,Berlin,52.499366760253906,13.521000862121582,6.0,TRUE,0,2,0,1900-01-01 00:00:00.000005
2128674713,2023-07-11T11:32:41.519Z,Chatting,de,01139,Dresden,51.082889556884766,13.70853328704834,20.0,TRUE,0,3,0,1900-01-01 00:00:00.000005
2068018504,2023-07-11T09:17:36.375Z,Chatting,de,49124,Georgsmarienhütte,52.20674133300781,8.027779579162598,9.0,TRUE,0,2,0,1900-01-01 00:00:00.000005
2217004867,2023-07-10T19:23:44.236Z,Tutoring,de,99089,Erfurt,50.987083435058594,11.020487785339355,5.0,FALSE,42,4,11,2024-08-31 10:00:00.000000
41723550,2023-07-10T18:36:18.845Z,Tutoring,nl,2984GX,Ridderkerk,51.86652374267578,4.619785785675049,3.5,TRUE,1,8,0,2023-11-11 09:30:00.000000
3752850773,2023-07-10T16:56:33.555Z,Active,de,81476,München,48.095176696777344,11.492574691772461,10.0,TRUE,0,0,0,1900-01-01 00:00:00.000005
1435433054,2023-07-10T16:08:32.679Z,Tutoring,nl,1851AW,Heiloo,52.616878509521484,4.728662490844727,7.0,FALSE,115,32,4,2026-02-28 16:00:00.000000
3991795357,2023-07-10T15:57:26.538Z,Tutoring,nl,7552JN,Hengelo,52.26508712768555,6.829928874969482,8.0,TRUE,53,33,2,2024-12-02 18:00:00.000000
2481754068,2023-07-10T13:45:55.227Z,Tutoring,nl,1052VS,Amsterdam,52.377288818359375,4.87361478805542,5.0,FALSE,51,13,4,2024-07-11 13:15:00.000000
521610233,2023-07-10T12:40:56.430Z,Tutoring,nl,1222DM,Hilversum,52.244956970214844,5.172440052032471,3.5,FALSE,185,29,6,2026-03-23 13:45:00.000000
3857629984,2023-07-10T09:52:50.730Z,Tutoring,de,93053,Regensburg,49.002708435058594,12.120845794677734,10.0,FALSE,2,2,1,2024-02-26 16:30:00.000000
1959938020,2023-07-09T12:10:50.422Z,Introducing,de,01326,Dresden,51.019630432128906,13.862208366394043,15.0,TRUE,0,2,0,1900-01-01 00:00:00.000005
294500924,2023-07-08T22:22:23.232Z,Chatting,de,30173,Hannover,52.365177154541016,9.776105880737305,6.0,TRUE,0,1,0,1900-01-01 00:00:00.000005
1093740065,2023-07-07T12:28:41.362Z,Tutoring,nl,6662AA,Elst,51.920257568359375,5.85296106338501,5.0,FALSE,136,12,11,2025-06-13 14:00:00.000000
2397477255,2023-07-07T01:50:03.080Z,Chatting,de,38440,Wolfsburg,52.418846130371094,10.77908992767334,20.0,TRUE,0,2,0,1900-01-01 00:00:00.000005
3813375274,2023-07-06T22:02:53.325Z,Tutoring,de,30167,Hannover,52.38670349121094,9.72331714630127,5.0,FALSE,2,7,0,2024-11-01 12:00:00.000000
436051936,2023-07-06T21:47:40.295Z,Chatting,de,44866,Bochum,51.48112869262695,7.135906219482422,15.0,TRUE,0,2,0,1900-01-01 00:00:00.000005
2853477656,2023-07-06T20:02:25.125Z,Chatting,de,44799,Bochum,51.45159149169922,7.242704391479492,10.0,TRUE,0,1,0,1900-01-01 00:00:00.000005
1046299476,2023-07-06T18:53:07.089Z,Tutoring,nl,4631DD,Hoogerheide,51.42898178100586,4.31364107131958,20.0,TRUE,45,42,1,2024-02-07 19:00:00.000000
891125906,2023-07-06T17:28:45.374Z,Tutoring,de,79114,Freiburg im Breisgau,48.00315475463867,7.820624828338623,3.5,FALSE,2,2,1,2023-11-13 17:30:00.000000
1589312326,2023-07-06T15:56:18.858Z,Chatting,de,55120,Mainz,50.01894760131836,8.231346130371094,10.0,TRUE,0,2,0,1900-01-01 00:00:00.000005
3486955453,2023-07-06T13:37:24.426Z,Tutoring,de,44339,Dortmund,51.54771041870117,7.476111888885498,8.0,FALSE,19,4,5,2024-06-16 11:00:00.000000
2389271825,2023-07-06T13:22:49.403Z,Tutoring,nl,2941EX,Lekkerkerk,51.89488220214844,4.681488990783691,5.0,FALSE,22,7,3,2024-05-12 10:00:00.000000
1687561533,2023-07-06T08:36:10.643Z,Tutoring,nl,2986VS,Ridderkerk,51.86183547973633,4.61113166809082,12.0,FALSE,13,4,3,2023-12-07 18:00:00.000000
3513519955,2023-07-05T16:45:03.161Z,Chatting,de,50933,Köln,50.940155029296875,6.889542579650879,4.5,TRUE,0,1,0,1900-01-01 00:00:00.000005
181247330,2023-07-05T14:15:03.170Z,Tutoring,de,51379,Leverkusen,51.08088302612305,6.991668224334717,10.0,FALSE,1,1,1,2023-11-16 16:30:00.000000
2114097708,2023-07-05T13:19:27.720Z,Tutoring,de,99092,Erfurt,50.983646392822266,11.017281532287598,10.0,FALSE,113,24,5,2025-07-17 13:00:00.000000
3058723184,2023-07-04T19:43:05.545Z,Introducing,de,37081,Göttingen,51.53481674194336,9.901865005493164,5.0,TRUE,0,1,0,1900-01-01 00:00:00.000005
3671303065,2023-07-04T18:17:23.762Z,Tutoring,de,79114,Freiburg im Breisgau,47.99945831298828,7.812902450561523,8.0,FALSE,5,1,5,2024-01-12 14:15:00.000000
1657160043,2023-07-04T17:29:24.639Z,Active,de,22047,Hamburg,53.58076095581055,10.094061851501465,3.5,TRUE,0,0,0,1900-01-01 00:00:00.000005
3359683396,2023-07-04T16:38:33.587Z,Tutoring,nl,3072 NK,Rotterdam,51.900428771972656,4.487789154052734,7.0,FALSE,54,10,5,2024-06-25 16:00:00.000000
179439521,2023-07-04T15:05:11.938Z,Tutoring,nl,3435SM,Nieuwegein,52.02228546142578,5.074856758117676,4.0,TRUE,22,12,2,2024-05-13 15:15:00.000000
1441439057,2023-07-04T10:44:54.613Z,Tutoring,nl,5616AP,Eindhoven,51.43456268310547,5.469036102294922,7.0,TRUE,16,20,1,2024-12-16 15:00:00.000000
370342329,2023-07-03T18:56:05.524Z,Tutoring,de,55116,Mainz,50.00209426879883,8.273151397705078,3.5,TRUE,2,6,0,2023-11-19 14:00:00.000000
3133185532,2023-07-03T15:48:18.428Z,Chatting,de,58135,Hagen,51.33610534667969,7.429295063018799,7.0,TRUE,0,1,0,1900-01-01 00:00:00.000005
1669014763,2023-07-03T10:09:28.690Z,Tutoring,de,66806,Ensdorf,49.30316925048828,6.778796672821045,6.0,FALSE,670,166,4,2026-06-10 14:00:00.000000
324607344,2023-07-03T08:40:29.056Z,Tutoring,de,76189,Karlsruhe,48.99879837036133,8.33533763885498,5.0,TRUE,515,132,4,2026-03-26 14:00:00.000000
3722606055,2023-07-03T07:49:15.657Z,Active,de,66271,Kleinblittersdorf,49.14097595214844,7.053351879119873,4.0,TRUE,0,0,0,1900-01-01 00:00:00.000005
47731831,2023-07-02T21:06:54.588Z,Chatting,de,66111,Saarbrücken,49.2360725402832,6.999569416046143,5.0,TRUE,0,2,0,1900-01-01 00:00:00.000005
1355237332,2023-07-02T17:22:11.689Z,Tutoring,nl,1241BM,Kortenhoef,52.24147033691406,5.116247177124023,5.0,FALSE,273,61,4,2026-02-24 18:00:00.000000
2825310090,2023-07-02T15:04:38.891Z,Chatting,de,71111,Waldenbuch,48.640933990478516,9.137145042419434,15.0,TRUE,0,4,0,1900-01-01 00:00:00.000005
1188632925,2023-07-02T09:00:50.949Z,Tutoring,de,44145,Dortmund,51.525447845458984,7.482882022857666,5.0,TRUE,16,13,1,2025-11-30 15:00:00.000000
761902410,2023-07-01T21:16:57.006Z,Active,de,21147,Hamburg,53.47816848754883,9.843390464782715,4.0,TRUE,0,0,0,1900-01-01 00:00:00.000005
3795310999,2023-06-30T17:38:12.387Z,Chatting,de,24116,Kiel,54.325260162353516,10.123393058776855,3.5,TRUE,0,3,0,1900-01-01 00:00:00.000005
3883632853,2023-06-30T09:31:27.959Z,Active,de,24116,Kiel,54.32766342163086,10.118077278137207,10.0,TRUE,0,0,0,1900-01-01 00:00:00.000005
3108978857,2023-06-29T16:29:42.114Z,Tutoring,nl,8253GB,Dronten,52.53731918334961,5.696779727935791,3.5,FALSE,23,2,12,2024-04-23 15:00:00.000000
777265084,2023-06-29T16:04:26.624Z,Tutoring,nl,1013BV,Amsterdam,52.38565444946289,4.892245769500732,10.0,TRUE,15,17,1,2024-04-16 13:00:00.000000
3231524685,2023-06-29T13:59:30.279Z,Chatting,nl,6815BE,Arnhem,52.004695892333984,5.911567687988281,5.0,TRUE,0,0,0,1900-01-01 00:00:00.000005
1271009672,2023-06-29T06:11:25.927Z,Chatting,de,01307,Dresden,51.04286575317383,13.764851570129395,20.0,TRUE,0,1,0,1900-01-01 00:00:00.000005
1016236754,2023-06-28T18:50:59.859Z,Tutoring,de,60385,Frankfurt am Main,50.1259765625,8.708550453186035,10.0,FALSE,77,21,4,2026-03-31 14:45:00.000000
2468331470,2023-06-28T17:30:03.059Z,Chatting,de,48149,Münster,51.96944808959961,7.588719367980957,8.0,TRUE,0,1,0,1900-01-01 00:00:00.000005
2070565173,2023-06-28T10:10:59.746Z,Active,de,28217,Bremen,53.09471130371094,8.783476829528809,3.5,TRUE,0,0,0,1900-01-01 00:00:00.000005
2421933428,2023-06-28T00:21:32.347Z,Tutoring,nl,2923CA,Krimpen aan den IJssel,51.9119873046875,4.598752021789551,5.0,TRUE,22,12,2,2024-05-17 11:00:00.000000
4018162757,2023-06-27T21:05:52.482Z,Chatting,de,99094,Erfurt,50.96635818481445,11.01065444946289,7.0,TRUE,0,3,0,1900-01-01 00:00:00.000005
3739882122,2023-06-27T20:40:38.006Z,Chatting,de,30459,Hannover,52.34000778198242,9.69922161102295,20.0,TRUE,0,2,0,1900-01-01 00:00:00.000005
2254296129,2023-06-27T17:21:54.663Z,Tutoring,de,18055,Rostock,54.084041595458984,12.134659767150879,3.5,TRUE,32,20,2,2026-02-22 18:00:00.000000
2388393339,2023-06-27T17:16:49.418Z,Tutoring,de,67663,Kaiserslautern,49.43214797973633,7.759848117828369,3.5,TRUE,23,11,2,2024-03-16 15:30:00.000000
1889213803,2023-06-27T15:25:19.395Z,Chatting,de,58135,Hagen,51.35662841796875,7.426104545593262,15.0,TRUE,0,0,0,1900-01-01 00:00:00.000005
146713237,2023-06-27T13:21:53.681Z,Tutoring,de,40470,Düsseldorf,51.25714874267578,6.809607028961182,10.0,FALSE,10,10,1,2025-09-07 12:00:00.000000
1327200277,2023-06-26T19:36:41.890Z,Tutoring,nl,3515EM,Utrecht,52.1009521484375,5.112284183502197,3.5,TRUE,68,21,3,2025-11-07 11:15:00.000000
3283297322,2023-06-26T18:48:33.559Z,Tutoring,nl,6525AJ,Middelburg,51.826908111572266,5.872514247894287,4.0,TRUE,3,3,1,2023-12-14 18:00:00.000000
1426191796,2023-06-26T15:35:51.400Z,Chatting,nl,1338jm,Almere,52.38436508178711,5.272299766540527,3.5,TRUE,0,1,0,1900-01-01 00:00:00.000005
3403426546,2023-06-26T12:09:51.358Z,Tutoring,nl,9003LT,Warten,53.14970016479492,5.896688461303711,18.0,FALSE,13,2,7,2023-10-04 15:00:00.000000
2950244575,2023-06-26T11:56:36.715Z,Chatting,nl,1314rx,Almere,52.3800048828125,5.218455791473389,5.0,TRUE,0,2,0,1900-01-01 00:00:00.000005
1681970654,2023-06-26T09:26:26.623Z,Introducing,de,89160,Dornstadt,48.48200225830078,9.912714958190918,12.0,TRUE,0,5,0,1900-01-01 00:00:00.000005
599211254,2023-06-26T07:36:04.355Z,Active,nl,5721BE,Asten,51.4093017578125,5.74870491027832,7.0,TRUE,0,0,0,1900-01-01 00:00:00.000005
1119881129,2023-06-25T14:47:17.645Z,Tutoring,nl,8266BW,Kampen,52.54838943481445,5.918893337249756,19.799999237060547,TRUE,1,7,0,2023-09-22 14:00:00.000000
3620839858,2023-06-25T13:42:48.136Z,Tutoring,nl,3521AB,Utrecht,52.08490753173828,5.108240604400635,3.5,FALSE,7,3,2,2023-11-13 17:00:00.000000
1597654098,2023-06-25T11:46:01.815Z,Introducing,de,72108,Rottenburg am Neckar,48.44387435913086,8.847512245178223,20.0,TRUE,0,3,0,1900-01-01 00:00:00.000005
2250396952,2023-06-24T17:50:08.349Z,Tutoring,de,10551,Berlin,52.52825164794922,13.336925506591797,5.0,FALSE,172,24,7,2025-06-03 17:00:00.000000
316532661,2023-06-24T10:51:43.944Z,Tutoring,nl,5706RV,Helmond,51.46515655517578,5.640944004058838,19.0,FALSE,138,37,4,2025-03-17 12:00:11.752000
1434470964,2023-06-23T21:10:42.866Z,Tutoring,de,10405,Berlin,52.53550338745117,13.421546936035156,10.0,TRUE,10,11,1,2023-12-05 20:00:00.000000
1187467883,2023-06-23T18:18:18.945Z,Active,de,28213,Bremen,53.092674255371094,8.85086727142334,6.0,TRUE,0,0,0,1900-01-01 00:00:00.000005
982450069,2023-06-22T23:33:48.216Z,Chatting,de,44139,Dortmund,51.5058708190918,7.452451705932617,6.0,TRUE,0,1,0,1900-01-01 00:00:00.000005
546572206,2023-06-22T20:08:57.452Z,Active,nl,5121jh,Rijen,51.5947265625,4.916826248168945,10.0,TRUE,0,0,0,1900-01-01 00:00:00.000005
3361866552,2023-06-22T15:53:50.614Z,Tutoring,de,66571,Eppelborn,49.370330810546875,6.9809393882751465,5.0,FALSE,821,218,4,2026-03-25 16:30:00.000000
3374349356,2023-06-22T15:49:36.265Z,Tutoring,de,12207,Berlin,52.41465759277344,13.315231323242188,6.0,TRUE,4,2,2,2023-11-17 16:30:00.000000
2610136748,2023-06-22T10:10:57.518Z,Tutoring,nl,1782PT,Den Helder,52.961368560791016,4.757767677307129,5.0,FALSE,14,4,4,2024-06-25 14:00:00.000000
3896504743,2023-06-22T09:15:10.905Z,Active,nl,2402VA,Alphen aan den Rijn,52.14589309692383,4.666510581970215,5.0,TRUE,0,0,0,1900-01-01 00:00:00.000005
2097733683,2023-06-21T23:04:06.391Z,Tutoring,nl,1323SJ,Almere,52.36384963989258,5.1899213790893555,3.5,FALSE,215,55,4,2026-03-08 10:00:00.000000
4008741122,2023-06-21T07:56:59.464Z,Tutoring,nl,5233HX,'s-Hertogenbosch,51.71889114379883,5.33086633682251,7.0,FALSE,188,55,3,2026-04-22 13:00:00.000000
295615191,2023-06-20T16:22:51.830Z,Tutoring,de,52074,Aachen,50.7791633605957,6.05802059173584,15.0,TRUE,31,20,2,2024-06-11 13:30:00.000000
150545310,2023-06-20T09:16:14.623Z,Tutoring,nl,1181BN,Amstelveen,52.321685791015625,4.859712600708008,10.0,FALSE,42,8,5,2024-04-18 10:15:00.000000
439635752,2023-06-20T05:59:49.452Z,Introducing,de,47053,Duisburg,51.42060852050781,6.7638773918151855,10.0,TRUE,0,3,0,1900-01-01 00:00:00.000005
4023628863,2023-06-20T04:50:20.749Z,Tutoring,de,81248,München,48.15125274658203,11.406270027160645,5.0,TRUE,26,13,2,2024-03-13 16:00:00.000000
1123419908,2023-06-20T02:47:45.563Z,Chatting,de,65931,Frankfurt am Main,50.08671188354492,8.506999015808105,10.0,TRUE,0,1,0,1900-01-01 00:00:00.000005
956516752,2023-06-19T20:32:44.927Z,Chatting,de,14471,Potsdam,52.39327621459961,13.028796195983887,10.0,TRUE,0,3,0,1900-01-01 00:00:00.000005
3814124284,2023-06-19T20:03:35.384Z,Active,de,57072,Siegen,50.88248825073242,7.967657566070557,5.0,TRUE,0,0,0,1900-01-01 00:00:00.000005
3203210323,2023-06-19T12:11:35.837Z,Tutoring,nl,6666DW,Heteren,51.95746612548828,5.758786678314209,5.0,FALSE,259,38,7,2025-06-22 12:00:00.000000
1918934068,2023-06-19T10:24:15.050Z,Tutoring,nl,9401AT,Assen,52.995872497558594,6.565670967102051,5.599999904632568,FALSE,63,6,11,2026-02-18 19:00:00.000000
3192073773,2023-06-17T18:17:45.939Z,Tutoring,nl,2517KZ,'s-Gravenhage,52.0989990234375,4.281940937042236,3.5,FALSE,57,3,19,2024-06-03 14:00:00.000000
2038679984,2023-06-16T14:58:19.763Z,Tutoring,de,49086,Osnabrück,52.29819869995117,8.101627349853516,10.0,FALSE,258,42,6,2026-03-09 13:30:00.000000
955029728,2023-06-16T14:29:42.950Z,Tutoring,nl,6952AB,Dieren,52.049278259277344,6.096214294433594,3.5,TRUE,233,58,4,2025-10-23 15:00:00.000000
826768649,2023-06-16T09:42:17.181Z,Tutoring,nl,6828VX,Arnhem,51.98075485229492,5.9240264892578125,20.0,TRUE,5,3,2,2024-03-20 17:30:00.000000
3948619287,2023-06-16T07:35:07.257Z,Active,nl,1087CC,Amsterdam,52.3558349609375,4.989810943603516,8.0,TRUE,0,0,0,1900-01-01 00:00:00.000005
4141575906,2023-06-15T18:20:47.796Z,Tutoring,nl,1602RS,Enkhuizen,52.710365295410156,5.275722026824951,4.0,TRUE,6,13,0,2025-01-09 18:30:00.000000
1127044221,2023-06-15T13:37:35.156Z,Tutoring,nl,9405Pd,Assen,52.99402618408203,6.512598037719727,20.0,FALSE,303,32,9,2026-02-25 18:00:00.000000
1670084947,2023-06-14T20:27:07.260Z,Tutoring,nl,1102AC,Amsterdam,52.31689453125,4.955327987670898,6.0,TRUE,6,5,1,2024-01-31 14:00:00.000000
3996938374,2023-06-14T17:54:28.336Z,Tutoring,de,53227,Bonn,50.73956298828125,7.128847599029541,3.5,FALSE,212,48,4,2025-09-28 16:00:00.000000
3521813659,2023-06-14T14:45:04.730Z,Chatting,de,22523,Hamburg,53.6086540222168,9.90235710144043,20.0,TRUE,0,1,0,1900-01-01 00:00:00.000005
624584143,2023-06-14T12:10:19.542Z,Active,de,45309,Essen,51.477447509765625,7.080558776855469,6.0,TRUE,0,0,0,1900-01-01 00:00:00.000005
1830707805,2023-06-13T13:40:24.315Z,Tutoring,de,66133,Saarbrücken,49.24135208129883,7.066281795501709,10.0,FALSE,20,10,2,2025-11-29 12:30:00.000000
3174548058,2023-06-12T21:35:09.911Z,Tutoring,nl,3984KK,Odijk,52.05148696899414,5.238736152648926,10.0,FALSE,12,1,12,2024-11-16 18:15:00.000000
2403779092,2023-06-12T09:40:36.273Z,Tutoring,nl,2741JB,Waddinxveen,52.04133224487305,4.658692359924316,5.0,FALSE,131,33,4,2026-03-07 08:30:00.000000
3120113274,2023-06-11T19:47:10.846Z,Chatting,nl,1421KD,Uithoorn,52.24445724487305,4.813136577606201,15.0,TRUE,0,2,0,1900-01-01 00:00:00.000005
708294562,2023-06-11T13:19:44.965Z,Tutoring,de,31535,Neustadt am Rübenberge,52.586639404296875,9.390815734863281,20.0,TRUE,1,4,0,2023-12-13 17:00:00.000000
1342049807,2023-06-11T12:33:48.711Z,Introducing,de,60316,Frankfurt am Main,50.12321472167969,8.697381973266602,3.5,TRUE,0,3,0,1900-01-01 00:00:00.000005
1562042754,2023-06-11T10:08:37.633Z,Tutoring,de,14195,Berlin,52.45738983154297,13.294856071472168,7.0,TRUE,7,4,2,2024-01-16 18:00:00.000000
1414655068,2023-06-11T10:05:05.463Z,Active,de,34117,Kassel,51.31460952758789,9.489492416381836,5.0,TRUE,0,0,0,1900-01-01 00:00:00.000005
3060246132,2023-06-11T08:53:14.719Z,Active,de,07743,Jena,50.944175720214844,11.594857215881348,10.0,TRUE,0,0,0,1900-01-01 00:00:00.000005
3321211319,2023-06-10T22:11:44.338Z,Introducing,de,24113,Kiel,54.306007385253906,10.121373176574707,20.0,TRUE,0,0,0,1900-01-01 00:00:00.000005
2920573033,2023-06-10T21:35:12.832Z,Tutoring,de,13583,Berlin,52.53852081298828,13.17647933959961,4.0,FALSE,21,5,4,2023-12-21 18:00:00.000000
3466573722,2023-06-10T19:24:52.101Z,Active,de,01277,Dresden,51.04527282714844,13.803465843200684,5.0,TRUE,0,0,0,1900-01-01 00:00:00.000005
1750535750,2023-06-09T12:10:53.532Z,Chatting,de,76676,Graben-Neudorf,49.162532806396484,8.492958068847656,20.0,TRUE,0,3,0,1900-01-01 00:00:00.000005
3187551274,2023-06-09T09:16:49.945Z,Tutoring,de,30989,Gehrden,52.35763931274414,9.617079734802246,15.0,FALSE,44,3,15,2026-02-26 18:00:00.000000
1215141610,2023-06-08T21:07:43.659Z,Chatting,de,06366,Köthen (Anhalt),51.757076263427734,11.965523719787598,20.0,TRUE,0,4,0,1900-01-01 00:00:00.000005
3642134334,2023-06-08T17:09:00.576Z,Tutoring,de,33100,Paderborn,51.71352005004883,8.794720649719238,15.0,FALSE,269,41,7,2026-04-29 15:30:00.000000
1207230791,2023-06-08T13:35:20.369Z,Chatting,de,45127,Essen,51.462379455566406,7.015312194824219,7.0,TRUE,0,3,0,1900-01-01 00:00:00.000005
279665028,2023-06-08T11:12:19.571Z,Active,de,86167,Augsburg,48.39333724975586,10.93727970123291,10.0,TRUE,0,0,0,1900-01-01 00:00:00.000005
810513811,2023-06-08T09:22:37.026Z,Tutoring,nl,5014LT,Tilburg,51.57051086425781,5.0894341468811035,10.0,FALSE,29,4,7,2025-01-23 16:30:00.000000
557570680,2023-06-07T21:43:19.630Z,Tutoring,de,01612,Nünchritz,51.28086471557617,13.403901100158691,20.0,FALSE,1,2,1,2023-07-02 16:00:00.000000
3608595478,2023-06-07T19:33:39.974Z,Active,de,99099,Erfurt,50.94356155395508,11.093558311462402,15.0,TRUE,0,0,0,1900-01-01 00:00:00.000005
1070369468,2023-06-07T18:18:15.862Z,Chatting,de,91054,Erlangen,49.59516525268555,11.008219718933105,12.0,TRUE,0,1,0,1900-01-01 00:00:00.000005
1034051924,2023-06-07T17:33:39.749Z,Chatting,nl,2312NP,Leiden,52.164241790771484,4.490458965301514,5.0,TRUE,0,4,0,1900-01-01 00:00:00.000005
4086105118,2023-06-07T16:54:59.160Z,Tutoring,nl,6713LK,Ede,52.037086486816406,5.663006782531738,5.5,FALSE,3,3,1,2024-05-10 09:00:00.000000
194012021,2023-06-07T15:59:59.213Z,Chatting,de,84347,Pfarrkirchen,48.44352340698242,12.936649322509766,20.0,TRUE,0,3,0,1900-01-01 00:00:00.000005
1088552420,2023-06-07T14:26:38.173Z,Active,nl,5021EJ,Tilburg,51.54706954956055,5.099001884460449,4.0,TRUE,0,0,0,1900-01-01 00:00:00.000005
3348298607,2023-06-07T12:36:11.951Z,Tutoring,de,66133,Saarbrücken,49.24738311767578,7.060064792633057,10.0,FALSE,1,1,1,2023-12-16 13:00:00.000000
1289005675,2023-06-07T09:24:53.954Z,Tutoring,de,99089,Erfurt,50.98923873901367,11.014345169067383,8.0,FALSE,11,2,6,2024-05-30 16:00:00.000000
266866646,2023-06-06T19:59:23.390Z,Introducing,de,81375,München,48.121849060058594,11.479214668273926,3.5,TRUE,0,2,0,1900-01-01 00:00:00.000005
1602583916,2023-06-06T19:07:01.958Z,Tutoring,nl,1733 LC,Nieuwe Niedorp,52.743194580078125,4.898923397064209,20.0,FALSE,29,8,4,2024-04-02 16:45:00.000000
3811878192,2023-06-06T17:24:29.726Z,Tutoring,de,14055,Berlin,52.510562896728516,13.24411392211914,3.5,FALSE,5,2,3,2023-09-05 12:30:00.000000
3064090208,2023-06-06T13:41:18.321Z,Tutoring,de,13189,Berlin,52.55599594116211,13.416303634643555,5.0,FALSE,2,5,0,2023-06-18 10:00:00.000000
3896759747,2023-06-06T13:03:04.135Z,Tutoring,nl,4553CV,Philippine,51.283912658691406,3.7534821033477783,10.0,FALSE,2,5,0,2023-07-01 17:45:00.000000
2287677182,2023-06-06T12:28:49.308Z,Tutoring,nl,3065NG,Rotterdam,51.923789978027344,4.547596454620361,10.0,FALSE,27,8,3,2024-03-05 12:45:00.000000
3550647382,2023-06-06T08:23:28.799Z,Tutoring,nl,5951GZ,Belfeld,51.31093215942383,6.123911380767822,3.5,TRUE,45,16,3,2025-06-26 12:30:00.000000
3817113479,2023-06-05T09:51:37.006Z,Tutoring,de,67059,Ludwigshafen am Rhein,49.47727966308594,8.442975997924805,20.0,FALSE,197,67,3,2026-02-26 16:00:00.000000
1822723895,2023-06-05T08:32:45.672Z,Chatting,de,60486,Frankfurt am Main,50.11680221557617,8.635700225830078,20.0,TRUE,0,2,0,1900-01-01 00:00:00.000005
4140901677,2023-06-04T14:43:49.494Z,Chatting,nl,7941HH,Meppel,52.69291687011719,6.1974406242370605,7.0,TRUE,0,2,0,1900-01-01 00:00:00.000005
1001955033,2023-06-04T09:07:16.332Z,Chatting,de,81371,München,48.112579345703125,11.54948902130127,20.0,TRUE,0,1,0,1900-01-01 00:00:00.000005
766504811,2023-06-03T12:49:48.564Z,Chatting,de,59174,Kamen,51.5802001953125,7.714663982391357,15.0,TRUE,0,3,0,1900-01-01 00:00:00.000005
2681246024,2023-06-03T10:09:31.670Z,Tutoring,nl,2742GH,Waddinxveen,52.057098388671875,4.644224166870117,4.0,TRUE,1,4,0,2023-07-04 17:00:00.000000
4221488352,2023-06-03T06:23:30.537Z,Active,nl,8381BK,Vledder,52.859886169433594,6.2112345695495605,10.0,TRUE,0,0,0,1900-01-01 00:00:00.000005
467354479,2023-06-02T17:24:02.111Z,Tutoring,de,44869,Bochum,51.45439910888672,7.175753593444824,10.0,TRUE,4,8,1,2023-11-23 17:00:00.000000
690112195,2023-06-02T14:53:09.403Z,Tutoring,nl,7823KK,Emmen,52.79547119140625,6.939269065856934,20.0,FALSE,31,11,3,2026-02-24 16:30:00.000000
3999065302,2023-06-02T13:02:39.197Z,Tutoring,de,96050,Bamberg,49.88835144042969,10.914420127868652,20.0,FALSE,450,32,14,2026-03-06 16:00:00.000000
2714566485,2023-06-01T16:44:41.949Z,Active,de,66333,Völklingen,49.26555252075195,6.870219707489014,10.0,TRUE,0,0,0,1900-01-01 00:00:00.000005
443014326,2023-06-01T16:40:44.779Z,Tutoring,de,66346,Püttlingen,49.291473388671875,6.878756046295166,5.0,FALSE,108,21,5,2024-12-16 16:00:00.000000
2328496275,2023-06-01T16:34:40.728Z,Active,de,39291,Möser,52.209957122802734,11.80667781829834,20.0,TRUE,0,0,0,1900-01-01 00:00:00.000005
8612996,2023-06-01T15:41:13.744Z,Tutoring,de,57074,Siegen,50.86854934692383,8.055903434753418,5.0,FALSE,8,2,4,2024-01-08 15:00:00.000000
1613489160,2023-06-01T15:38:01.879Z,Tutoring,de,01127,Dresden,51.0789680480957,13.721569061279297,6.0,FALSE,1,2,1,2023-09-27 18:30:00.000000
1425453789,2023-06-01T15:37:51.750Z,Tutoring,de,01127,Dresden,51.0789680480957,13.721569061279297,6.0,FALSE,34,7,5,2025-12-10 16:00:00.000000
2045207977,2023-06-01T15:32:58.515Z,Tutoring,de,79400,Kandern,47.73771667480469,7.643052101135254,20.0,FALSE,236,57,4,2026-03-25 17:00:00.000000
1182087501,2023-06-01T05:02:27.092Z,Active,de,89143,Blaubeuren,48.38072967529297,9.808671951293945,20.0,TRUE,0,0,0,1900-01-01 00:00:00.000005
925720695,2023-05-31T16:53:35.703Z,Tutoring,de,49143,Bissendorf,52.26484298706055,8.25049877166748,20.0,FALSE,3,5,1,2023-07-06 17:00:00.000000
4089440079,2023-05-31T13:59:31.781Z,Tutoring,de,47166,Duisburg,51.491268157958984,6.7684407234191895,5.0,FALSE,53,21,3,2025-10-06 16:15:00.000000
362188127,2023-05-31T13:12:50.605Z,Chatting,de,76287,Rheinstetten,48.961219787597656,8.337834358215332,7.0,TRUE,0,1,0,1900-01-01 00:00:00.000005
2163784690,2023-05-31T08:02:56.439Z,Chatting,nl,2825BM,Berkenwoude,51.94536590576172,4.708505630493164,20.0,TRUE,0,3,0,1900-01-01 00:00:00.000005
2658839547,2023-05-30T18:59:00.809Z,Tutoring,nl,3081XA,Rotterdam,51.89312744140625,4.4838690757751465,3.5,TRUE,161,71,2,2025-11-24 14:15:00.000000
4231206402,2023-05-30T17:15:17.694Z,Tutoring,de,67067,Ludwigshafen am Rhein,49.443538665771484,8.423867225646973,4.0,FALSE,1,1,1,2023-10-03 13:10:00.000000
1182348005,2023-05-29T18:35:36.053Z,Tutoring,de,97072,Würzburg,49.783077239990234,9.934967041015625,10.0,FALSE,2,8,0,2025-05-01 06:30:00.000000
695800323,2023-05-28T17:31:57.537Z,Tutoring,de,46147,Oberhausen,51.55744171142578,6.832754611968994,15.0,FALSE,10,2,5,2024-02-15 15:30:00.000000
4236314827,2023-05-28T08:41:51.705Z,Tutoring,de,01069,Dresden,51.03725051879883,13.731363296508789,20.0,FALSE,23,7,3,2024-06-17 15:30:00.000000
1287951905,2023-05-28T06:26:50.878Z,Tutoring,nl,2375xr,Rijpwetering,52.19344711303711,4.578951835632324,10.0,TRUE,8,12,1,2024-12-14 14:00:00.000000
2295554708,2023-05-27T22:51:25.689Z,Chatting,de,47877,Willich,51.25603485107422,6.485198020935059,20.0,TRUE,0,7,0,1900-01-01 00:00:00.000005
1989694695,2023-05-27T21:15:09.697Z,Introducing,de,66386,Sankt Ingbert,49.266422271728516,7.106295108795166,5.0,TRUE,0,5,0,1900-01-01 00:00:00.000005
3952920516,2023-05-27T10:34:55.967Z,Chatting,nl,1017BE,Amsterdam,52.366554260253906,4.891504764556885,5.0,TRUE,0,3,0,1900-01-01 00:00:00.000005
1247244291,2023-05-26T15:58:54.223Z,Active,de,09111,Chemnitz,50.83412170410156,12.916752815246582,3.5,TRUE,0,0,0,1900-01-01 00:00:00.000005
2567080488,2023-05-26T15:06:19.168Z,Introducing,de,76344,Eggenstein-Leopoldshafen,49.078758239746094,8.393381118774414,10.0,TRUE,0,1,0,1900-01-01 00:00:00.000005
2339961870,2023-05-26T08:38:20.526Z,Chatting,nl,2261dg,Leidschendam,52.09156799316406,4.378164291381836,5.0,TRUE,0,2,0,1900-01-01 00:00:00.000005
2829505165,2023-05-25T19:07:39.004Z,Active,nl,8016 DB,Zwolle,52.48610305786133,6.100813388824463,5.0,TRUE,0,0,0,1900-01-01 00:00:00.000005
3363826853,2023-05-25T17:46:09.577Z,Tutoring,nl,2692be,'s-Gravenzande,52.00139236450195,4.153817176818848,6.0,TRUE,6,5,1,2024-03-12 18:00:00.000000
4133404510,2023-05-25T16:59:24.675Z,Introducing,de,10779,Berlin,52.489105224609375,13.338143348693848,8.0,TRUE,0,4,0,1900-01-01 00:00:00.000005
3620923569,2023-05-25T13:15:27.464Z,Chatting,de,66359,Bous,49.28055191040039,6.795970916748047,10.0,TRUE,0,1,0,1900-01-01 00:00:00.000005
4179173138,2023-05-25T08:19:56.110Z,Tutoring,nl,1391ha,Abcoude,52.28752899169922,5.0029616355896,15.0,FALSE,3,6,1,2023-07-17 16:30:00.000000
3637384710,2023-05-25T08:19:35.530Z,Active,de,46240,Bottrop,51.54133987426758,6.945873737335205,6.0,TRUE,0,0,0,1900-01-01 00:00:00.000005
2951937865,2023-05-24T15:42:11.825Z,Tutoring,nl,1784RS,Den Helder,52.930355072021484,4.748088836669922,15.0,TRUE,2,4,1,2024-03-02 12:00:00.000000
2040346357,2023-05-24T11:52:03.690Z,Tutoring,de,49080,Osnabrück,52.270137786865234,8.035197257995605,10.0,FALSE,55,12,5,2026-03-03 14:00:00.000000
4111387119,2023-05-24T08:42:12.588Z,Introducing,de,85053,Ingolstadt,48.73384094238281,11.478339195251465,10.0,TRUE,0,2,0,1900-01-01 00:00:00.000005
3263984399,2023-05-23T20:23:25.925Z,Chatting,de,46045,Oberhausen,51.472694396972656,6.855802059173584,3.5,TRUE,0,5,0,1900-01-01 00:00:00.000005
3559107483,2023-05-23T16:56:28.367Z,Active,de,73312,Geislingen an der Steige,48.61321258544922,9.81538200378418,20.0,TRUE,0,0,0,1900-01-01 00:00:00.000005
253455154,2023-05-23T14:38:03.217Z,Chatting,de,10623,Berlin,52.503143310546875,13.323678970336914,3.5,TRUE,0,1,0,1900-01-01 00:00:00.000005
489789185,2023-05-23T12:56:13.880Z,Tutoring,de,12159,Berlin,52.47641372680664,13.331772804260254,15.0,TRUE,5,14,0,2024-03-20 14:30:00.000000
1714310979,2023-05-23T11:16:17.944Z,Tutoring,de,47057,Duisburg,51.431602478027344,6.789112567901611,15.0,TRUE,287,72,4,2025-12-07 10:00:00.000000
1203588766,2023-05-23T09:17:42.684Z,Active,de,99085,Erfurt,50.98533248901367,11.048346519470215,10.0,TRUE,0,0,0,1900-01-01 00:00:00.000005
2691429486,2023-05-22T20:43:36.375Z,Chatting,de,40549,Düsseldorf,51.231231689453125,6.701737880706787,15.0,TRUE,0,2,0,1900-01-01 00:00:00.000005
2248496579,2023-05-22T19:24:42.717Z,Tutoring,nl,3523CL,Utrecht,52.07485580444336,5.120925426483154,3.5,FALSE,1,3,0,2023-06-09 13:30:00.000000
1067638743,2023-05-22T19:14:12.590Z,Tutoring,de,44892,Bochum,51.47422409057617,7.304567337036133,8.0,FALSE,1,2,1,2023-06-22 15:45:00.000000
3300049542,2023-05-22T19:00:55.483Z,Tutoring,de,23554,Lübeck,53.87398147583008,10.67098331451416,10.0,TRUE,4,7,1,2023-07-05 17:00:00.000000
3405067691,2023-05-22T18:40:56.455Z,Introducing,de,06193,Wettin-Löbejün,51.636741638183594,11.943592071533203,10.0,TRUE,0,2,0,1900-01-01 00:00:00.000005
390477537,2023-05-22T18:35:24.526Z,Introducing,de,80798,München,48.155296325683594,11.566587448120117,5.0,TRUE,0,1,0,1900-01-01 00:00:00.000005
2593070687,2023-05-22T18:33:21.917Z,Chatting,de,89075,Ulm,48.41949462890625,10.002699851989746,7.0,TRUE,0,2,0,1900-01-01 00:00:00.000005
3025406187,2023-05-22T18:31:42.796Z,Active,de,48157,Münster,51.99300003051758,7.650850772857666,15.0,TRUE,0,0,0,1900-01-01 00:00:00.000005
561765178,2023-05-22T18:27:42.189Z,Tutoring,de,44309,Dortmund,51.51803970336914,7.5559401512146,10.0,TRUE,15,8,2,2023-12-19 16:00:00.000000
2265677667,2023-05-22T14:33:39.745Z,Active,de,47798,Krefeld,51.33094024658203,6.549777507781982,5.0,TRUE,0,0,0,1900-01-01 00:00:00.000005
1808076961,2023-05-22T12:41:00.989Z,Tutoring,de,49124,Georgsmarienhütte,52.226829528808594,8.081230163574219,10.0,FALSE,10,2,5,2024-06-04 14:00:00.000000
432371283,2023-05-21T18:53:44.945Z,Tutoring,de,13509,Berlin,52.58754348754883,13.29237174987793,4.0,TRUE,5,8,1,2025-04-28 15:30:00.000000
1865889111,2023-05-21T14:22:13.714Z,Tutoring,de,63150,Heusenstamm,50.05005645751953,8.79304313659668,4.0,FALSE,324,33,10,2026-02-25 17:30:00.000000
3017243268,2023-05-21T13:03:11.595Z,Tutoring,nl,7552NV,Hengelo,52.25957107543945,6.82833194732666,5.0,TRUE,16,12,1,2024-07-03 11:30:00.000000
3485774725,2023-05-21T12:32:15.252Z,Active,de,31675,Bückeburg,52.288333892822266,8.995878219604492,10.0,TRUE,0,0,0,1900-01-01 00:00:00.000005
386475130,2023-05-20T09:34:22.264Z,Tutoring,nl,3117PT,Schiedam,51.9123420715332,4.386091709136963,7.0,FALSE,3,6,1,2023-06-15 12:00:00.000000
95362719,2023-05-19T20:52:03.238Z,Tutoring,nl,1092KZ,Amsterdam,52.354007720947266,4.92462682723999,6.0,TRUE,74,37,2,2024-06-29 11:00:00.000000
2830753733,2023-05-19T10:51:51.724Z,Active,de,31311,Uetze,52.4620475769043,10.20450210571289,3.5,TRUE,0,0,0,1900-01-01 00:00:00.000005
2946834528,2023-05-19T07:40:05.159Z,Chatting,de,90409,Nürnberg,49.46928024291992,11.085627555847168,3.5,TRUE,0,2,0,1900-01-01 00:00:00.000005
214436435,2023-05-19T05:04:55.331Z,Tutoring,de,89075,Ulm,48.40872573852539,9.963823318481445,15.0,FALSE,228,13,18,2026-03-01 09:00:00.000000
760821766,2023-05-19T04:55:37.296Z,Chatting,de,53347,Alfter,50.7132453918457,7.018019199371338,6.0,TRUE,0,1,0,1900-01-01 00:00:00.000005
3604768076,2023-05-18T23:34:51.032Z,Tutoring,de,60487,Frankfurt am Main,50.13081359863281,8.644488334655762,5.0,FALSE,13,4,3,2024-05-09 08:00:00.000000
2297077370,2023-05-18T14:50:49.193Z,Tutoring,nl,1336ZN,Almere,52.40487289428711,5.324651718139648,20.0,TRUE,19,16,1,2024-11-17 12:00:00.000000
1187016807,2023-05-17T19:42:00.362Z,Active,de,10178,Berlin,52.51988983154297,13.428166389465332,6.0,TRUE,0,0,0,1900-01-01 00:00:00.000005
1721898479,2023-05-16T22:06:09.072Z,Chatting,de,01324,Dresden,51.06062316894531,13.819233894348145,6.0,TRUE,0,1,0,1900-01-01 00:00:00.000005
1594435205,2023-05-16T19:26:22.684Z,Tutoring,nl,5233jl,'s-Hertogenbosch,51.715396881103516,5.332152843475342,15.0,FALSE,105,60,2,2025-06-27 12:00:00.000000
2982525297,2023-05-16T19:13:04.050Z,Tutoring,de,44145,Dortmund,51.52415084838867,7.467004776000977,10.0,TRUE,3,5,1,2024-03-10 17:00:00.000000
3987562906,2023-05-16T14:30:09.095Z,Active,de,69181,Leimen,49.355918884277344,8.689483642578125,10.0,TRUE,0,0,0,1900-01-01 00:00:00.000005
1221296045,2023-05-16T11:51:40.805Z,Active,de,52074,Aachen,50.76971435546875,6.063012599945068,4.0,TRUE,0,0,0,1900-01-01 00:00:00.000005
1564460102,2023-05-16T11:39:27.539Z,Tutoring,de,07747,Jena,50.88481140136719,11.612649917602539,15.0,FALSE,15,7,2,2024-04-29 15:30:00.000000
1012328544,2023-05-15T17:10:39.707Z,Active,de,01219,Dresden,51.02345657348633,13.77052116394043,4.0,TRUE,0,0,0,1900-01-01 00:00:00.000005
957658881,2023-05-15T16:23:34.424Z,Active,de,48161,Münster,51.9560432434082,7.540608882904053,7.0,TRUE,0,0,0,1900-01-01 00:00:00.000005
4195972015,2023-05-14T20:40:06.714Z,Active,nl,6821GL,Arnhem,51.99147415161133,5.914833068847656,10.0,TRUE,0,0,0,1900-01-01 00:00:00.000005
4108941065,2023-05-14T07:39:58.637Z,Tutoring,nl,7542SC,Enschede,52.19865798950195,6.91181755065918,3.5,FALSE,5,1,5,2023-10-23 14:45:00.000000
1104684282,2023-05-13T14:48:44.180Z,Tutoring,de,01307,Dresden,51.05237579345703,13.775266647338867,10.0,FALSE,30,2,15,2024-05-13 14:30:00.000000
3353757150,2023-05-13T08:29:02.691Z,Tutoring,nl,3225tc,Hellevoetsluis,51.83656692504883,4.158474922180176,3.5,FALSE,5,4,1,2023-06-29 17:30:00.000000
4076934448,2023-05-12T07:08:30.769Z,Chatting,de,22359,Hamburg,53.65740203857422,10.16406536102295,5.0,TRUE,0,1,0,1900-01-01 00:00:00.000005
1092624684,2023-05-11T14:35:41.992Z,Tutoring,nl,7522MH,Enschede,52.24290466308594,6.846233367919922,7.0,TRUE,4,7,1,2024-02-07 15:00:00.000000
2768416075,2023-05-11T10:40:51.951Z,Introducing,de,80939,München,48.19965362548828,11.625223159790039,10.0,TRUE,0,2,0,1900-01-01 00:00:00.000005
449252982,2023-05-11T08:04:47.390Z,Chatting,de,44149,Dortmund,51.4903564453125,7.384016513824463,10.0,TRUE,0,2,0,1900-01-01 00:00:00.000005
805746941,2023-05-10T21:01:32.132Z,Tutoring,de,10407,Berlin,52.53154373168945,13.444443702697754,5.0,FALSE,1,3,0,2023-05-25 20:30:00.000000
1372590244,2023-05-10T19:43:18.636Z,Introducing,de,97072,Würzburg,49.781009674072266,9.933504104614258,10.0,TRUE,0,1,0,1900-01-01 00:00:00.000005
3145521664,2023-05-10T18:26:32.638Z,Chatting,de,13437,Berlin,52.590152740478516,13.332764625549316,3.5,TRUE,0,3,0,1900-01-01 00:00:00.000005
737551551,2023-05-09T20:24:16.048Z,Tutoring,nl,6511TP,Nijmegen,51.84702682495117,5.866586208343506,6.0,FALSE,43,6,7,2024-06-03 13:30:00.000000
3692391634,2023-05-08T19:56:45.546Z,Tutoring,nl,2632 DS,Nootdorp,52.04924392700195,4.388272285461426,3.5,TRUE,5,12,0,2024-01-10 17:00:00.000000
2703294656,2023-05-08T17:28:07.292Z,Tutoring,de,39106,Magdeburg,52.143184661865234,11.649749755859375,5.0,FALSE,4,6,1,2023-11-30 18:00:00.000000
38476107,2023-05-08T08:33:15.145Z,Tutoring,nl,2624NC,Delft,51.996009826660156,4.352953910827637,3.5,FALSE,194,37,5,2026-01-20 16:00:00.000000
2171439060,2023-05-07T19:05:55.771Z,Tutoring,de,59071,Hamm,51.68733215332031,7.844947338104248,5.0,FALSE,5,7,1,2023-12-10 17:30:00.000000
1659003957,2023-05-06T22:13:27.854Z,Chatting,nl,5121WD,Rijen,51.58546447753906,4.920818328857422,9.0,TRUE,0,2,0,1900-01-01 00:00:00.000005
2160375504,2023-05-06T18:22:37.144Z,Tutoring,de,44147,Dortmund,51.523860931396484,7.455425262451172,3.5,TRUE,1,3,0,2024-05-02 15:00:00.000000
981510866,2023-05-06T07:31:41.044Z,Tutoring,nl,3086JS,Rotterdam,51.873722076416016,4.461092948913574,20.0,FALSE,28,6,5,2024-06-23 10:15:00.000000
1011235783,2023-05-05T11:56:34.881Z,Chatting,de,49080,Osnabrück,52.2696647644043,8.032625198364258,7.0,TRUE,0,1,0,1900-01-01 00:00:00.000005
1290169002,2023-05-05T10:52:20.305Z,Active,de,38124,Braunschweig,52.20903015136719,10.537610054016113,10.0,TRUE,0,0,0,1900-01-01 00:00:00.000005
1459053646,2023-05-04T22:02:51.439Z,Active,de,61184,Karben,50.235191345214844,8.75209903717041,7.0,TRUE,0,0,0,1900-01-01 00:00:00.000005
4197104310,2023-05-04T19:05:02.888Z,Active,de,61169,Friedberg (Hessen),50.301788330078125,8.791499137878418,20.0,TRUE,0,0,0,1900-01-01 00:00:00.000005
1918966172,2023-05-03T21:30:04.444Z,Active,de,53175,Bonn,50.700679779052734,7.13040018081665,8.0,TRUE,0,0,0,1900-01-01 00:00:00.000005
778361139,2023-05-03T14:20:28.120Z,Tutoring,de,01277,Dresden,51.03032684326172,13.79029655456543,3.799999952316284,FALSE,3,2,2,2023-12-01 12:00:00.000000
2225144555,2023-05-03T13:02:12.812Z,Tutoring,de,18147,Rostock,54.14570617675781,12.115985870361328,5.0,FALSE,175,31,6,2026-04-20 15:00:00.000000
3964511790,2023-05-03T09:08:56.797Z,Tutoring,nl,1349NE,Almere,52.3371467590332,5.337078094482422,20.0,FALSE,194,15,13,2026-06-29 14:00:00.000000
3832147786,2023-05-02T20:00:07.062Z,Active,de,24250,Nettelsee,54.17445373535156,10.194862365722656,15.0,TRUE,0,0,0,1900-01-01 00:00:00.000005
2668514814,2023-05-02T19:23:45.263Z,Tutoring,nl,3142BV,Maassluis,51.9260368347168,4.259291648864746,15.0,FALSE,37,7,5,2024-01-18 17:00:00.000000
2927956222,2023-05-02T16:50:10.505Z,Tutoring,de,91054,Erlangen,49.59486770629883,11.012837409973145,4.0,FALSE,2,1,2,2023-06-24 12:00:00.000000
3692025164,2023-05-02T11:35:14.887Z,Chatting,de,44653,Herne,51.54169845581055,7.1802215576171875,10.0,TRUE,0,1,0,1900-01-01 00:00:00.000005
557452335,2023-05-02T11:21:12.505Z,Active,de,64354,Reinheim,49.825721740722656,8.83395004272461,10.0,TRUE,0,0,0,1900-01-01 00:00:00.000005
3834755848,2023-05-02T10:55:55.589Z,Tutoring,de,91058,Erlangen,49.57485580444336,11.017273902893066,8.0,FALSE,12,2,6,2023-09-17 13:00:00.000000
1495078693,2023-05-02T08:13:33.975Z,Chatting,de,72072,Tübingen,48.501529693603516,9.05068302154541,15.0,TRUE,0,3,0,1900-01-01 00:00:00.000005
3279005313,2023-05-01T19:35:23.241Z,Tutoring,de,07743,Jena,50.92888641357422,11.576654434204102,3.5,FALSE,30,5,6,2024-02-21 17:00:00.000000
528561272,2023-05-01T17:14:20.388Z,Tutoring,nl,3544AB,Utrecht,52.0869255065918,5.062058925628662,3.5,FALSE,166,42,4,2026-03-30 17:00:00.000000
3643087341,2023-04-30T21:37:35.705Z,Chatting,de,07743,Jena,50.93597412109375,11.585771560668945,4.0,TRUE,0,1,0,1900-01-01 00:00:00.000005
2357040786,2023-04-30T20:42:53.633Z,Tutoring,nl,9718NX,Groningen,53.21739959716797,6.544768810272217,5.0,FALSE,2,4,1,2023-06-22 15:00:00.000000
4106441788,2023-04-30T19:20:23.545Z,Introducing,nl,7415NH,Deventer,52.2777099609375,6.172221660614014,10.0,TRUE,0,2,0,1900-01-01 00:00:00.000005
2745293346,2023-04-30T18:47:33.021Z,Active,de,89284,Pfaffenhofen an der Roth,48.35795593261719,10.163748741149902,10.0,TRUE,0,0,0,1900-01-01 00:00:00.000005
3890729495,2023-04-30T08:08:28.608Z,Active,de,72119,Ammerbuch,48.5249137878418,8.965662956237793,7.0,TRUE,0,0,0,1900-01-01 00:00:00.000005
771957499,2023-04-29T18:23:05.772Z,Active,de,59174,Kamen,51.591041564941406,7.666139602661133,20.0,TRUE,0,0,0,1900-01-01 00:00:00.000005
417789462,2023-04-28T14:35:07.164Z,Tutoring,nl,5673NG,Nuenen,51.47365951538086,5.559692859649658,6.0,TRUE,14,8,2,2024-06-19 15:30:00.000000
1057155651,2023-04-28T11:54:25.791Z,Chatting,de,66119,Saarbrücken,49.22367477416992,7.005018711090088,10.0,TRUE,0,3,0,1900-01-01 00:00:00.000005
405772281,2023-04-28T08:42:48.299Z,Tutoring,nl,2353PE,Leiderdorp,52.16149139404297,4.53651237487793,20.0,FALSE,337,54,6,2026-02-26 15:30:00.000000
3065606020,2023-04-27T17:36:35.003Z,Chatting,de,30455,Hannover,52.36705780029297,9.672607421875,4.0,TRUE,0,0,0,1900-01-01 00:00:00.000005
2767841667,2023-04-27T14:20:00.840Z,Tutoring,de,06120,Halle (Saale),51.50041198730469,11.941584587097168,10.0,FALSE,65,17,4,2026-02-16 16:45:00.000000
3765740214,2023-04-26T19:24:36.424Z,Active,de,69126,Heidelberg,49.37785720825195,8.687080383300781,15.0,TRUE,0,0,0,1900-01-01 00:00:00.000005
1296619365,2023-04-26T18:53:29.314Z,Tutoring,de,69115,Heidelberg,49.4016227722168,8.668800354003906,5.0,FALSE,71,19,4,2026-05-18 15:45:00.000000
80763002,2023-04-26T13:58:35.107Z,Tutoring,nl,2584VN,'s-Gravenhage,52.1023063659668,4.274493217468262,4.0,TRUE,49,21,2,2024-05-11 09:00:00.000000
3055276844,2023-04-26T10:53:55.811Z,Tutoring,nl,3069HT,Rotterdam,51.962303161621094,4.527909278869629,7.0,FALSE,123,20,6,2024-10-25 14:15:00.000000
218946824,2023-04-26T10:32:20.191Z,Tutoring,nl,8181wp,Heerde,52.3834342956543,6.029776573181152,20.0,FALSE,6,3,2,2024-03-26 14:00:00.000000
4106037981,2023-04-26T10:22:18.015Z,Tutoring,nl,7421DJ,Deventer,52.2430305480957,6.21311092376709,15.0,FALSE,63,17,4,2026-03-02 18:00:00.000000
119120945,2023-04-25T16:47:38.381Z,Tutoring,de,97084,Würzburg,49.763301849365234,9.956300735473633,10.0,FALSE,16,3,5,2024-02-28 14:30:00.000000
3913256360,2023-04-25T14:09:09.287Z,Chatting,de,51371,Leverkusen,51.055484771728516,6.955661773681641,5.0,TRUE,0,1,0,1900-01-01 00:00:00.000005
3774613018,2023-04-25T13:38:42.658Z,Tutoring,nl,2134ZZ,Hoofddorp,52.32303237915039,4.6498613357543945,6.0,FALSE,12,6,2,2024-12-10 16:15:00.000000
4181034770,2023-04-24T21:24:28.798Z,Tutoring,de,83125,Eggstätt,47.929351806640625,12.37802791595459,20.0,TRUE,55,23,2,2026-03-05 17:15:00.000000
820526030,2023-04-24T19:21:21.600Z,Introducing,de,12049 Berlin,Berlin,52.4748420715332,13.42491340637207,5.0,TRUE,0,2,0,1900-01-01 00:00:00.000005
3290430375,2023-04-24T18:22:14.256Z,Tutoring,de,01069,Dresden,51.03725051879883,13.731363296508789,7.5,FALSE,3,2,2,2023-06-01 18:00:00.000000
4283513798,2023-04-24T18:21:39.030Z,Tutoring,de,01067,Dresden,51.05674743652344,13.715128898620605,12.0,FALSE,125,31,4,2026-02-28 13:00:00.000000
395720378,2023-04-24T14:29:12.312Z,Chatting,de,66299,Friedrichsthal,49.32232666015625,7.097646713256836,15.0,TRUE,0,1,0,1900-01-01 00:00:00.000005
486719843,2023-04-24T13:46:32.423Z,Tutoring,de,01468,Moritzburg,51.155372619628906,13.673715591430664,3.5,FALSE,5,7,1,2023-12-16 09:30:00.000000
1871091921,2023-04-23T18:46:19.521Z,Chatting,de,52066,Aachen,50.7696533203125,6.109613418579102,6.0,TRUE,0,1,0,1900-01-01 00:00:00.000005
3484542087,2023-04-23T14:53:16.845Z,Tutoring,nl,6701AK,Wageningen,51.96818923950195,5.665826320648193,5.0,FALSE,50,9,6,2025-05-21 06:00:00.000000
2501535330,2023-04-23T08:30:58.756Z,Tutoring,nl,3817GG,Amersfoort,52.14033889770508,5.396595001220703,7.0,FALSE,27,6,5,2024-06-22 12:30:00.000000
3576831944,2023-04-22T19:00:27.706Z,Tutoring,de,40591,Düsseldorf,51.1811408996582,6.808285713195801,3.5,FALSE,6,8,1,2023-12-19 19:30:00.000000
1041522142,2023-04-22T15:27:59.152Z,Tutoring,de,49082,Osnabrück,52.26371765136719,8.0545015335083,5.0,FALSE,12,3,4,2023-09-03 11:00:00.000000
2089946216,2023-04-22T15:21:48.610Z,Active,nl,2512XX,'s-Gravenhage,52.07292175292969,4.304811477661133,10.0,TRUE,0,0,0,1900-01-01 00:00:00.000005
1516577294,2023-04-22T07:00:50.570Z,Tutoring,de,04571,Rötha,51.20167541503906,12.412954330444336,15.0,FALSE,14,3,5,2023-06-23 12:30:00.000000
2123400712,2023-04-20T16:46:07.786Z,Tutoring,de,24251,Osdorf,54.42333221435547,10.017349243164062,20.0,FALSE,284,61,5,2026-04-08 16:00:00.000000
2714412245,2023-04-20T08:47:58.224Z,Active,de,76187,Karlsruhe,49.02482986450195,8.371047019958496,5.0,TRUE,0,0,0,1900-01-01 00:00:00.000005
645582376,2023-04-19T19:52:00.710Z,Chatting,de,02699,Königswartha,51.30778503417969,14.335068702697754,20.0,TRUE,0,3,0,1900-01-01 00:00:00.000005
2855641627,2023-04-19T18:00:10.462Z,Chatting,de,59519,Möhnesee,51.499996185302734,8.12662410736084,3.5,TRUE,0,7,0,1900-01-01 00:00:00.000005
1960747215,2023-04-19T16:37:44.211Z,Tutoring,de,76287,Rheinstetten,48.961219787597656,8.337834358215332,9.0,FALSE,64,12,5,2024-03-26 16:45:00.000000
1087886766,2023-04-19T16:10:23.919Z,Tutoring,de,66125,Saarbrücken,49.269596099853516,7.036455154418945,10.0,TRUE,30,21,1,2025-12-17 13:30:00.000000
1028979522,2023-04-19T15:38:19.543Z,Chatting,de,38173,Sickte,52.216434478759766,10.64252758026123,19.899999618530273,TRUE,0,2,0,1900-01-01 00:00:00.000005
787852026,2023-04-19T15:25:19.459Z,Tutoring,de,33098,Paderborn,51.71060562133789,8.77440357208252,3.5,FALSE,2,6,0,2025-03-27 14:30:00.000000
145313979,2023-04-19T12:52:47.396Z,Chatting,nl,6531CT,Nijmegen,51.83218765258789,5.854454040527344,8.0,TRUE,0,10,0,1900-01-01 00:00:00.000005
253327777,2023-04-19T12:37:36.607Z,Tutoring,de,93055,Regensburg,49.01811218261719,12.110917091369629,7.0,FALSE,22,11,2,2024-06-13 16:00:00.000000
1065255208,2023-04-19T09:14:15.181Z,Chatting,de,76137,Karlsruhe,48.9998893737793,8.39130687713623,5.0,TRUE,0,2,0,1900-01-01 00:00:00.000005
1315521675,2023-04-18T21:42:50.769Z,Chatting,de,30459,Hannover,52.3410758972168,9.731250762939453,14.899999618530273,TRUE,0,1,0,1900-01-01 00:00:00.000005
155542578,2023-04-18T16:25:01.153Z,Chatting,de,80809,München,48.17906951904297,11.55420207977295,3.5,TRUE,0,1,0,1900-01-01 00:00:00.000005
407409144,2023-04-18T15:45:55.948Z,Tutoring,nl,2311ET,Leiden,52.15595626831055,4.492949485778809,5.0,FALSE,84,17,5,2025-06-29 08:00:00.000000
4122904591,2023-04-17T18:33:12.415Z,Tutoring,nl,1318HA,Almere,52.383819580078125,5.247807025909424,6.0,TRUE,18,12,2,2025-06-25 13:30:00.000000
2618046128,2023-04-17T18:25:27.415Z,Active,de,52062,Aachen,50.77193832397461,6.091606140136719,3.5,TRUE,0,0,0,1900-01-01 00:00:00.000005
2042039534,2023-04-17T17:33:44.666Z,Tutoring,de,04103,Leipzig,51.33518600463867,12.381587982177734,5.5,FALSE,9,1,9,2023-07-18 15:00:00.000000
179682627,2023-04-17T16:21:46.478Z,Tutoring,de,93047,Regensburg,49.01527786254883,12.098429679870605,6.0,FALSE,25,5,5,2025-03-10 13:00:00.000000
1668009812,2023-04-16T19:48:16.465Z,Chatting,de,81245,München,48.148529052734375,11.470508575439453,6.0,TRUE,0,1,0,1900-01-01 00:00:00.000005
2880680314,2023-04-16T06:49:14.785Z,Chatting,de,53175,Bonn,50.69300079345703,7.14974308013916,10.0,TRUE,0,1,0,1900-01-01 00:00:00.000005
2417105481,2023-04-15T21:21:33.449Z,Tutoring,de,55127,Mainz,49.96350860595703,8.224595069885254,3.5,FALSE,80,9,9,2025-06-26 17:00:00.000000
2677299961,2023-04-15T13:41:50.552Z,Chatting,de,90478,Nürnberg,49.44148254394531,11.09054946899414,5.0,TRUE,0,4,0,1900-01-01 00:00:00.000005
511250029,2023-04-14T23:54:55.841Z,Active,de,57076,Siegen,50.9017448425293,8.039289474487305,10.0,TRUE,0,0,0,1900-01-01 00:00:00.000005
1866012198,2023-04-14T20:55:03.788Z,Tutoring,de,49080,Osnabrück,52.26516342163086,8.048684120178223,5.0,FALSE,12,8,2,2024-06-03 16:30:00.000000
4101601459,2023-04-14T16:19:59.235Z,Tutoring,de,33689,Bielefeld,51.943641662597656,8.572609901428223,20.0,TRUE,2,11,0,2025-02-23 17:00:00.000000
28281833,2023-04-14T12:34:51.766Z,Active,de,44269,Dortmund,51.477684020996094,7.512650489807129,10.0,TRUE,0,0,0,1900-01-01 00:00:00.000005
440635454,2023-04-14T12:18:12.171Z,Tutoring,de,04229,Leipzig,51.318790435791016,12.332249641418457,20.0,TRUE,8,10,1,2023-09-21 16:00:00.000000
3111355187,2023-04-13T16:20:16.643Z,Active,nl,6605DH,Wijchen,51.79200744628906,5.741908073425293,5.0,TRUE,0,0,0,1900-01-01 00:00:00.000005
3059036492,2023-04-13T14:26:50.279Z,Tutoring,de,04159,Leipzig,51.37105178833008,12.345520973205566,7.5,FALSE,208,35,6,2024-06-28 08:30:00.000000
3049932,2023-04-13T14:21:23.516Z,Tutoring,nl,8932PH,Leeuwarden,53.18913269042969,5.799002170562744,6.0,FALSE,38,13,3,2023-07-05 17:30:00.000000
3422896739,2023-04-13T11:00:26.320Z,Tutoring,nl,6546LP,Nijmegen,51.83443069458008,5.782116889953613,20.0,FALSE,12,1,12,2023-10-30 14:30:00.000000
1430864363,2023-04-13T10:59:02.168Z,Chatting,de,01277,Dresden,51.04807662963867,13.802101135253906,5.0,TRUE,0,3,0,1900-01-01 00:00:00.000005
3635702989,2023-04-12T19:52:32.468Z,Tutoring,nl,1562LV,Krommenie,52.51262664794922,4.772136211395264,8.0,TRUE,25,17,1,2024-04-11 17:30:00.000000
3496537145,2023-04-12T18:16:36.766Z,Active,nl,9713WT,Groningen,53.22555160522461,6.568734645843506,5.0,TRUE,0,0,0,1900-01-01 00:00:00.000005
3847112594,2023-04-12T17:14:19.687Z,Chatting,de,42283,Wuppertal,51.27084732055664,7.189948558807373,8.0,TRUE,0,3,0,1900-01-01 00:00:00.000005
4137136951,2023-04-12T16:01:38.744Z,Chatting,nl,7007JM,Doetinchem,51.95405197143555,6.265683174133301,15.0,TRUE,0,3,0,1900-01-01 00:00:00.000005
2808181193,2023-04-12T15:27:16.732Z,Chatting,de,85049,Ingolstadt,48.764488220214844,11.418055534362793,10.0,TRUE,0,1,0,1900-01-01 00:00:00.000005
401468815,2023-04-12T13:38:46.574Z,Tutoring,nl,1087LN,Amsterdam,52.349552154541016,5.011309623718262,7.0,FALSE,67,21,3,2026-02-20 11:00:00.000000
4142479657,2023-04-12T13:12:25.707Z,Tutoring,nl,6216SV,Maastricht,50.84836959838867,5.662330627441406,20.0,FALSE,6,5,1,2023-12-18 16:30:00.000000
546646686,2023-04-12T12:23:59.109Z,Tutoring,nl,1102AC,Amsterdam,52.31790542602539,4.958764553070068,7.5,FALSE,3,2,2,2023-10-16 12:30:00.000000
4123886115,2023-04-12T11:50:22.460Z,Active,nl,7607RS,Almelo,52.3477668762207,6.68720006942749,5.0,TRUE,0,0,0,1900-01-01 00:00:00.000005
602772131,2023-04-12T11:25:04.792Z,Tutoring,nl,1319EA,Almere,52.39005661010742,5.176236629486084,3.5,FALSE,157,25,6,2025-06-25 17:15:00.000000
3255730567,2023-04-12T09:09:17.025Z,Tutoring,nl,7606BJ,Almelo,52.340572357177734,6.658779621124268,20.0,FALSE,637,158,4,2026-04-30 15:00:00.000000
2834129743,2023-04-11T21:01:03.392Z,Tutoring,de,48155,Münster,51.954898834228516,7.649099826812744,5.0,TRUE,18,12,2,2025-12-11 15:30:00.000000
2115551397,2023-04-11T20:15:15.785Z,Chatting,de,12619,Berlin,52.52259063720703,13.591065406799316,5.0,TRUE,0,3,0,1900-01-01 00:00:00.000005
3791859930,2023-04-11T11:39:43.217Z,Tutoring,de,37079,Göttingen,51.53713607788086,9.847358703613281,20.0,FALSE,47,3,16,2024-06-24 17:00:00.000000
2040620990,2023-04-10T17:42:12.214Z,Tutoring,nl,3584DW,Utrecht,52.082637786865234,5.172599792480469,3.5,FALSE,16,5,3,2024-04-10 17:00:00.000000
1721900364,2023-04-10T10:25:52.457Z,Tutoring,nl,2642DW,Pijnacker,52.00389862060547,4.452239990234375,4.0,TRUE,10,4,3,2024-06-22 14:00:00.000000
2085532423,2023-04-09T13:51:35.809Z,Chatting,de,30459,Hannover,52.34518814086914,9.713068962097168,10.0,TRUE,0,4,0,1900-01-01 00:00:00.000005
3550612939,2023-04-08T21:27:01.943Z,Chatting,de,36043,Fulda,50.544864654541016,9.702247619628906,10.0,TRUE,0,2,0,1900-01-01 00:00:00.000005
785736978,2023-04-08T20:25:26.607Z,Tutoring,de,60438,Frankfurt am Main,50.1795539855957,8.618085861206055,20.0,FALSE,61,9,7,2024-06-01 16:30:00.000000
2545074509,2023-04-08T18:17:09.354Z,Chatting,de,41751,Viersen,51.252540588378906,6.348432540893555,20.0,TRUE,0,7,0,1900-01-01 00:00:00.000005
1900346637,2023-04-08T16:13:45.090Z,Chatting,de,52072,Aachen,50.78697204589844,6.062008857727051,5.0,TRUE,0,10,0,1900-01-01 00:00:00.000005
325261750,2023-04-08T15:11:44.553Z,Tutoring,nl,3063JC,Rotterdam,51.9072380065918,4.522017002105713,8.0,FALSE,6,4,2,2023-09-27 13:15:00.000000
3279659554,2023-04-08T10:40:04.395Z,Tutoring,nl,9743PE,Groningen,53.23262405395508,6.526073455810547,6.0,TRUE,2,9,0,2023-07-04 14:30:00.000000
3774892545,2023-04-07T16:11:06.410Z,Tutoring,de,65193,Wiesbaden,50.1016960144043,8.25046443939209,6.0,FALSE,69,28,2,2025-06-30 14:30:00.000000
1943428930,2023-04-06T12:18:25.750Z,Chatting,de,48149,Münster,51.96871566772461,7.618617534637451,10.0,TRUE,0,0,0,1900-01-01 00:00:00.000005
2599828985,2023-04-06T08:17:25.341Z,Tutoring,nl,2461BM,Ter Aar,52.1683235168457,4.70248556137085,3.5,FALSE,311,44,7,2026-03-06 19:00:00.000000
2385363261,2023-04-05T17:20:53.389Z,Tutoring,nl,2993ds,Barendrecht,51.848567962646484,4.5018110275268555,6.0,FALSE,100,38,3,2024-11-04 16:00:00.000000
2740463909,2023-04-05T16:13:23.732Z,Chatting,de,51375,Leverkusen,51.048465728759766,7.053643703460693,20.0,TRUE,0,5,0,1900-01-01 00:00:00.000005
4080848354,2023-04-05T15:43:57.543Z,Chatting,de,52078,Aachen,50.7580680847168,6.143995761871338,10.0,TRUE,0,0,0,1900-01-01 00:00:00.000005
1171274843,2023-04-05T15:08:04.269Z,Tutoring,nl,9611BA,Sappemeer,53.16652297973633,6.800021171569824,5.0,FALSE,14,4,4,2024-05-28 17:00:00.000000
1744287795,2023-04-05T14:59:52.977Z,Tutoring,nl,3981AX,Bunnik,52.06486892700195,5.195919513702393,10.0,FALSE,26,2,13,2023-12-14 14:45:00.000000
18576641,2023-04-04T14:05:49.997Z,Tutoring,nl,9711VV,Groningen,53.22169494628906,6.570199966430664,5.0,FALSE,470,113,4,2026-03-04 18:00:00.000000
3018909092,2023-04-04T10:18:13.012Z,Tutoring,de,74523,Schwäbisch Hall,49.1123046875,9.741312980651855,15.0,TRUE,15,11,1,2025-05-27 16:30:00.000000
2963933028,2023-04-04T08:39:48.127Z,Chatting,de,10405,Berlin,52.53577423095703,13.420710563659668,3.5,TRUE,0,2,0,1900-01-01 00:00:00.000005
2196961565,2023-04-04T07:02:23.613Z,Chatting,de,18147 Rostock ,Rostock,54.10341262817383,12.119176864624023,12.0,TRUE,0,1,0,1900-01-01 00:00:00.000005
3117835203,2023-04-03T10:54:28.900Z,Tutoring,nl,4051EW,Ochten,51.912628173828125,5.567714214324951,20.0,FALSE,70,20,4,2024-05-25 08:00:00.000000
3821020726,2023-04-02T20:06:47.513Z,Tutoring,nl,7521se,Enschede,52.22294998168945,6.866230487823486,20.0,FALSE,773,253,3,2026-03-31 17:00:00.000000
376250608,2023-04-02T15:54:06.638Z,Tutoring,nl,2288DB,Rijswijk,52.04007339477539,4.326485633850098,20.0,FALSE,141,49,3,2026-02-25 14:00:00.000000
2304083170,2023-04-02T13:06:44.505Z,Introducing,de,58638,Iserlohn,51.39174270629883,7.676114082336426,10.0,TRUE,0,3,0,1900-01-01 00:00:00.000005
3865485013,2023-04-02T10:26:12.037Z,Chatting,de,01217,Dresden,51.013885498046875,13.752772331237793,10.0,TRUE,0,3,0,1900-01-01 00:00:00.000005
1212259240,2023-04-02T09:19:42.491Z,Chatting,de,39122,Magdeburg,52.067901611328125,11.661734580993652,5.0,TRUE,0,2,0,1900-01-01 00:00:00.000005
1892829012,2023-04-02T07:08:09.775Z,Chatting,de,53639,Königswinter,50.704280853271484,7.265583038330078,15.0,TRUE,0,4,0,1900-01-01 00:00:00.000005
1835623910,2023-04-01T22:17:32.108Z,Chatting,de,53840,Troisdorf,50.803680419921875,7.149354457855225,20.0,TRUE,0,2,0,1900-01-01 00:00:00.000005
1593527278,2023-04-01T21:03:14.906Z,Chatting,de,04109 Leipzig ,Leipzig,51.3414306640625,12.372346878051758,4.0,TRUE,0,3,0,1900-01-01 00:00:00.000005
3031102495,2023-04-01T20:50:44.214Z,Tutoring,de,42329,Wuppertal,51.22990798950195,7.06705904006958,10.0,TRUE,11,11,1,2024-01-27 18:15:00.000000
322175891,2023-04-01T15:53:14.285Z,Chatting,de,65474,Bischofsheim,49.982757568359375,8.3579740524292,12.0,TRUE,0,3,0,1900-01-01 00:00:00.000005
2808564833,2023-04-01T11:24:58.637Z,Chatting,de,44137,Dortmund,51.50971221923828,7.45163106918335,10.0,TRUE,0,2,0,1900-01-01 00:00:00.000005
4050629482,2023-03-31T16:25:41.346Z,Introducing,nl,1102NB,Amsterdam,52.31071853637695,4.952557563781738,7.0,TRUE,0,4,0,1900-01-01 00:00:00.000005
4167057633,2023-03-31T13:30:26.825Z,Tutoring,nl,1561PL,Krommenie,52.50492477416992,4.773627758026123,6.0,FALSE,13,5,3,2023-12-11 14:30:00.000000
4114102388,2023-03-31T13:23:33.234Z,Tutoring,de,91052,Erlangen,49.58644485473633,11.00863265991211,5.0,TRUE,2,11,0,2023-11-25 10:00:00.000000
1353728783,2023-03-31T10:43:37.206Z,Chatting,de,22119,Hamburg,53.5655632019043,10.13070297241211,4.0,TRUE,0,5,0,1900-01-01 00:00:00.000005
2618658633,2023-03-31T09:31:07.638Z,Chatting,de,13629,Berlin,52.5400505065918,13.268359184265137,8.0,TRUE,0,3,0,1900-01-01 00:00:00.000005
3552517453,2023-03-30T20:22:09.812Z,Tutoring,de,85622,Feldkirchen,48.14752960205078,11.737060546875,10.0,FALSE,33,10,3,2023-10-27 14:00:00.000000
1468011469,2023-03-30T18:52:18.996Z,Active,de,70327,Stuttgart,48.7869873046875,9.255768775939941,5.0,TRUE,0,0,0,1900-01-01 00:00:00.000005
2144906391,2023-03-30T16:57:33.805Z,Chatting,de,48153,Münster,51.946876525878906,7.630047798156738,5.0,TRUE,0,0,0,1900-01-01 00:00:00.000005
3755880351,2023-03-30T11:40:50.786Z,Tutoring,de,10245,Berlin,52.51030349731445,13.452605247497559,6.0,FALSE,3,4,1,2023-04-23 14:00:00.000000
3185337432,2023-03-30T09:06:49.914Z,Tutoring,de,13353,Berlin,52.54115295410156,13.360408782958984,8.0,FALSE,1,4,0,2023-04-24 13:30:00.000000
107164535,2023-03-30T09:05:20.203Z,Introducing,nl,1405GR,Bussum,52.27714157104492,5.154469966888428,5.0,TRUE,0,2,0,1900-01-01 00:00:00.000005
969693503,2023-03-29T23:14:28.725Z,Active,nl,4535CK,Terneuzen,51.31210708618164,3.860591173171997,5.0,TRUE,0,0,0,1900-01-01 00:00:00.000005
3967121480,2023-03-29T21:33:28.603Z,Chatting,de,53844,Troisdorf,50.79688262939453,7.11566162109375,20.0,TRUE,0,2,0,1900-01-01 00:00:00.000005
3708280627,2023-03-29T20:15:57.220Z,Tutoring,de,04299,Leipzig,51.32123565673828,12.42265796661377,5.0,FALSE,38,14,3,2024-12-21 10:00:00.000000
766597763,2023-03-29T17:40:57.745Z,Tutoring,de,44369,Dortmund,51.52536392211914,7.410050868988037,10.0,TRUE,16,10,2,2024-04-17 17:00:00.000000
4192156578,2023-03-29T12:55:40.612Z,Tutoring,nl,3062WB,Rotterdam,51.92329788208008,4.512889862060547,10.0,FALSE,308,68,5,2025-07-07 13:00:00.000000
3169904333,2023-03-29T10:28:42.057Z,Chatting,de,76275,Ettlingen,48.9445686340332,8.400947570800781,3.5,TRUE,0,4,0,1900-01-01 00:00:00.000005
4001135286,2023-03-29T10:10:28.226Z,Introducing,de,76137,Karlsruhe,49.00105667114258,8.390633583068848,5.0,TRUE,0,2,0,1900-01-01 00:00:00.000005
3684460454,2023-03-29T09:42:05.992Z,Active,nl,4835EB,Breda,51.5698127746582,4.7882843017578125,5.0,TRUE,0,0,0,1900-01-01 00:00:00.000005
3195679140,2023-03-28T15:45:40.732Z,Tutoring,nl,5915HA,Venlo,51.357608795166016,6.194581508636475,3.5,TRUE,10,4,3,2023-12-12 17:30:00.000000
3252129424,2023-03-28T14:07:12.325Z,Chatting,de,45657,Recklinghausen,51.60691833496094,7.205207347869873,10.0,TRUE,0,1,0,1900-01-01 00:00:00.000005
78112064,2023-03-28T13:32:00.886Z,Tutoring,nl,7411CW,Deventer,52.250999450683594,6.166219234466553,5.0,TRUE,1,4,0,2023-04-11 15:30:00.000000
2720684512,2023-03-28T09:06:50.488Z,Active,de,35625,Hüttenberg,50.521976470947266,8.575141906738281,7.5,TRUE,0,0,0,1900-01-01 00:00:00.000005
671584911,2023-03-27T20:23:02.961Z,Chatting,de,79115,Freiburg im Breisgau,47.986228942871094,7.810649871826172,3.5,TRUE,0,3,0,1900-01-01 00:00:00.000005
376570379,2023-03-27T11:26:22.213Z,Tutoring,nl,8266BW,Kampen,52.54884338378906,5.917820453643799,15.0,FALSE,39,14,3,2024-07-15 13:00:00.000000
3503810637,2023-03-26T18:19:08.656Z,Tutoring,nl,7522NC,Enschede,52.24591827392578,6.8463287353515625,20.0,FALSE,2,8,0,2023-06-14 17:30:00.000000
1254501628,2023-03-26T14:49:24.415Z,Chatting,de,86199,Augsburg,48.35134506225586,10.876394271850586,10.0,TRUE,0,3,0,1900-01-01 00:00:00.000005
475457865,2023-03-26T09:57:59.309Z,Tutoring,de,33619,Bielefeld,52.0500602722168,8.462260246276855,6.0,FALSE,297,36,8,2026-03-02 17:00:00.000000
2427551354,2023-03-26T09:38:35.332Z,Chatting,de,34125,Kassel,51.31991958618164,9.51146125793457,20.0,TRUE,0,7,0,1900-01-01 00:00:00.000005
4073705146,2023-03-25T09:09:18.704Z,Chatting,de,97074 ,Würzburg,49.787498474121094,9.954712867736816,10.0,TRUE,0,3,0,1900-01-01 00:00:00.000005
3202553322,2023-03-24T21:06:47.268Z,Tutoring,nl,6535WT,Nijmegen,51.80467987060547,5.830977916717529,6.0,FALSE,95,28,3,2024-06-17 14:00:00.000000
1361228592,2023-03-23T19:20:19.620Z,Chatting,de,44867,Bochum,51.4676513671875,7.15115213394165,10.0,TRUE,0,1,0,1900-01-01 00:00:00.000005
2364681862,2023-03-23T16:59:35.093Z,Tutoring,nl,3069kn,Rotterdam,51.96953582763672,4.547352313995361,5.0,FALSE,4,4,1,2023-08-02 14:00:00.000000
1660528214,2023-03-23T15:15:40.445Z,Tutoring,nl,3162TL,Rhoon,51.85343551635742,4.472858905792236,20.0,FALSE,18,7,3,2023-06-20 10:00:00.000000
3593509670,2023-03-23T12:07:17.168Z,Chatting,de,58097,Hagen,51.36107635498047,7.476978302001953,6.900000095367432,TRUE,0,7,0,1900-01-01 00:00:00.000005
1662425978,2023-03-22T23:43:15.609Z,Chatting,de,39114,Magdeburg,52.14051055908203,11.680878639221191,8.0,TRUE,0,1,0,1900-01-01 00:00:00.000005
2065137333,2023-03-22T23:36:25.202Z,Tutoring,de,28865,Lilienthal,53.149818420410156,8.925869941711426,5.5,FALSE,29,15,2,2024-04-22 14:00:00.000000
1967581840,2023-03-22T19:45:04.091Z,Tutoring,de,85646,Anzing,48.15187072753906,11.834465980529785,20.0,FALSE,8,6,1,2023-12-16 12:00:00.000000
505886069,2023-03-22T16:31:23.343Z,Introducing,de,47443,Moers,51.45465087890625,6.6684770584106445,5.0,TRUE,0,6,0,1900-01-01 00:00:00.000005
3523146787,2023-03-22T14:14:01.829Z,Tutoring,de,18059,Rostock,54.076438903808594,12.12761402130127,10.0,FALSE,10,1,10,2024-05-17 12:00:00.000000
1688747474,2023-03-21T09:45:51.452Z,Tutoring,de,52064,Aachen,50.76984405517578,6.081116676330566,5.0,FALSE,66,12,6,2025-02-05 15:30:00.000000
2994436786,2023-03-20T23:54:30.664Z,Active,de,58091,Hagen,51.30242156982422,7.534348964691162,10.0,TRUE,0,0,0,1900-01-01 00:00:00.000005
1480254824,2023-03-20T16:12:04.064Z,Tutoring,nl,5583EM,Waalre,51.39851760864258,5.489589691162109,5.0,FALSE,170,14,12,2025-10-30 14:30:00.000000
285798425,2023-03-20T10:00:19.439Z,Tutoring,nl,5037RB,Tilburg,51.549861907958984,5.057590961456299,3.5,TRUE,1,1,1,2023-03-31 16:00:00.000000
1520403131,2023-03-20T09:59:39.362Z,Tutoring,de,55122,Mainz,49.99748229980469,8.244997024536133,3.5,FALSE,21,7,3,2026-02-21 12:00:00.000000
940087143,2023-03-19T17:24:24.620Z,Tutoring,de,39171,Sülzetal,52.036930084228516,11.617534637451172,10.0,TRUE,6,6,1,2025-06-04 14:30:00.000000
1562741713,2023-03-19T13:18:34.121Z,Tutoring,nl,6707JJ,Wageningen,51.973228454589844,5.671154975891113,20.0,FALSE,27,13,2,2024-10-17 17:00:00.000000
3656083221,2023-03-19T08:42:31.023Z,Introducing,nl,7314JR,Apeldoorn,52.21847152709961,5.943778991699219,5.0,TRUE,0,5,0,1900-01-01 00:00:00.000005
1213384482,2023-03-17T19:11:13.815Z,Tutoring,nl,2801AV,Gouda,52.01315689086914,4.703213214874268,10.0,TRUE,2,2,1,2023-04-06 13:00:00.000000
670554325,2023-03-17T16:27:40.929Z,Active,de,28239,Bremen,53.12604522705078,8.74118709564209,5.0,TRUE,0,0,0,1900-01-01 00:00:00.000005
2891657584,2023-03-17T14:06:29.981Z,Tutoring,de,15749,Mittenwalde,52.24540710449219,13.495813369750977,18.0,FALSE,4,1,4,2023-05-22 15:30:00.000000
1926868939,2023-03-17T11:03:34.504Z,Tutoring,nl,7423XS,Deventer,52.25138473510742,6.208300590515137,15.0,TRUE,19,19,1,2024-02-19 18:00:00.000000
2424591344,2023-03-17T09:57:35.137Z,Tutoring,de,97074,Würzburg,49.79410171508789,9.951862335205078,10.0,FALSE,24,12,2,2025-10-06 11:00:00.000000
2422802044,2023-03-16T22:44:01.365Z,Chatting,de,55122,Mainz,50.00897216796875,8.244670867919922,3.5,TRUE,0,2,0,1900-01-01 00:00:00.000005
3628716698,2023-03-16T18:08:55.600Z,Chatting,de,55128,Mainz,49.98760986328125,8.243380546569824,3.5,TRUE,0,1,0,1900-01-01 00:00:00.000005
2192684023,2023-03-16T17:30:53.551Z,Chatting,de,38518,Gifhorn,52.482540130615234,10.5620698928833,20.0,TRUE,0,2,0,1900-01-01 00:00:00.000005
1775860441,2023-03-16T12:41:32.523Z,Tutoring,de,70195,Stuttgart,48.783233642578125,9.130187034606934,10.0,TRUE,11,9,1,2023-09-21 15:00:00.000000
899930032,2023-03-16T11:41:57.417Z,Chatting,nl,1183AH,Amstelveen,52.321319580078125,4.870912075042725,5.0,TRUE,0,6,0,1900-01-01 00:00:00.000005
790914204,2023-03-15T22:00:32.862Z,Tutoring,nl,6231HG,Meerssen,50.889469146728516,5.744497776031494,20.0,TRUE,48,25,2,2023-10-08 09:45:00.000000
2505092031,2023-03-15T17:54:28.996Z,Tutoring,nl,6717LS,Ede,52.019378662109375,5.666454315185547,7.0,FALSE,58,7,8,2024-05-23 15:00:00.000000
2400428407,2023-03-15T17:32:17.559Z,Chatting,de,47445,Moers,51.48347854614258,6.604996681213379,5.0,TRUE,0,1,0,1900-01-01 00:00:00.000005
641495991,2023-03-15T15:38:32.247Z,Chatting,nl,4844HM,Terheijden,51.65044403076172,4.755570411682129,18.0,TRUE,0,4,0,1900-01-01 00:00:00.000005
2349384376,2023-03-15T13:58:49.062Z,Tutoring,nl,3981BC,Bunnik,52.06642532348633,5.206733703613281,5.0,TRUE,34,16,2,2024-06-30 18:00:00.000000
841832552,2023-03-15T11:16:13.776Z,Tutoring,nl,1054CJ,Amsterdam,52.364830017089844,4.877370834350586,6.0,FALSE,71,17,4,2024-10-31 14:00:00.000000
1584052833,2023-03-14T17:00:37.886Z,Tutoring,de,72076,Tübingen,48.5400505065918,9.060660362243652,5.0,FALSE,332,42,8,2026-03-03 16:00:00.000000
2022250153,2023-03-14T11:08:40.641Z,Chatting,de,71083,Herrenberg,48.591529846191406,8.856760025024414,10.0,TRUE,0,0,0,1900-01-01 00:00:00.000005
2979936625,2023-03-13T20:29:30.239Z,Chatting,nl,9715NV,Groningen,53.23313522338867,6.574094295501709,15.0,TRUE,0,0,0,1900-01-01 00:00:00.000005
238892283,2023-03-13T17:55:27.968Z,Chatting,de,68199,Mannheim,49.452510833740234,8.483091354370117,3.5,TRUE,0,1,0,1900-01-01 00:00:00.000005
447023874,2023-03-13T14:10:38.997Z,Active,de,33607,Bielefeld,52.02423095703125,8.56318473815918,5.0,TRUE,0,0,0,1900-01-01 00:00:00.000005
2702381714,2023-03-13T13:11:01.494Z,Tutoring,nl,3021CM,Rotterdam,51.919002532958984,4.4570841789245605,5.0,TRUE,50,18,3,2025-04-29 14:00:00.000000
2628211794,2023-03-11T13:48:31.006Z,Tutoring,nl,2317MD,Leiden,52.178123474121094,4.502765655517578,3.5,FALSE,681,87,8,2026-04-03 15:00:00.000000
1171514895,2023-03-10T15:38:14.653Z,Chatting,nl,5037DA,Tilburg,51.56132125854492,5.058547019958496,20.0,TRUE,0,1,0,1900-01-01 00:00:00.000005
589881192,2023-03-10T15:19:29.938Z,Tutoring,nl,1321 PX,Utrecht,52.35451889038086,5.17842960357666,3.5,FALSE,448,88,5,2026-03-23 16:00:00.000000
3178589094,2023-03-09T17:18:42.817Z,Tutoring,nl,2241WD,Wassenaar,52.14446258544922,4.419861316680908,3.5,FALSE,1221,365,3,2026-03-26 14:15:00.000000
2123006531,2023-03-09T15:54:29.873Z,Tutoring,nl,2625PR,Delft,51.98896026611328,4.345775127410889,20.0,FALSE,7,4,2,2023-04-06 17:00:00.000000
1020623008,2023-03-09T15:29:49.052Z,Tutoring,nl,2595CH,'s-Gravenhage,52.08403015136719,4.346102237701416,20.0,FALSE,19,9,2,2024-02-05 15:00:00.000000
3231282168,2023-03-09T14:01:52.849Z,Chatting,nl,8224Bp,Lelystad,52.516605377197266,5.4774169921875,20.0,TRUE,0,3,0,1900-01-01 00:00:00.000005
2361635868,2023-03-09T09:02:27.372Z,Tutoring,nl,3112EM,Schiedam,51.915706634521484,4.404171943664551,8.0,FALSE,1,1,1,2023-07-03 15:00:00.000000
4171379593,2023-03-08T22:33:07.201Z,Tutoring,de,68165,Mannheim,49.48332977294922,8.478368759155273,3.5,TRUE,38,13,3,2024-07-25 14:00:00.000000
3329406720,2023-03-08T18:57:02.581Z,Active,nl,4661GN,Halsteren,51.52726364135742,4.266113758087158,6.0,TRUE,0,0,0,1900-01-01 00:00:00.000005
3299618499,2023-03-08T13:50:27.090Z,Introducing,nl,5612TA,Eindhoven,51.45051193237305,5.491302013397217,10.0,TRUE,0,11,0,1900-01-01 00:00:00.000005
2832187670,2023-03-07T22:14:23.661Z,Active,de,97084,Würzburg,49.75960922241211,9.95656967163086,6.0,TRUE,0,0,0,1900-01-01 00:00:00.000005
510431904,2023-03-07T08:58:24.216Z,Tutoring,de,12437,Berlin,52.476158142089844,13.477801322937012,7.0,FALSE,96,5,19,2025-02-14 16:00:00.000000
3877753963,2023-03-06T19:25:58.643Z,Active,de,49076,Osnabrück,52.28624725341797,8.024869918823242,3.5,TRUE,0,0,0,1900-01-01 00:00:00.000005
2414389660,2023-03-06T18:54:26.130Z,Tutoring,nl,1213AW,Hilversum,52.22010040283203,5.180235862731934,20.0,TRUE,56,47,1,2024-01-21 08:30:00.000000
2543760872,2023-03-06T18:03:28.208Z,Chatting,de,67069,Ludwigshafen am Rhein,49.53919982910156,8.39060115814209,15.0,TRUE,0,1,0,1900-01-01 00:00:00.000005
13828782,2023-03-06T15:22:00.997Z,Tutoring,nl,2855 AE,Vlist,51.97410202026367,4.823300361633301,8.0,FALSE,50,17,3,2024-05-22 11:30:00.000000
1742916310,2023-03-06T15:04:56.627Z,Chatting,de,01187,Dresden,51.02805709838867,13.711133003234863,10.0,TRUE,0,1,0,1900-01-01 00:00:00.000005
623008902,2023-03-05T20:09:07.396Z,Tutoring,nl,9711CV,Groningen,53.21590042114258,6.5716023445129395,6.0,TRUE,14,15,1,2024-11-12 16:00:00.000000
684162691,2023-03-05T18:08:53.240Z,Tutoring,nl,2628AL,Delft,52.000919342041016,4.368771076202393,15.0,FALSE,11,5,2,2023-07-06 13:30:00.000000
4290822720,2023-03-05T15:12:19.432Z,Tutoring,de,36039,Fulda,50.57268142700195,9.663739204406738,5.5,TRUE,13,9,1,2024-05-02 13:15:00.000000
880631270,2023-03-05T11:11:13.470Z,Tutoring,de,36039,Fulda,50.57469177246094,9.700560569763184,20.0,FALSE,8,9,1,2024-02-20 17:00:00.000000
953566125,2023-03-05T03:35:07.424Z,Tutoring,nl,6081GK,Haelen,51.23664093017578,5.963292598724365,5.0,FALSE,419,96,4,2026-03-15 10:00:00.000000
1988501837,2023-03-03T23:39:54.140Z,Active,de,49082,Osnabrück,52.26247024536133,8.060153007507324,20.0,TRUE,0,0,0,1900-01-01 00:00:00.000005
2174696033,2023-03-03T14:12:38.619Z,Tutoring,de,42349,Wuppertal,51.218841552734375,7.149280071258545,6.0,FALSE,16,5,3,2023-08-30 15:45:00.000000
3724501576,2023-03-03T11:59:39.949Z,Tutoring,nl,1013WB ,Amsterdam,52.38990783691406,4.877346515655518,15.0,FALSE,199,41,5,2024-01-05 14:00:00.000000
3801297584,2023-03-03T11:20:58.129Z,Active,de,64584,Biebesheim am Rhein,49.78092956542969,8.469444274902344,20.0,TRUE,0,0,0,1900-01-01 00:00:00.000005
3441398976,2023-03-02T22:18:50.488Z,Chatting,de,69181,Leimen,49.34731674194336,8.670650482177734,8.0,TRUE,0,2,0,1900-01-01 00:00:00.000005
1336075099,2023-03-02T20:40:25.988Z,Tutoring,de,65934,Frankfurt am Main,50.098388671875,8.571969985961914,20.0,TRUE,26,10,3,2024-12-02 15:00:00.000000
2533013485,2023-03-02T14:31:51.873Z,Chatting,nl,8931 BX,Leeuwarden,53.190650939941406,5.780696868896484,7.0,TRUE,0,1,0,1900-01-01 00:00:00.000005
4229172930,2023-03-02T12:35:25.813Z,Chatting,de,45326,Essen,51.48460006713867,7.0000200271606445,7.0,TRUE,0,2,0,1900-01-01 00:00:00.000005
242653760,2023-03-01T17:40:04.111Z,Chatting,de,47051,Duisburg,51.432926177978516,6.761082649230957,3.5,TRUE,0,1,0,1900-01-01 00:00:00.000005
1941701266,2023-03-01T12:57:29.325Z,Tutoring,de,64572,Büttelborn,49.93351745605469,8.541356086730957,16.0,TRUE,87,40,2,2024-12-07 10:45:00.000000
2825386543,2023-03-01T12:35:28.927Z,Tutoring,nl,9712CV,Groningen,53.219566345214844,6.560505390167236,3.5,FALSE,40,8,5,2023-06-22 15:30:00.000000
77807968,2023-03-01T10:40:50.763Z,Introducing,de,47447,Moers,51.42871856689453,6.660760402679443,10.0,TRUE,0,12,0,1900-01-01 00:00:00.000005
1865474309,2023-03-01T10:39:29.555Z,Chatting,nl,6542PG,Nijmegen,51.84072494506836,5.842652797698975,3.5,TRUE,0,2,0,1900-01-01 00:00:00.000005
349865241,2023-02-28T22:29:15.200Z,Chatting,de,99510,Apolda,51.030269622802734,11.526288032531738,20.0,TRUE,0,1,0,1900-01-01 00:00:00.000005
241057223,2023-02-28T21:35:13.252Z,Active,de,52074,Aachen,50.77273941040039,6.044365882873535,6.0,TRUE,0,0,0,1900-01-01 00:00:00.000005
1089223542,2023-02-28T21:07:29.898Z,Chatting,de,55131,Mainz,49.9798698425293,8.26680850982666,5.0,TRUE,0,4,0,1900-01-01 00:00:00.000005
3320810895,2023-02-28T15:31:05.239Z,Tutoring,de,90439,Nürnberg,49.441871643066406,11.051363945007324,15.0,FALSE,1,2,1,2023-04-23 15:00:00.000000
2737796439,2023-02-28T12:59:25.813Z,Tutoring,nl,5931PP,Tegelen,51.34053039550781,6.134398937225342,10.0,TRUE,236,88,3,2026-06-09 15:30:00.000000
4284471748,2023-02-28T12:05:54.194Z,Introducing,de,34125 ,Kassel,51.324825286865234,9.513760566711426,20.0,TRUE,0,3,0,1900-01-01 00:00:00.000005
721700289,2023-02-28T10:54:21.524Z,Tutoring,nl,2592HZ,'s-Gravenhage,52.095909118652344,4.361043930053711,4.0,FALSE,153,25,6,2026-02-10 18:00:00.000000
1284874300,2023-02-27T19:56:50.670Z,Active,de,45147,Essen,51.44070053100586,6.990419387817383,3.5,TRUE,0,0,0,1900-01-01 00:00:00.000005
1295074849,2023-02-27T16:20:02.872Z,Chatting,de,90562,Heroldsberg,49.532814025878906,11.144533157348633,15.0,TRUE,0,2,0,1900-01-01 00:00:00.000005
4273603911,2023-02-27T15:13:08.328Z,Tutoring,de,28203,Bremen,53.07538604736328,8.835184097290039,4.0,FALSE,143,32,4,2024-05-01 08:00:00.000000
3587073245,2023-02-27T12:12:11.505Z,Tutoring,de,49086,Osnabrück,52.2534065246582,8.101785659790039,7.0,FALSE,1,5,0,2023-12-06 16:10:00.000000
266977038,2023-02-27T11:37:05.297Z,Chatting,de,80809,München,48.17866897583008,11.552336692810059,10.0,TRUE,0,2,0,1900-01-01 00:00:00.000005
1333332920,2023-02-27T10:28:30.310Z,Tutoring,de,36124,Eichenzell,50.472110748291016,9.69399356842041,15.0,TRUE,9,9,1,2024-03-05 16:15:00.000000
2598976856,2023-02-26T17:15:13.298Z,Chatting,de,71101,Schönaich,48.65361404418945,9.065319061279297,7.0,TRUE,0,1,0,1900-01-01 00:00:00.000005
1477875989,2023-02-26T10:49:09.198Z,Tutoring,nl,9712BK,Groningen,53.218196868896484,6.561974048614502,3.5,TRUE,1,11,0,2024-04-01 12:30:00.000000
5178544,2023-02-25T22:10:43.725Z,Tutoring,nl,2251DH,Voorschoten,52.11624526977539,4.440532207489014,5.0,TRUE,7,2,4,2023-07-12 15:30:00.000000
368797194,2023-02-25T16:33:23.409Z,Tutoring,nl,4611KK,Bergen op Zoom,51.492591857910156,4.284764289855957,6.0,FALSE,6,3,2,2023-04-04 17:00:00.000000
3455208931,2023-02-24T19:19:42.825Z,Tutoring,de,10711,Berlin,52.49951934814453,13.289449691772461,8.0,FALSE,4,3,1,2023-03-29 15:00:00.000000
860081652,2023-02-24T18:04:55.987Z,Tutoring,de,28201,Bremen,53.063987731933594,8.80202579498291,10.0,FALSE,1,1,1,2023-05-25 16:00:00.000000
2905501375,2023-02-24T15:07:21.865Z,Active,de,44149,Dortmund,51.50242614746094,7.405388355255127,10.0,TRUE,0,0,0,1900-01-01 00:00:00.000005
219868395,2023-02-24T13:02:27.338Z,Tutoring,de,80637,München,48.16309356689453,11.540972709655762,8.0,FALSE,28,13,2,2024-04-09 14:30:00.000000
2399707295,2023-02-23T22:35:14.753Z,Tutoring,de,65824,Schwalbach am Taunus,50.152122497558594,8.528898239135742,10.0,FALSE,1,1,1,2023-05-30 10:00:00.000000
23403719,2023-02-23T22:31:30.482Z,Active,nl,6537HG,Nijmegen,51.81187438964844,5.794084072113037,4.0,TRUE,0,0,0,1900-01-01 00:00:00.000005
2594055416,2023-02-23T17:46:25.243Z,Introducing,de,10551,Berlin,52.532310485839844,13.334817886352539,20.0,TRUE,0,4,0,1900-01-01 00:00:00.000005
2316695071,2023-02-23T17:12:42.653Z,Tutoring,nl,2985VW,Ridderkerk,51.865211486816406,4.602303981781006,10.0,TRUE,4,4,1,2024-04-01 12:00:00.000000
1869977802,2023-02-23T15:59:39.030Z,Tutoring,de,65719,Hofheim am Taunus,50.07718276977539,8.442254066467285,20.0,FALSE,3,8,0,2023-05-09 12:30:00.000000
1148750138,2023-02-23T15:45:02.093Z,Tutoring,nl,1811KV,Alkmaar,52.632450103759766,4.745706081390381,3.5,FALSE,223,58,4,2025-08-15 12:00:00.000000
1944520564,2023-02-23T12:20:44.502Z,Tutoring,de,60487,Frankfurt am Main,50.13078308105469,8.644431114196777,10.0,FALSE,3,4,1,2023-03-26 10:30:00.000000
2608381273,2023-02-22T20:52:21.209Z,Tutoring,nl,4834BE,Breda,51.573883056640625,4.797303676605225,10.0,FALSE,22,11,2,2023-10-03 18:30:00.000000
1066006471,2023-02-22T15:56:31.121Z,Introducing,de,40472,Düsseldorf,51.25770568847656,6.818383693695068,8.0,TRUE,0,5,0,1900-01-01 00:00:00.000005
2099242757,2023-02-22T10:46:18.557Z,Tutoring,de,52076,Aachen,50.71126174926758,6.180039882659912,5.0,FALSE,29,11,3,2025-12-05 13:00:00.000000
2951327489,2023-02-22T09:15:40.952Z,Tutoring,de,33100,Paderborn,51.71612548828125,8.793265342712402,20.0,FALSE,8,10,1,2025-05-21 13:00:00.000000
1022447364,2023-02-21T18:33:53.994Z,Chatting,de,37075,Göttingen,51.544246673583984,9.933365821838379,5.0,TRUE,0,1,0,1900-01-01 00:00:00.000005
146928636,2023-02-21T18:01:48.158Z,Active,nl,2629HL,Delft,51.99126434326172,4.37233304977417,5.0,TRUE,0,0,0,1900-01-01 00:00:00.000005
3633912652,2023-02-21T15:39:23.285Z,Tutoring,nl,2497ZJ,'s-Gravenhage,52.03722381591797,4.370339870452881,9.0,TRUE,18,6,3,2023-11-16 19:30:00.000000
102871423,2023-02-21T14:17:01.183Z,Tutoring,de,55122,Mainz,49.99951934814453,8.23931884765625,10.0,FALSE,13,6,2,2024-05-25 13:00:00.000000
2125423734,2023-02-20T18:56:37.890Z,Tutoring,nl,1352AE,Almere,52.3433952331543,5.219507217407227,10.0,TRUE,62,47,1,2024-03-23 11:00:00.000000
3960344744,2023-02-20T13:52:50.291Z,Tutoring,nl,9733BD,Groningen,53.240272521972656,6.621121406555176,6.0,FALSE,14,3,5,2024-01-05 12:00:00.000000
97410302,2023-02-20T13:28:57.396Z,Tutoring,de,81671,München,48.11769485473633,11.611669540405273,20.0,FALSE,1,2,1,2023-03-08 13:30:00.000000
190242376,2023-02-20T13:14:31.288Z,Chatting,de,47447,Moers,51.40629577636719,6.600201606750488,5.0,TRUE,0,2,0,1900-01-01 00:00:00.000005
2345449747,2023-02-20T04:13:35.738Z,Tutoring,de,12107,Berlin,52.42137908935547,13.392477035522461,12.0,FALSE,7,1,7,2023-06-21 12:00:00.000000
1648854622,2023-02-19T18:19:34.118Z,Tutoring,de,90425,Nürnberg,49.46432113647461,11.051239967346191,15.0,TRUE,47,30,2,2024-05-12 14:00:00.000000
1020326145,2023-02-19T17:43:47.238Z,Tutoring,nl,6828ED,Arnhem,51.98371887207031,5.918491363525391,5.0,FALSE,112,39,3,2026-02-03 18:00:00.000000
3788122971,2023-02-19T13:06:49.301Z,Tutoring,de,35396,Gießen,50.600830078125,8.701759338378906,20.0,FALSE,22,19,1,2023-05-22 16:30:00.000000
25012496,2023-02-19T10:38:10.774Z,Tutoring,de,10715,Berlin,52.47977828979492,13.33145809173584,14.0,FALSE,9,3,3,2023-05-29 07:00:00.000000
2006716652,2023-02-18T21:05:03.930Z,Tutoring,nl,3525VC,Utrecht,52.06339645385742,5.117142200469971,5.0,FALSE,138,26,5,2025-03-16 15:00:25.506000
3568914735,2023-02-17T23:17:24.830Z,Chatting,nl,9711 KD,Groningen,53.21614456176758,6.565747261047363,6.0,TRUE,0,1,0,1900-01-01 00:00:00.000005
3319478215,2023-02-17T18:28:14.542Z,Tutoring,de,10245,Berlin,52.50605773925781,13.467111587524414,4.0,FALSE,38,3,13,2024-03-20 16:00:00.000000
3326135422,2023-02-17T16:54:34.285Z,Tutoring,de,33659,Bielefeld,51.965450286865234,8.516627311706543,10.0,FALSE,42,3,14,2024-07-06 09:00:00.000000
779581474,2023-02-17T13:45:34.905Z,Tutoring,de,99423,Weimar,50.98555374145508,11.321037292480469,15.0,TRUE,16,10,2,2023-07-05 15:00:00.000000
2892091894,2023-02-17T01:58:19.460Z,Tutoring,de,22083,Hamburg,53.58298110961914,10.036327362060547,5.0,FALSE,68,22,3,2024-06-08 09:15:00.000000
1041620275,2023-02-16T22:44:02.683Z,Active,nl,9714JL,Groningen,53.231849670410156,6.578485488891602,10.0,TRUE,0,0,0,1900-01-01 00:00:00.000005
874957487,2023-02-16T19:26:12.897Z,Chatting,nl,4613CB,Bergen op Zoom,51.50226593017578,4.285380840301514,10.0,TRUE,0,2,0,1900-01-01 00:00:00.000005
2462094152,2023-02-16T19:20:16.151Z,Tutoring,de,47445,Moers,51.48347854614258,6.604996681213379,5.5,TRUE,1,1,1,2023-05-23 15:45:00.000000
2592750555,2023-02-16T12:05:33.128Z,Tutoring,de,13051,Berlin,52.562957763671875,13.502347946166992,20.0,TRUE,1,7,0,2023-09-26 14:00:00.000000
885466950,2023-02-16T10:38:08.916Z,Tutoring,nl,1079BD,Amsterdam,52.3411979675293,4.895148277282715,8.0,FALSE,8,4,2,2023-04-06 15:15:00.000000
3155702881,2023-02-16T09:13:31.013Z,Chatting,de,18146,Rostock,54.10485076904297,12.152571678161621,7.0,TRUE,0,1,0,1900-01-01 00:00:00.000005
807799473,2023-02-16T06:48:14.492Z,Chatting,de,30451,Hannover,52.37430953979492,9.709259033203125,3.5,TRUE,0,4,0,1900-01-01 00:00:00.000005
1047154364,2023-02-15T17:35:41.880Z,Tutoring,nl,1098XE,Amsterdam,52.355712890625,4.948476791381836,7.0,FALSE,1,2,1,2023-03-16 14:00:00.000000
348296161,2023-02-15T17:11:33.009Z,Tutoring,de,22307,Hamburg,53.602012634277344,10.047608375549316,10.0,FALSE,5,5,1,2023-05-26 14:15:00.000000
3176591047,2023-02-15T16:46:40.776Z,Tutoring,de,52068,Aachen,50.77370834350586,6.111734390258789,8.0,TRUE,16,13,1,2025-06-01 14:15:00.000000
86779513,2023-02-15T15:52:25.821Z,Introducing,de,85080,Gaimersheim,48.80244445800781,11.367241859436035,20.0,TRUE,0,0,0,1900-01-01 00:00:00.000005
2605512713,2023-02-15T12:46:59.964Z,Chatting,de,22869,Schenefeld,53.60206985473633,9.824183464050293,10.0,TRUE,0,6,0,1900-01-01 00:00:00.000005
2114382405,2023-02-15T12:19:10.682Z,Tutoring,nl,3221LM,Hellevoetsluis,51.83028030395508,4.125117301940918,10.0,TRUE,3,7,0,2023-03-16 14:45:00.000000
2273294440,2023-02-15T08:39:11.060Z,Chatting,nl,3012JJ,Rotterdam,51.91740036010742,4.475489616394043,5.0,TRUE,0,1,0,1900-01-01 00:00:00.000005
2042940494,2023-02-14T23:53:12.877Z,Chatting,de,44135,Dortmund,51.515296936035156,7.470526695251465,5.0,TRUE,0,5,0,1900-01-01 00:00:00.000005
4110046069,2023-02-14T21:59:43.020Z,Chatting,de,04317,Leipzig,51.33845520019531,12.396252632141113,7.0,TRUE,0,7,0,1900-01-01 00:00:00.000005
1651688354,2023-02-14T16:44:03.641Z,Tutoring,nl,4625AP,Bergen op Zoom,51.474639892578125,4.309980869293213,8.0,FALSE,50,11,5,2024-03-11 15:15:00.000000
1888285998,2023-02-14T13:15:28.358Z,Chatting,de,16341,Panketal,52.658504486083984,13.545567512512207,8.0,TRUE,0,2,0,1900-01-01 00:00:00.000005
605069693,2023-02-14T13:07:16.048Z,Tutoring,de,53115,Bonn,50.729530334472656,7.083880424499512,5.0,FALSE,1,3,0,2023-06-17 09:00:00.000000
2528075597,2023-02-14T10:38:12.549Z,Tutoring,nl,2316AE,Leiden,52.17055892944336,4.490509986877441,6.0,FALSE,8,5,2,2024-04-27 12:30:00.000000
1413496501,2023-02-14T08:54:32.194Z,Chatting,nl,1507tt,Zaandam,52.43890380859375,4.808257579803467,6.0,TRUE,0,2,0,1900-01-01 00:00:00.000005
2051493833,2023-02-13T15:09:08.051Z,Tutoring,de,52074,Aachen,50.784061431884766,6.05247163772583,20.0,FALSE,65,14,5,2025-06-06 18:00:00.000000
475834963,2023-02-13T14:42:27.495Z,Tutoring,de,85598,Vaterstetten,48.091400146484375,11.792989730834961,3.5,FALSE,5,2,3,2023-10-18 14:30:00.000000
3631099242,2023-02-13T12:06:37.946Z,Tutoring,de,90766,Fürth,49.48420333862305,10.964539527893066,7.0,FALSE,10,2,5,2023-10-15 10:45:00.000000
361469136,2023-02-13T10:39:12.005Z,Tutoring,nl,3056LB,Rotterdam,51.945274353027344,4.49009895324707,10.0,FALSE,37,12,3,2023-07-27 08:00:00.000000
1695230671,2023-02-13T08:17:05.529Z,Chatting,nl,1217BC,Hilversum,52.236183166503906,5.162294387817383,20.0,TRUE,0,1,0,1900-01-01 00:00:00.000005
3231674462,2023-02-12T19:20:33.436Z,Tutoring,nl,5021EJ,Tilburg,51.54706954956055,5.099001884460449,5.0,FALSE,15,1,15,2024-02-27 14:30:00.000000
2179503116,2023-02-12T18:53:50.041Z,Tutoring,nl,1013RZ,Amsterdam,52.3907470703125,4.872195243835449,10.0,FALSE,1,4,0,2023-03-20 15:00:00.000000
1939283233,2023-02-11T08:43:37.749Z,Tutoring,nl,8043TP,Zwolle,52.53595733642578,6.03891658782959,20.0,FALSE,35,13,3,2025-05-11 09:45:00.000000
1788004156,2023-02-10T16:25:55.597Z,Tutoring,nl,2991 KL,Barendrecht,51.848018646240234,4.546838283538818,5.0,FALSE,74,9,8,2024-03-20 12:15:00.000000
2899949357,2023-02-10T13:05:08.115Z,Chatting,de,44795,Bochum,51.44404220581055,7.219461441040039,5.0,TRUE,0,2,0,1900-01-01 00:00:00.000005
2273652443,2023-02-10T11:43:10.316Z,Chatting,de,44137,Dortmund,51.50880813598633,7.44597864151001,10.0,TRUE,0,3,0,1900-01-01 00:00:00.000005
1083716347,2023-02-09T22:21:58.915Z,Chatting,de,04103,Leipzig,51.33618927001953,12.383624076843262,5.0,TRUE,0,4,0,1900-01-01 00:00:00.000005
1434600087,2023-02-09T20:43:11.220Z,Tutoring,de,47226,Duisburg,51.41128158569336,6.711682319641113,5.0,FALSE,56,20,3,2026-03-25 16:45:00.000000
604230428,2023-02-09T16:41:54.648Z,Tutoring,nl,6707EC,Wageningen,51.969058990478516,5.664344787597656,5.0,FALSE,35,14,3,2024-02-21 18:30:00.000000
2919867933,2023-02-09T15:28:48.483Z,Chatting,de,12555,Berlin,52.45746994018555,13.578668594360352,10.0,TRUE,0,1,0,1900-01-01 00:00:00.000005
126288117,2023-02-09T10:37:38.494Z,Tutoring,de,14129,Berlin,52.43130874633789,13.195741653442383,15.0,FALSE,20,8,3,2023-11-12 14:30:00.000000
4284167163,2023-02-09T08:34:21.628Z,Introducing,nl,4761 NE,Zevenbergen,51.64414978027344,4.590813636779785,20.0,TRUE,0,2,0,1900-01-01 00:00:00.000005
3740533550,2023-02-09T07:35:24.396Z,Tutoring,de,10405,Berlin,52.5362434387207,13.428590774536133,5.0,FALSE,7,6,1,2023-06-20 15:00:00.000000
1350683058,2023-02-09T07:14:52.166Z,Tutoring,nl,5221BW,'s-Hertogenbosch,51.73683166503906,5.229776382446289,15.0,TRUE,28,17,2,2026-01-28 15:15:00.000000
2141783212,2023-02-08T19:06:31.522Z,Introducing,nl,3554HH,Utrecht,52.115821838378906,5.088996887207031,5.0,TRUE,0,1,0,1900-01-01 00:00:00.000005
3906288356,2023-02-08T11:27:32.445Z,Tutoring,nl,1687VK,Wognum,52.68354034423828,5.0178327560424805,15.0,TRUE,73,69,1,2024-05-31 13:45:00.000000
2970916324,2023-02-08T09:57:55.158Z,Introducing,nl,8802NN,Franeker,53.197635650634766,5.547468185424805,20.0,TRUE,0,3,0,1900-01-01 00:00:00.000005
3289843276,2023-02-08T09:20:28.760Z,Introducing,de,81245,München,48.158668518066406,11.452134132385254,10.0,TRUE,0,2,0,1900-01-01 00:00:00.000005
142630378,2023-02-08T00:46:45.697Z,Chatting,de,21073,Hamburg,53.45844268798828,9.985618591308594,15.0,TRUE,0,3,0,1900-01-01 00:00:00.000005
3382668778,2023-02-07T23:17:59.938Z,Tutoring,de,59075 Hamm ,Hamm,51.698150634765625,7.754621505737305,20.0,TRUE,1,2,1,2024-05-01 15:45:00.000000
2708183151,2023-02-07T14:49:45.253Z,Tutoring,nl,9406VE,Assen,53.008872985839844,6.541172504425049,3.5,FALSE,55,9,6,2025-05-13 13:00:00.000000
3505225768,2023-02-06T19:38:36.228Z,Tutoring,nl,3825GZ,Amersfoort,52.200748443603516,5.420497894287109,20.0,FALSE,206,57,4,2026-03-30 13:00:00.000000
3328208488,2023-02-06T11:25:50.834Z,Tutoring,nl,6042 VP,Roermond,51.20378494262695,6.016493320465088,20.0,FALSE,171,57,3,2026-02-16 15:00:00.000000
3777806060,2023-02-06T08:10:46.482Z,Tutoring,nl,1060RR,Amsterdam,52.34893035888672,4.788788795471191,8.300000190734863,FALSE,716,32,22,2026-04-15 12:00:00.000000
3767224307,2023-02-05T15:59:44.814Z,Chatting,de,76135,Karlsruhe,48.99137878417969,8.389344215393066,3.5,TRUE,0,1,0,1900-01-01 00:00:00.000005
635243713,2023-02-05T15:26:21.167Z,Tutoring,de,30419,Hannover,52.3922004699707,9.68537712097168,5.0,FALSE,1,1,1,2023-06-05 17:00:00.000000
1954412820,2023-02-05T12:32:47.891Z,Tutoring,nl,3028XN,Rotterdam,51.91951370239258,4.418239116668701,10.0,FALSE,116,35,3,2026-03-31 13:00:00.000000
39811292,2023-02-05T09:29:22.930Z,Chatting,de,35394,Gießen,50.57661056518555,8.694015502929688,15.0,TRUE,0,6,0,1900-01-01 00:00:00.000005
4182585499,2023-02-04T21:38:59.945Z,Tutoring,de,04319,Leipzig,51.34855651855469,12.481590270996094,10.0,TRUE,4,5,1,2024-01-18 12:00:00.000000
918945902,2023-02-04T19:47:18.988Z,Chatting,de,90443,Nürnberg,49.43907165527344,11.065695762634277,8.0,TRUE,0,2,0,1900-01-01 00:00:00.000005
3786023959,2023-02-04T19:25:54.048Z,Tutoring,de,30989,Gehrden,52.300785064697266,9.56724739074707,20.0,FALSE,97,14,7,2025-02-28 13:00:00.000000
2475467109,2023-02-04T18:44:59.511Z,Chatting,de,22339,Hamburg,53.63837814331055,10.027560234069824,3.5,TRUE,0,2,0,1900-01-01 00:00:00.000005
1850630688,2023-02-04T13:55:13.434Z,Tutoring,nl,1251RT,Laren,52.249603271484375,5.224472522735596,8.0,TRUE,1,8,0,2023-02-15 16:00:00.000000
2222968296,2023-02-02T22:36:39.889Z,Tutoring,de,52068,Aachen,50.77254867553711,6.115556716918945,20.0,TRUE,3,6,1,2023-11-20 17:15:00.000000
1824194463,2023-02-02T20:50:06.614Z,Tutoring,de,25491,Hetlingen,53.61562728881836,9.631916046142578,7.0,TRUE,1,2,1,2023-02-21 13:30:00.000000
1624196645,2023-02-02T16:27:13.411Z,Tutoring,nl,9711CX,Groningen,53.21575927734375,6.57194709777832,6.0,FALSE,54,17,3,2025-12-14 15:30:00.000000
1691695841,2023-02-02T12:10:57.066Z,Chatting,de,36103,Flieden,50.41073226928711,9.582633018493652,20.0,TRUE,0,1,0,1900-01-01 00:00:00.000005
3739752356,2023-02-01T12:53:23.513Z,Tutoring,de,07747,Jena,50.886844635009766,11.613696098327637,10.0,TRUE,1,7,0,2024-02-14 15:45:00.000000
1752279352,2023-02-01T11:48:46.140Z,Tutoring,nl,2622HG,Delft,51.98099136352539,4.347133159637451,20.0,FALSE,29,3,10,2023-06-13 14:00:00.000000
2911939156,2023-01-31T11:15:44.295Z,Tutoring,nl,2642dw,Pijnacker,52.003726959228516,4.452661991119385,3.5,TRUE,5,2,3,2023-03-05 10:00:00.000000
859965605,2023-01-30T21:41:28.613Z,Tutoring,nl,5042kr,Tilburg,51.57052230834961,5.058730125427246,3.5,TRUE,22,17,1,2025-03-24 14:00:00.000000
1023785077,2023-01-30T13:27:40.846Z,Tutoring,nl,3207VM,Spijkenisse,51.83686065673828,4.369380474090576,3.5,FALSE,286,38,8,2026-03-03 16:00:00.000000
729191718,2023-01-30T12:07:22.738Z,Tutoring,nl,1121EZ,Landsmeer,52.43294906616211,4.924393653869629,15.0,TRUE,1,4,0,2023-04-21 08:00:00.000000
4128771374,2023-01-30T10:15:05.873Z,Tutoring,nl,6718MX,Ede,52.050716400146484,5.6279144287109375,3.5,FALSE,5,4,1,2023-04-05 14:00:00.000000
3224643957,2023-01-29T21:54:07.301Z,Tutoring,de,37081,Göttingen,51.526100158691406,9.92039966583252,6.0,TRUE,82,31,3,2026-02-07 10:00:00.000000
1525036098,2023-01-29T17:48:12.996Z,Tutoring,nl,8911AD,Leeuwarden,53.19707489013672,5.7906999588012695,6.0,FALSE,1,1,1,2023-03-20 16:00:00.000000
1922121307,2023-01-29T17:06:29.811Z,Tutoring,de,40227,Düsseldorf,51.21234893798828,6.7992401123046875,20.0,TRUE,46,24,2,2025-11-26 14:00:00.000000
3290355051,2023-01-29T11:20:15.829Z,Tutoring,nl,9843GT,Grijpskerk,53.262908935546875,6.300729751586914,20.0,FALSE,3,1,3,2023-05-19 16:30:00.000000
752243518,2023-01-28T19:13:52.043Z,Chatting,de,44227,Dortmund,51.48097229003906,7.40920352935791,20.0,TRUE,0,9,0,1900-01-01 00:00:00.000005
1153972113,2023-01-28T10:05:39.784Z,Tutoring,de,44147,Dortmund,51.51253890991211,7.436868190765381,15.0,FALSE,855,164,5,2026-03-01 11:00:00.000000
4203517692,2023-01-27T19:24:44.602Z,Active,de,42117,Wuppertal,51.249515533447266,7.133548736572266,4.0,TRUE,0,0,0,1900-01-01 00:00:00.000005
3571128019,2023-01-27T14:57:17.860Z,Tutoring,nl,2625GB,Delft,51.99603271484375,4.346940994262695,3.5,FALSE,615,72,9,2026-02-27 15:30:00.000000
295305261,2023-01-26T20:46:24.957Z,Tutoring,de,49143,Bissendorf,52.25249481201172,8.158490180969238,20.0,FALSE,109,35,3,2026-03-23 18:00:00.000000
86726517,2023-01-26T15:12:17.272Z,Introducing,de,44139,Dortmund,51.500877380371094,7.46586799621582,10.0,TRUE,0,3,0,1900-01-01 00:00:00.000005
4195232821,2023-01-26T01:12:37.171Z,Tutoring,nl,5652JH,Eindhoven,51.439571380615234,5.439213752746582,10.0,FALSE,2,2,1,2023-04-14 16:00:00.000000
12751861,2023-01-25T21:23:04.707Z,Tutoring,de,41462,Neuss,51.20408248901367,6.678387641906738,3.5,FALSE,17,9,2,2024-04-23 17:00:00.000000
1338078284,2023-01-25T15:27:40.386Z,Active,de,58099,Hagen,51.387508392333984,7.480170726776123,10.0,TRUE,0,0,0,1900-01-01 00:00:00.000005
3071813246,2023-01-25T10:46:27.458Z,Active,de,34233,Fuldatal,51.36357116699219,9.567602157592773,15.0,TRUE,0,0,0,1900-01-01 00:00:00.000005
3683654646,2023-01-24T21:59:19.206Z,Tutoring,de,10557,Berlin,52.52145004272461,13.343600273132324,6.0,TRUE,22,13,2,2025-10-25 10:00:00.000000
2303317154,2023-01-24T21:53:09.139Z,Tutoring,de,47877,Willich,51.28366470336914,6.451396942138672,20.0,FALSE,28,9,3,2024-02-02 16:00:00.000000
537804523,2023-01-24T21:02:36.949Z,Active,de,13086,Berlin,52.556884765625,13.462636947631836,5.0,TRUE,0,0,0,1900-01-01 00:00:00.000005
2772234565,2023-01-24T13:13:31.569Z,Introducing,de,10247,Berlin,52.50857162475586,13.469023704528809,7.0,TRUE,0,2,0,1900-01-01 00:00:00.000005
2099649381,2023-01-24T12:00:54.639Z,Tutoring,nl,1078AZ,Amsterdam,52.3480339050293,4.888614654541016,3.5,FALSE,27,5,5,2023-06-20 13:00:00.000000
1532683148,2023-01-23T23:34:28.592Z,Tutoring,nl,3062TS,Rotterdam,51.92303466796875,4.514467716217041,7.0,FALSE,11,4,3,2023-04-06 10:15:00.000000
2252062056,2023-01-23T14:22:16.594Z,Chatting,de,22397,Hamburg,53.68098068237305,10.095789909362793,10.0,TRUE,0,2,0,1900-01-01 00:00:00.000005
536987054,2023-01-23T12:34:17.466Z,Tutoring,de,22457,Hamburg,53.643489837646484,9.90873908996582,10.0,FALSE,7,5,1,2023-02-28 15:00:00.000000
162126664,2023-01-23T12:27:02.001Z,Chatting,de,60385,Frankfurt am Main,50.1236457824707,8.706703186035156,10.0,TRUE,0,3,0,1900-01-01 00:00:00.000005
3558641238,2023-01-23T11:37:32.974Z,Tutoring,de,99089,Erfurt,50.99513244628906,11.006440162658691,10.0,FALSE,32,5,6,2024-03-11 14:30:00.000000
3770365469,2023-01-23T07:17:48.726Z,Tutoring,de,76189,Karlsruhe,48.985713958740234,8.366247177124023,6.0,FALSE,12,2,6,2023-06-30 15:00:00.000000
2932345519,2023-01-21T22:37:59.264Z,Tutoring,de,13357,Berlin,52.54646682739258,13.369978904724121,14.0,FALSE,120,40,3,2024-06-30 10:15:00.000000
2968984689,2023-01-21T16:08:02.962Z,Tutoring,de,12524,Berlin,52.42001724243164,13.55305290222168,15.0,TRUE,38,13,3,2023-06-22 13:30:00.000000
295685373,2023-01-20T21:32:14.635Z,Tutoring,nl,1034JM,Amsterdam,52.403541564941406,4.914381980895996,5.0,FALSE,15,2,8,2023-10-21 09:00:00.000000
3213029110,2023-01-20T17:44:41.368Z,Chatting,nl,3131GV,Vlaardingen,51.91254806518555,4.340209007263184,15.0,TRUE,0,1,0,1900-01-01 00:00:00.000005
3331143047,2023-01-19T18:29:09.567Z,Chatting,de,86154,Augsburg,48.39830780029297,10.886701583862305,10.0,TRUE,0,3,0,1900-01-01 00:00:00.000005
1363839258,2023-01-18T22:27:27.026Z,Chatting,de,01187,Dresden,51.028289794921875,13.711947441101074,7.0,TRUE,0,1,0,1900-01-01 00:00:00.000005
2491818662,2023-01-18T22:27:06.693Z,Active,de,60389,Frankfurt am Main,50.12885665893555,8.698823928833008,20.0,TRUE,0,0,0,1900-01-01 00:00:00.000005
2381863766,2023-01-18T18:19:41.386Z,Chatting,nl,8508RE,Delfstrahuizen,52.875732421875,5.826783657073975,20.0,TRUE,0,6,0,1900-01-01 00:00:00.000005
3756389226,2023-01-18T16:08:40.366Z,Tutoring,nl,2624NC,Delft,51.996009826660156,4.352953910827637,5.0,TRUE,140,86,2,2024-05-22 09:00:00.000000
3337874536,2023-01-18T12:47:22.927Z,Tutoring,de,12103,Berlin,52.45876693725586,13.379935264587402,3.5,FALSE,168,31,5,2026-01-26 14:00:00.000000
1251922655,2023-01-18T08:53:08.030Z,Tutoring,nl,4331ES,Middelburg,51.501869201660156,3.6170055866241455,10.0,TRUE,4,9,0,2023-11-30 19:00:00.000000
2137345349,2023-01-17T21:29:56.489Z,Tutoring,de,13353,Berlin,52.543521881103516,13.358466148376465,12.0,FALSE,3,3,1,2023-03-02 13:00:00.000000
749986651,2023-01-17T20:15:11.771Z,Tutoring,nl,3134LH,Vlaardingen,51.907386779785156,4.353935718536377,15.0,FALSE,5,3,2,2023-05-07 09:00:00.000000
3053813947,2023-01-17T14:46:46.908Z,Tutoring,de,72072,Tübingen,48.517879486083984,9.06005573272705,5.0,FALSE,113,24,5,2026-03-02 18:15:00.000000
3255739869,2023-01-17T14:03:17.838Z,Tutoring,de,13353,Berlin,52.53956985473633,13.357207298278809,10.0,TRUE,2,9,0,2023-10-17 17:00:00.000000
969531022,2023-01-17T12:14:49.561Z,Introducing,de,33615,Bielefeld,52.03717803955078,8.499509811401367,15.0,TRUE,0,4,0,1900-01-01 00:00:00.000005
2131966252,2023-01-15T16:27:57.764Z,Chatting,nl,6674AW,Herveld,51.90850830078125,5.740564346313477,12.0,TRUE,0,1,0,1900-01-01 00:00:00.000005
769671927,2023-01-15T15:17:03.702Z,Tutoring,nl,6645ke,Winssen,51.873931884765625,5.72348690032959,15.0,FALSE,148,40,4,2025-10-29 13:00:00.000000
3695478744,2023-01-14T16:21:23.351Z,Tutoring,nl,5614GP,Eindhoven,51.425846099853516,5.493689060211182,5.0,FALSE,26,3,9,2023-06-22 14:00:00.000000
4025038073,2023-01-13T21:20:55.126Z,Tutoring,de,81673,München,48.122440338134766,11.641395568847656,10.0,TRUE,5,7,1,2023-05-26 14:00:00.000000
2517837597,2023-01-13T10:43:50.906Z,Chatting,de,76185,Karlsruhe,49.0133056640625,8.360006332397461,5.0,TRUE,0,1,0,1900-01-01 00:00:00.000005
3371433629,2023-01-13T08:37:49.791Z,Tutoring,de,39122,Magdeburg,52.073429107666016,11.667752265930176,20.0,FALSE,136,36,4,2025-05-12 16:00:00.000000
2838983319,2023-01-12T21:14:25.385Z,Chatting,de,63071,Offenbach am Main,50.097923278808594,8.788820266723633,20.0,TRUE,0,1,0,1900-01-01 00:00:00.000005
629174946,2023-01-12T20:16:40.958Z,Active,de,66111,Saarbrücken,49.237098693847656,7.003055095672607,15.0,TRUE,0,0,0,1900-01-01 00:00:00.000005
3683244815,2023-01-12T15:31:43.961Z,Tutoring,nl,5914SJ,Venlo,51.37672805786133,6.174849987030029,20.0,TRUE,33,21,2,2024-05-29 17:00:00.000000
471429794,2023-01-12T15:17:42.357Z,Tutoring,nl,7512GW,Enschede,52.21308517456055,6.906564235687256,20.0,FALSE,1,3,0,2023-05-23 18:00:00.000000
1844815354,2023-01-12T11:27:01.324Z,Tutoring,de,13156,Berlin,52.58415603637695,13.392313957214355,20.0,FALSE,69,12,6,2024-01-25 17:30:00.000000
1581367249,2023-01-11T15:19:31.754Z,Tutoring,de,32805,Horn-Bad Meinberg,51.85246658325195,8.957527160644531,20.0,TRUE,22,17,1,2023-05-08 15:00:00.000000
1963924604,2023-01-11T07:15:34.335Z,Chatting,de,44339,Dortmund,51.540794372558594,7.476753234863281,6.5,TRUE,0,1,0,1900-01-01 00:00:00.000005
2622408903,2023-01-10T20:39:31.069Z,Tutoring,de,60389,Frankfurt am Main,50.12733459472656,8.699129104614258,5.0,FALSE,28,3,9,2024-06-20 16:00:00.000000
1898097709,2023-01-10T17:28:28.627Z,Chatting,de,48151,Münster,51.95172119140625,7.6179399490356445,6.0,TRUE,0,1,0,1900-01-01 00:00:00.000005
2887366874,2023-01-10T17:08:37.992Z,Tutoring,de,42107,Wuppertal,51.26557922363281,7.15446662902832,5.0,FALSE,9,3,3,2023-05-23 12:00:00.000000
3616695959,2023-01-10T15:49:14.557Z,Tutoring,de,97218,Gerbrunn,49.77764129638672,9.991943359375,7.5,FALSE,31,9,3,2024-03-11 16:00:00.000000
1151807566,2023-01-10T14:15:27.436Z,Tutoring,de,58093,Hagen,51.3531379699707,7.501215934753418,10.0,FALSE,15,2,8,2023-09-18 13:30:00.000000
2687336701,2023-01-10T10:55:14.540Z,Tutoring,nl,3554GN,Utrecht,52.114540100097656,5.089271545410156,7.5,FALSE,7,3,2,2023-05-18 08:30:00.000000
874958633,2023-01-10T10:47:03.542Z,Tutoring,de,35614,Aßlar,50.58115005493164,8.461992263793945,10.0,TRUE,1,2,1,2023-02-22 10:00:00.000000
1300954002,2023-01-09T23:11:59.303Z,Chatting,de,79423,Heitersheim,47.87525939941406,7.652639865875244,20.0,TRUE,0,2,0,1900-01-01 00:00:00.000005
922059688,2023-01-09T16:55:03.600Z,Introducing,de,35041,Marburg,50.83684158325195,8.755536079406738,15.0,TRUE,0,0,0,1900-01-01 00:00:00.000005
2568936344,2023-01-09T15:06:03.343Z,Tutoring,nl,3038CS,Rotterdam,51.93277359008789,4.4640913009643555,5.0,FALSE,151,27,6,2026-03-31 16:00:00.000000
505424807,2023-01-09T13:50:27.295Z,Chatting,de,76646,Bruchsal,49.11484146118164,8.569831848144531,12.0,TRUE,0,1,0,1900-01-01 00:00:00.000005
1600289349,2023-01-09T12:27:10.744Z,Tutoring,nl,5091BC,Oost West en Middelbeers,51.471317291259766,5.266024589538574,15.0,FALSE,606,76,8,2026-03-03 15:15:00.000000
2087229125,2023-01-09T12:26:06.662Z,Tutoring,de,37085,Göttingen,51.52919006347656,9.941130638122559,3.5,FALSE,15,6,3,2023-05-02 09:00:00.000000
1858663126,2023-01-08T18:11:43.345Z,Chatting,de,30169,Hannover,52.374122619628906,9.721151351928711,6.0,TRUE,0,2,0,1900-01-01 00:00:00.000005
877270596,2023-01-07T19:14:30.702Z,Tutoring,de,65195 Wiesbaden (Hessen) ,Wiesbaden,50.08750915527344,8.230586051940918,3.5,FALSE,116,43,3,2026-03-04 15:30:00.000000
2561562021,2023-01-07T13:55:59.837Z,Active,de,12305,Berlin,52.4079475402832,13.409985542297363,3.5,TRUE,0,0,0,1900-01-01 00:00:00.000005
4075557802,2023-01-07T09:38:08.522Z,Tutoring,nl,3607XE,Maarssen,52.128910064697266,5.020680904388428,5.0,FALSE,15,2,8,2023-05-23 14:00:00.000000
2920288995,2023-01-05T22:01:35.149Z,Tutoring,de,80637,München,48.159645080566406,11.5352783203125,5.0,FALSE,18,4,5,2023-11-18 09:00:00.000000
1099637054,2023-01-05T20:43:18.459Z,Tutoring,de,52070,Aachen,50.77860641479492,6.100036144256592,15.0,FALSE,1,3,0,2023-07-13 12:00:00.000000
3730572424,2023-01-05T16:58:31.618Z,Tutoring,de,91058,Erlangen,49.56647491455078,10.986485481262207,20.0,FALSE,133,36,4,2024-12-03 15:00:00.000000
3178860826,2023-01-05T15:05:47.434Z,Tutoring,nl,2312EG,Leiden,52.16141891479492,4.4964728355407715,4.0,FALSE,18,5,4,2023-06-16 13:00:00.000000
3021100420,2023-01-05T14:26:32.518Z,Introducing,de,66129 ,Saarbrücken,49.18023681640625,7.038591384887695,20.0,TRUE,0,1,0,1900-01-01 00:00:00.000005
667245569,2023-01-05T13:28:38.754Z,Chatting,de,69121,Heidelberg,49.43462371826172,8.679801940917969,10.0,TRUE,0,2,0,1900-01-01 00:00:00.000005
3508695888,2023-01-05T12:31:19.816Z,Active,de,41065,Mönchengladbach,51.20402908325195,6.483161449432373,6.0,TRUE,0,0,0,1900-01-01 00:00:00.000005
2105497029,2023-01-05T11:46:40.585Z,Tutoring,de,38118,Braunschweig,52.26174545288086,10.497320175170898,9.0,FALSE,45,7,6,2024-06-27 14:00:00.000000
83310131,2023-01-05T11:25:07.442Z,Tutoring,nl,6866CA,Heelsum,51.98262405395508,5.754754066467285,5.0,FALSE,6,9,1,2023-05-29 17:00:00.000000
3246002923,2023-01-05T11:07:55.223Z,Tutoring,de,69121,Heidelberg,49.433998107910156,8.682010650634766,15.0,FALSE,17,4,4,2023-07-27 14:15:00.000000
2972222083,2023-01-05T06:29:39.225Z,Tutoring,de,51371,Leverkusen,51.05619430541992,6.957728862762451,5.0,TRUE,7,12,1,2023-12-03 15:00:00.000000
1192690682,2023-01-04T19:43:28.187Z,Tutoring,nl,1075TT,Amsterdam,52.353458404541016,4.854529857635498,8.0,TRUE,22,7,3,2023-06-22 15:45:00.000000
1501068431,2023-01-04T17:20:16.834Z,Active,de,52134,Herzogenrath,50.824363708496094,6.082895278930664,5.0,TRUE,0,0,0,1900-01-01 00:00:00.000005
2491516573,2023-01-04T14:23:05.568Z,Tutoring,de,10405,Berlin,52.529815673828125,13.424698829650879,10.0,FALSE,12,9,1,2024-01-10 14:00:00.000000
3171592921,2023-01-04T14:03:42.504Z,Tutoring,de,12043,Berlin,52.474647521972656,13.445061683654785,10.0,FALSE,11,8,1,2023-05-11 15:15:00.000000
2575738849,2023-01-04T13:45:56.072Z,Tutoring,de,33613,Bielefeld,52.03546905517578,8.5241117477417,5.0,FALSE,76,24,3,2026-01-22 14:45:00.000000
355723416,2023-01-04T00:05:24.439Z,Tutoring,de,04317,Leipzig,51.328346252441406,12.413448333740234,5.0,FALSE,366,45,8,2025-07-29 14:30:00.000000
2030086689,2023-01-03T14:35:04.336Z,Active,de,24113,Kiel,54.30131530761719,10.109078407287598,10.0,TRUE,0,0,0,1900-01-01 00:00:00.000005
1711126375,2023-01-03T10:41:50.399Z,Tutoring,nl,2371AR,Roelofarendsveen,52.18703079223633,4.621140003204346,6.0,FALSE,82,21,4,2024-06-16 08:00:00.000000
2629042848,2023-01-02T17:11:27.422Z,Introducing,nl,2332BH,Leiden,52.160621643066406,4.469834804534912,10.0,TRUE,0,2,0,1900-01-01 00:00:00.000005
4004483287,2023-01-02T15:35:56.084Z,Chatting,de,20257,Hamburg,53.57973098754883,9.941948890686035,10.0,TRUE,0,3,0,1900-01-01 00:00:00.000005
747257625,2023-01-02T13:22:37.367Z,Tutoring,de,16833,Fehrbellin,52.7076301574707,12.820599555969238,20.0,FALSE,37,13,3,2024-12-10 17:30:00.000000
3599853151,2023-01-01T15:00:13.006Z,Tutoring,de,12051,Berlin,52.46467208862305,13.431960105895996,3.5,TRUE,495,168,3,2026-02-24 17:30:00.000000
4136205095,2023-01-01T09:29:36.511Z,Tutoring,de,97074,Würzburg,49.77640914916992,9.957844734191895,5.0,FALSE,363,133,3,2025-09-12 11:30:00.000000
2255660087,2022-12-29T12:17:35.319Z,Tutoring,de,42699,Solingen,51.14453887939453,7.011051177978516,20.0,FALSE,1105,316,3,2026-07-23 18:45:00.000000
1723800287,2022-12-27T12:13:12.265Z,Chatting,de,44339,Dortmund,51.55268096923828,7.45098876953125,15.0,TRUE,0,1,0,1900-01-01 00:00:00.000005
3897215046,2022-12-27T11:16:11.613Z,Tutoring,de,86161,Augsburg,48.35561752319336,10.902432441711426,14.899999618530273,FALSE,11,8,1,2023-12-15 15:15:00.000000
3119564551,2022-12-26T16:46:27.283Z,Tutoring,de,12349,Berlin,52.42202377319336,13.41979694366455,10.0,FALSE,117,23,5,2026-01-25 10:00:00.000000
2628322928,2022-12-26T14:04:53.962Z,Chatting,de,50999,Köln,50.86259460449219,7.00901985168457,3.5,TRUE,0,1,0,1900-01-01 00:00:00.000005
1914330338,2022-12-26T09:06:42.514Z,Tutoring,nl,1608EE,Wijdenes,52.642086029052734,5.1660261154174805,15.0,FALSE,101,40,3,2026-03-01 09:00:00.000000
718683018,2022-12-24T20:20:58.181Z,Chatting,de,10587,Berlin,52.52055358886719,13.318808555603027,10.0,TRUE,0,1,0,1900-01-01 00:00:00.000005
1343882092,2022-12-23T21:49:14.174Z,Tutoring,de,22297,Hamburg,53.60177230834961,10.013816833496094,20.0,TRUE,24,17,1,2025-10-30 14:00:00.000000
880845450,2022-12-23T16:54:54.710Z,Introducing,de,55130,Mainz,49.97160339355469,8.290962219238281,10.0,TRUE,0,0,0,1900-01-01 00:00:00.000005
346329372,2022-12-23T12:47:05.282Z,Tutoring,de,99084,Erfurt,50.9703369140625,11.020634651184082,5.0,FALSE,39,5,8,2023-12-11 15:30:00.000000
429805057,2022-12-23T06:48:18.365Z,Tutoring,de,53113,Bonn,50.72901153564453,7.104224681854248,5.0,FALSE,17,6,3,2024-07-12 12:00:00.000000
2747035084,2022-12-22T14:19:32.483Z,Active,nl,5924XH,Venlo,51.369869232177734,6.133575916290283,20.0,TRUE,0,0,0,1900-01-01 00:00:00.000005
3783575192,2022-12-21T21:34:40.536Z,Tutoring,nl,2582RL,'s-Gravenhage,52.09611892700195,4.281770706176758,5.0,TRUE,7,4,2,2023-02-14 15:15:00.000000
3370504577,2022-12-21T21:20:02.171Z,Tutoring,de,09111,Chemnitz,50.84498596191406,12.922659873962402,3.5,TRUE,1,1,1,2023-07-27 09:00:00.000000
3818432021,2022-12-20T16:49:35.674Z,Tutoring,nl,7542VR,Enschede,52.20016098022461,6.903815746307373,20.0,TRUE,58,30,2,2024-04-14 07:00:00.000000
1143512672,2022-12-15T22:57:55.591Z,Tutoring,nl,6229VR,Maastricht,50.8283805847168,5.708199977874756,5.0,FALSE,14,5,3,2023-06-22 11:30:00.000000
1655562469,2022-12-14T22:11:38.605Z,Chatting,de,41751,Viersen,51.255794525146484,6.346471309661865,5.0,TRUE,0,8,0,1900-01-01 00:00:00.000005
3566908438,2022-12-14T19:14:48.219Z,Chatting,nl,2498AL,'s-Gravenhage,52.03321075439453,4.379703044891357,15.0,TRUE,0,0,0,1900-01-01 00:00:00.000005
285293832,2022-12-14T14:37:44.531Z,Chatting,de,24105,Kiel,54.337867736816406,10.14381217956543,5.0,TRUE,0,3,0,1900-01-01 00:00:00.000005
30579,2022-12-13T11:03:32.000Z,Tutoring,de,37083,Göttingen,51.524914,9.94432,5.0,FALSE,3,2,2,2023-02-13 16:00:00.000000
30558,2022-12-12T20:08:20.000Z,Tutoring,nl,5041AH,Tilburg,51.567112,5.0870166,8.0,FALSE,56,4,14,2023-06-21 17:00:00.000000
30542,2022-12-12T17:55:45.000Z,Tutoring,de,40880,Ratingen,51.283912658691406,6.831840515136719,10.0,TRUE,16,8,2,2024-01-31 17:45:00.000000
30536,2022-12-12T17:06:15.000Z,Chatting,de,35390,Gießen,50.589664459228516,8.674426078796387,3.5,TRUE,0,1,0,1900-01-01 00:00:00.000005
30466,2022-12-11T16:20:56.000Z,Tutoring,de,63263,Neu-Isenburg,50.05907,8.755323,15.0,FALSE,5,1,5,2023-05-23 14:00:00.000000
30459,2022-12-11T14:09:49.000Z,Introducing,de,63500,Seligenstadt,50.05212,8.93555,16.5,TRUE,0,3,0,1900-01-01 00:00:00.000005
30454,2022-12-11T13:03:02.000Z,Chatting,de,37075,Göttingen,51.54676,9.93379,5.0,TRUE,0,3,0,1900-01-01 00:00:00.000005
30390,2022-12-09T17:09:43.000Z,Tutoring,de,33609,Bielefeld,52.04173,8.545557,5.0,FALSE,97,5,19,2024-08-13 08:00:00.000000
30377,2022-12-09T11:23:41.000Z,Chatting,de,40223,Düsseldorf,51.206997,6.7710886,12.0,TRUE,0,0,0,1900-01-01 00:00:00.000005
30352,2022-12-08T20:06:44.000Z,Tutoring,de,60596,Frankfurt am Main,50.09412,8.674223,4.0,TRUE,1,7,0,2023-03-18 12:00:00.000000
30265,2022-12-07T17:14:20.000Z,Active,de,80807,München,48.178387,11.570025,9.0,TRUE,0,0,0,1900-01-01 00:00:00.000005
30259,2022-12-07T15:51:09.000Z,Tutoring,de,42277,Wuppertal,51.28236,7.207531,10.0,FALSE,1,2,1,2023-01-16 14:00:00.000000
30258,2022-12-07T15:34:25.000Z,Tutoring,nl,1019PC,Amsterdam,52.377384185791016,4.9362053871154785,7.0,TRUE,22,8,3,2024-01-16 14:30:00.000000
30247,2022-12-07T13:06:49.000Z,Tutoring,nl,1061AH,Amsterdam,52.36686,4.8350763,5.0,TRUE,222,151,1,2024-06-29 10:00:00.000000
30242,2022-12-07T12:11:33.000Z,Active,de,87730,Bad Grönenbach,47.87749,10.224659,12.0,TRUE,0,0,0,1900-01-01 00:00:00.000005
30215,2022-12-06T20:52:58.000Z,Tutoring,de,16515,Oranienburg,52.75745391845703,13.24846363067627,20.0,TRUE,15,10,2,2024-10-11 13:00:00.000000
30205,2022-12-06T19:30:53.000Z,Tutoring,de,93057,Regensburg,49.04892,12.12881,3.5,FALSE,135,34,4,2026-03-01 19:00:00.000000
30110,2022-12-05T14:20:39.000Z,Chatting,de,28237,Bremen,53.113632,8.764946,10.0,TRUE,0,1,0,1900-01-01 00:00:00.000005
30106,2022-12-05T13:59:24.000Z,Chatting,de,04347,Leipzig,51.355312,12.396176,5.0,TRUE,0,0,0,1900-01-01 00:00:00.000005
30084,2022-12-05T10:12:42.000Z,Chatting,de,96050,Bamberg,49.89261,10.9072485,4.0,TRUE,0,1,0,1900-01-01 00:00:00.000005
29996,2022-12-03T13:29:17.000Z,Tutoring,de,52064,Aachen,50.770306,6.0818176,5.0,FALSE,1,2,1,2023-06-21 14:00:00.000000
29980,2022-12-02T22:09:39.000Z,Tutoring,de,44793,Bochum,51.47915,7.191828,10.0,FALSE,10,2,5,2023-03-18 15:00:00.000000
29972,2022-12-02T18:49:23.000Z,Tutoring,nl,9712CP,Groningen,53.21895980834961,6.56309175491333,20.0,FALSE,56,19,3,2025-10-14 18:00:00.000000
29957,2022-12-02T14:14:54.000Z,Tutoring,nl,4336AM,Middelburg,51.48781,3.6123426,8.0,FALSE,48,8,6,2023-06-27 17:00:00.000000
29946,2022-12-02T11:29:19.000Z,Chatting,de,01309,Dresden,51.049973,13.803437,3.5,TRUE,0,1,0,1900-01-01 00:00:00.000005
29942,2022-12-02T06:53:32.000Z,Chatting,de,38459,Bahrdorf,52.352657,11.027977,3.5,TRUE,0,1,0,1900-01-01 00:00:00.000005
29907,2022-12-01T11:21:27.000Z,Tutoring,nl,2924 AC,Krimpen aan den IJssel,51.927467346191406,4.619572162628174,5.0,FALSE,26,6,4,2023-04-14 13:00:00.000000
29835,2022-11-30T06:45:29.000Z,Tutoring,de,97286,Winterhausen,49.7078971862793,10.014382362365723,20.0,FALSE,86,23,4,2024-09-11 18:00:00.000000
29823,2022-11-29T19:49:54.000Z,Tutoring,de,47803,Krefeld,51.353104,6.5381074,10.0,TRUE,5,12,0,2024-11-13 15:00:00.000000
29727,2022-11-28T16:18:33.000Z,Tutoring,nl,6542SM,Nijmegen,51.8452033996582,5.8384575843811035,4.0,FALSE,95,10,10,2026-02-27 14:00:00.000000
29601,2022-11-25T15:51:21.000Z,Tutoring,de,16303,Schwedt/Oder,53.06314468383789,14.277364730834961,15.0,FALSE,158,35,5,2026-02-24 17:30:00.000000
29493,2022-11-23T16:27:06.000Z,Tutoring,de,51381,Leverkusen,51.089657,7.04639,10.0,TRUE,1,3,0,2022-12-14 15:00:00.000000
29452,2022-11-22T21:52:30.000Z,Tutoring,nl,2925el,Krimpen aan den IJssel,51.92169952392578,4.626696586608887,3.5,FALSE,210,56,4,2026-03-01 18:00:00.000000
29428,2022-11-22T14:23:04.000Z,Tutoring,nl,1325TL,Almere,52.35864,5.2486835,5.0,TRUE,29,15,2,2024-06-17 17:00:00.000000
29419,2022-11-22T09:55:03.000Z,Tutoring,de,04109,Leipzig,51.34211,12.374746,3.5,TRUE,1,8,0,2023-11-13 16:15:00.000000
29410,2022-11-21T22:31:55.000Z,Tutoring,de,64289,Darmstadt,49.878418,8.663207,8.0,FALSE,23,5,5,2024-06-04 12:30:00.000000
29379,2022-11-21T15:23:42.000Z,Chatting,de,44866,Bochum,51.485577,7.1399093,5.0,TRUE,0,2,0,1900-01-01 00:00:00.000005
29378,2022-11-21T15:09:25.000Z,Tutoring,nl,3811CM,Amersfoort,52.1568489074707,5.388339996337891,5.0,TRUE,24,24,1,2024-02-11 12:00:00.000000
29362,2022-11-21T11:12:24.000Z,Tutoring,de,07745,Jena,50.89963,11.57678,15.0,FALSE,6,1,6,2023-01-23 16:15:00.000000
29352,2022-11-21T08:44:46.000Z,Tutoring,nl,2912NJ,Nieuwerkerk aan den IJssel,51.96162796020508,4.608301162719727,10.0,FALSE,145,33,4,2026-02-02 16:00:00.000000
29314,2022-11-20T16:28:41.000Z,Tutoring,de,58091,Hagen,51.290176,7.5223203,20.0,TRUE,8,6,1,2023-04-18 15:00:00.000000
29306,2022-11-20T15:08:00.000Z,Tutoring,de,86153,Augsburg,48.3785514831543,10.885987281799316,6.0,TRUE,13,10,1,2024-04-30 13:30:00.000000
29303,2022-11-20T14:54:14.000Z,Chatting,nl,2157NE,Abbenes,52.23195,4.5906515,16.0,TRUE,0,4,0,1900-01-01 00:00:00.000005
29267,2022-11-19T17:24:03.000Z,Tutoring,de,99755,Hohenstein,51.53976821899414,10.606550216674805,20.0,FALSE,50,16,3,2026-03-01 17:30:00.000000
29226,2022-11-18T13:11:10.000Z,Tutoring,nl,3582LK,Utrecht,52.08110809326172,5.135829448699951,20.0,FALSE,123,45,3,2025-12-09 18:00:00.000000
29222,2022-11-18T11:01:00.000Z,Tutoring,de,80939,München,48.191097259521484,11.622652053833008,8.0,FALSE,87,16,5,2024-08-08 08:00:00.000000
29218,2022-11-18T10:29:06.000Z,Tutoring,nl,7482AA,Haaksbergen,52.168392,6.7408895,7.0,FALSE,80,15,5,2025-05-18 15:00:00.000000
29216,2022-11-18T10:16:46.000Z,Tutoring,de,37075,Göttingen,51.544365,9.94474,10.0,FALSE,108,30,4,2026-02-27 12:15:00.000000
29193,2022-11-17T20:15:04.000Z,Tutoring,nl,2396AW,Koudekerk aan den Rijn,52.13922119140625,4.607381820678711,9.0,TRUE,62,22,3,2024-06-27 17:30:00.000000
29090,2022-11-16T12:09:36.000Z,Chatting,de,41236,Mönchengladbach,51.15717,6.4437385,20.0,TRUE,0,1,0,1900-01-01 00:00:00.000005
29064,2022-11-15T21:30:15.000Z,Tutoring,de,07745,Jena,50.91640853881836,11.57690715789795,20.0,TRUE,15,9,2,2025-05-13 07:00:00.000000
29033,2022-11-15T15:40:01.000Z,Tutoring,nl,9712EK,Groningen,53.21947,6.561715,20.0,TRUE,2,12,0,2024-04-01 13:00:00.000000
29016,2022-11-15T11:06:57.000Z,Chatting,de,72076,Tübingen,48.541351318359375,9.060752868652344,15.0,TRUE,0,4,0,1900-01-01 00:00:00.000005
28998,2022-11-15T05:05:58.000Z,Chatting,de,01219,Dresden,51.024647,13.763464,10.0,TRUE,0,2,0,1900-01-01 00:00:00.000005
28991,2022-11-14T22:05:07.000Z,Chatting,de,76131,Karlsruhe,49.01468,8.442189,10.0,TRUE,0,3,0,1900-01-01 00:00:00.000005
28987,2022-11-14T20:27:50.000Z,Tutoring,de,35398,Gießen,50.551727,8.621791,10.0,TRUE,43,24,2,2026-02-05 14:00:00.000000
28979,2022-11-14T18:54:02.000Z,Tutoring,nl,1405HR,Bussum,52.27495,5.1557274,6.0,FALSE,38,5,8,2024-01-28 16:30:00.000000
28933,2022-11-14T10:50:07.000Z,Tutoring,de,65462,Ginsheim-Gustavsburg,49.96352005004883,8.348078727722168,20.0,FALSE,213,22,10,2024-09-16 18:00:00.000000
28900,2022-11-13T18:28:46.000Z,Chatting,nl,1747HR,Tuitjenhorn,52.740734,4.7487183,15.0,TRUE,0,1,0,1900-01-01 00:00:00.000005
28847,2022-11-12T13:46:37.000Z,Introducing,de,35037,Marburg,50.806393,8.761665,15.0,TRUE,0,7,0,1900-01-01 00:00:00.000005
28810,2022-11-11T17:20:45.000Z,Introducing,de,47169,Duisburg,51.51493,6.75117,20.0,TRUE,0,8,0,1900-01-01 00:00:00.000005
28790,2022-11-11T10:03:23.000Z,Chatting,nl,3319BN,Dordrecht,51.797283,4.703026,20.0,TRUE,0,1,0,1900-01-01 00:00:00.000005
28781,2022-11-11T08:09:53.000Z,Chatting,de,44801,Bochum,51.44984,7.2499275,10.0,TRUE,0,3,0,1900-01-01 00:00:00.000005
28764,2022-11-10T18:07:57.000Z,Active,de,44628,Herne,51.550488,7.2324724,3.5,TRUE,0,0,0,1900-01-01 00:00:00.000005
28759,2022-11-10T17:46:18.000Z,Tutoring,nl,6671AA,Zetten,51.93003,5.715688,20.0,TRUE,16,6,3,2023-06-27 12:00:00.000000
28753,2022-11-10T16:45:01.000Z,Tutoring,nl,9061BL,Gytsjerk,53.24003,5.8913,12.0,FALSE,72,22,3,2025-02-22 15:30:00.000000
28736,2022-11-10T12:39:15.000Z,Tutoring,nl,2713AM,Zoetermeer,52.054603576660156,4.488672733306885,3.5,FALSE,164,10,16,2026-02-25 13:30:00.000000
28723,2022-11-10T11:07:48.000Z,Tutoring,nl,9715ES,Groningen,53.22936,6.56241,7.0,FALSE,92,18,5,2024-07-01 17:00:00.000000
28663,2022-11-09T16:40:56.000Z,Tutoring,de,52072,Aachen,50.784138,6.0775623,20.0,FALSE,119,33,4,2023-10-22 09:00:00.000000
28645,2022-11-09T12:35:40.000Z,Chatting,de,76131,Karlsruhe,49.018963,8.425481,20.0,TRUE,0,1,0,1900-01-01 00:00:00.000005
28644,2022-11-09T12:17:30.000Z,Tutoring,nl,3722BJ,Bilthoven,52.12251663208008,5.2011799812316895,3.5,FALSE,136,30,5,2025-06-24 18:00:00.000000
28634,2022-11-09T08:59:55.000Z,Tutoring,de,44287,Dortmund,51.4852294921875,7.5510478019714355,3.5,TRUE,10,4,3,2023-05-23 15:00:00.000000
28570,2022-11-08T11:12:38.000Z,Tutoring,de,76137,Karlsruhe,49.002293,8.410237,8.5,FALSE,80,7,11,2025-07-11 13:45:00.000000
28567,2022-11-08T10:43:00.000Z,Introducing,de,60318,Frankfurt am Main,50.121925,8.683613,7.0,TRUE,0,2,0,1900-01-01 00:00:00.000005
28513,2022-11-07T15:14:18.000Z,Tutoring,nl,5621JG,Eindhoven,51.45954513549805,5.45421028137207,3.5,TRUE,5,8,1,2024-03-01 14:00:00.000000
28428,2022-11-06T09:51:33.000Z,Tutoring,de,85092,Kösching,48.814148,11.497606,15.0,FALSE,54,12,5,2024-06-27 15:30:00.000000
28425,2022-11-06T09:14:02.000Z,Tutoring,nl,5121AC,Rijen,51.590972900390625,4.9027485847473145,20.0,TRUE,91,36,3,2023-10-12 14:00:00.000000
28417,2022-11-05T22:12:34.000Z,Chatting,de,60487,Frankfurt am Main,50.130547,8.64526,8.0,TRUE,0,4,0,1900-01-01 00:00:00.000005
28399,2022-11-05T11:50:26.000Z,Tutoring,de,35435,Wettenberg,50.613472,8.654978,7.5,TRUE,12,8,2,2023-12-05 16:00:00.000000
28390,2022-11-05T09:05:15.000Z,Chatting,de,55116,Mainz,50.004955,8.264779,3.5,TRUE,0,4,0,1900-01-01 00:00:00.000005
28377,2022-11-04T20:16:36.000Z,Tutoring,nl,1241LM,Kortenhoef,52.23905,5.107697,7.0,TRUE,1,3,0,2022-12-18 12:00:00.000000
28369,2022-11-04T17:54:33.000Z,Tutoring,de,35390,Gießen,50.58667,8.673674,5.0,FALSE,2,7,0,2023-02-05 14:00:00.000000
28346,2022-11-04T13:24:22.000Z,Tutoring,nl,3524TB,Utrecht,52.06287,5.135285,15.0,FALSE,131,15,9,2024-07-01 12:30:00.000000
28330,2022-11-04T10:31:55.000Z,Tutoring,de,71065,Sindelfingen,48.70089340209961,9.024070739746094,10.0,FALSE,41,19,2,2025-03-12 15:30:00.000000
28239,2022-11-03T05:37:42.000Z,Tutoring,nl,6911BN,Pannerden,51.89203643798828,6.037570476531982,10.0,FALSE,300,45,7,2026-03-30 14:00:00.000000
28223,2022-11-02T17:55:23.000Z,Chatting,de,97080,Würzburg,49.82006,9.91945,5.0,TRUE,0,2,0,1900-01-01 00:00:00.000005
28176,2022-11-02T09:10:36.000Z,Tutoring,nl,8401SB,Gorredijk,53.006038665771484,6.072159290313721,20.0,FALSE,237,38,6,2026-02-25 16:00:00.000000
28173,2022-11-02T08:26:27.000Z,Chatting,de,40227,Düsseldorf,51.20883,6.807096,9.0,TRUE,0,2,0,1900-01-01 00:00:00.000005
28095,2022-11-01T04:42:07.000Z,Tutoring,de,07646,Stadtroda,50.86008071899414,11.734439849853516,15.0,TRUE,30,15,2,2024-01-17 16:30:00.000000
28065,2022-10-31T17:32:33.000Z,Tutoring,de,44137,Dortmund,51.515159606933594,7.466170310974121,3.5,FALSE,10,5,2,2024-12-08 11:00:00.000000
28048,2022-10-31T13:23:03.000Z,Active,de,79206,Breisach am Rhein,48.03008,7.579145,20.0,TRUE,0,0,0,1900-01-01 00:00:00.000005
28030,2022-10-31T08:42:48.000Z,Tutoring,de,63533 Mainhausen,Mainhausen,50.01142501831055,8.993104934692383,20.0,TRUE,50,34,1,2023-12-08 13:00:00.000000
28016,2022-10-30T21:36:50.000Z,Active,de,91083,Baiersdorf,49.6527,11.028819,15.0,TRUE,0,0,0,1900-01-01 00:00:00.000005
28001,2022-10-30T16:26:25.000Z,Tutoring,de,34130,Kassel,51.32167053222656,9.44748306274414,10.0,FALSE,37,19,2,2025-06-03 14:00:00.000000
27980,2022-10-30T09:19:17.000Z,Tutoring,nl,5121 AL,Rijen,51.59067153930664,4.9057297706604,4.0,FALSE,278,72,4,2026-03-16 16:00:00.000000
27960,2022-10-29T11:53:15.000Z,Active,de,72072,Tübingen,48.50772,9.04783,10.0,TRUE,0,0,0,1900-01-01 00:00:00.000005
27925,2022-10-28T11:00:55.000Z,Tutoring,de,22589,Hamburg,53.57190704345703,9.833852767944336,3.5,FALSE,1311,238,6,2026-03-31 15:45:00.000000
27917,2022-10-28T09:34:53.000Z,Chatting,de,33615,Bielefeld,52.02831,8.524466,8.0,TRUE,0,2,0,1900-01-01 00:00:00.000005
27858,2022-10-27T04:35:40.000Z,Tutoring,de,40215,Düsseldorf,51.216976,6.785409,3.5,FALSE,12,8,2,2023-02-26 14:00:00.000000
27837,2022-10-26T13:38:39.000Z,Tutoring,de,06114,Halle (Saale),51.49247,11.97863,7.0,FALSE,69,10,7,2024-06-05 13:30:00.000000
27829,2022-10-26T11:56:14.000Z,Tutoring,de,79114,Freiburg im Breisgau,48.01101,7.8103514,8.0,FALSE,22,2,11,2024-04-24 15:30:00.000000
27826,2022-10-26T10:58:52.000Z,Tutoring,de,12307,Berlin,52.384827,13.4044285,20.0,FALSE,201,70,3,2026-03-07 13:00:00.000000
27786,2022-10-25T14:48:15.000Z,Tutoring,de,55130,Mainz,49.963448,8.324698,20.0,FALSE,577,85,7,2026-03-31 13:30:00.000000
27711,2022-10-24T09:51:44.000Z,Tutoring,de,90408,Nürnberg,49.464867,11.073613,3.5,FALSE,30,7,4,2024-05-05 12:00:00.000000
27709,2022-10-24T09:18:48.000Z,Chatting,de,49084,Osnabrück,52.283318,8.072406,5.0,TRUE,0,1,0,1900-01-01 00:00:00.000005
27704,2022-10-24T07:46:59.000Z,Tutoring,de,21079,Hamburg,53.42999,10.000398,15.0,TRUE,5,7,1,2022-12-18 11:15:00.000000
27680,2022-10-23T15:08:20.000Z,Chatting,de,30625,Hannover,52.386955,9.8073225,20.0,TRUE,0,1,0,1900-01-01 00:00:00.000005
27641,2022-10-22T19:35:48.000Z,Tutoring,de,91054,Erlangen,49.607391357421875,11.002547264099121,10.0,FALSE,31,13,2,2023-06-22 12:00:00.000000
27632,2022-10-22T15:25:56.000Z,Tutoring,nl,5671cd,Nuenen,51.47818374633789,5.550958156585693,10.0,FALSE,56,9,6,2024-04-02 16:00:00.000000
27619,2022-10-22T11:18:46.000Z,Tutoring,de,35037,Marburg,50.806866,8.758927,8.100000381469727,FALSE,6,4,2,2023-02-15 10:00:00.000000
27592,2022-10-21T13:50:27.000Z,Tutoring,nl,2614XJ,Delft,52.00984191894531,4.339035987854004,5.0,FALSE,53,11,5,2023-10-15 10:15:00.000000
27554,2022-10-21T05:48:58.000Z,Tutoring,nl,3584DZ,Utrecht,52.08273,5.172052,4.0,TRUE,2,5,0,2023-04-07 17:30:00.000000
27496,2022-10-20T09:46:48.000Z,Tutoring,de,35102,Lohra,50.71063,8.621061,20.0,FALSE,44,19,2,2024-01-20 17:30:00.000000
27473,2022-10-19T19:48:52.000Z,Tutoring,nl,5432KE,Cuijk,51.74227,5.852268,13.0,FALSE,36,15,2,2024-03-31 18:00:00.000000
27445,2022-10-19T12:33:06.000Z,Tutoring,nl,9712BZ,Groningen,53.217915,6.563446,10.0,FALSE,69,22,3,2023-06-12 16:00:00.000000
27436,2022-10-19T11:13:56.000Z,Tutoring,de,35043,Marburg,50.820423,8.827976,10.0,FALSE,124,10,12,2025-10-01 16:30:00.000000
27417,2022-10-19T06:01:48.000Z,Active,de,22335,Hamburg,53.629498,10.025817,6.0,TRUE,0,0,0,1900-01-01 00:00:00.000005
27392,2022-10-18T12:32:51.000Z,Tutoring,de,47877,Willich,51.254555,6.5372696,20.0,FALSE,10,9,1,2024-04-15 18:00:00.000000
27328,2022-10-17T11:44:03.000Z,Tutoring,nl,3951CD,Maarn,52.065914,5.3658705,20.0,FALSE,8,6,1,2023-01-13 12:00:00.000000
27319,2022-10-17T08:58:51.000Z,Tutoring,de,60439,Frankfurt am Main,50.159077,8.650533,5.0,FALSE,57,16,4,2024-07-20 16:00:00.000000
27309,2022-10-17T06:18:10.000Z,Chatting,de,44147,Dortmund,51.521828,7.44871,4.0,TRUE,0,2,0,1900-01-01 00:00:00.000005
27300,2022-10-16T19:47:06.000Z,Tutoring,nl,3317GP,Dordrecht,51.79349,4.667392,7.0,FALSE,23,5,5,2023-06-12 14:00:00.000000
27289,2022-10-16T12:02:44.000Z,Tutoring,de,09111,Chemnitz,50.84303283691406,12.92879867553711,10.0,FALSE,178,25,7,2025-06-16 16:30:00.000000
27196,2022-10-14T08:36:51.000Z,Chatting,de,44319,Dortmund,51.54127,7.621587,20.0,TRUE,0,4,0,1900-01-01 00:00:00.000005
27172,2022-10-13T16:22:01.000Z,Tutoring,nl,3704MT,Zeist,52.083538,5.2085905,5.0,TRUE,9,20,0,2023-09-18 14:00:00.000000
27145,2022-10-13T09:44:14.000Z,Tutoring,de,44319 Dortmund ,Dortmund,51.5305290222168,7.5848541259765625,20.0,FALSE,34,4,9,2023-05-26 13:00:00.000000
27086,2022-10-12T08:54:54.000Z,Tutoring,de,79539,Lörrach,47.620113372802734,7.662008285522461,10.0,TRUE,26,17,2,2024-03-13 14:00:00.000000
27085,2022-10-12T08:49:03.000Z,Tutoring,de,40211,Düsseldorf,51.22503,6.795914,20.0,TRUE,16,13,1,2024-02-06 14:00:00.000000
27017,2022-10-11T05:43:37.000Z,Active,de,32107,Bad Salzuflen,52.079144,8.727168,10.0,TRUE,0,0,0,1900-01-01 00:00:00.000005
27008,2022-10-11T03:22:00.000Z,Introducing,de,38170,Schöppenstedt,52.14685,10.771477,20.0,TRUE,0,3,0,1900-01-01 00:00:00.000005
26968,2022-10-10T09:32:44.000Z,Active,de,36037,Fulda,50.561428,9.683566,12.0,TRUE,0,0,0,1900-01-01 00:00:00.000005
26885,2022-10-07T13:55:24.000Z,Tutoring,nl,1082XG,'s-Gravenhage,52.330928802490234,4.873226642608643,5.0,FALSE,46,11,4,2024-01-14 10:00:00.000000
26823,2022-10-06T08:06:37.000Z,Chatting,de,21465,Reinbek,53.543888,10.243063,15.0,TRUE,0,4,0,1900-01-01 00:00:00.000005
26814,2022-10-06T06:50:46.000Z,Tutoring,de,13189,Berlin,52.562866,13.411809,6.0,TRUE,443,56,8,2025-07-01 15:00:00.000000
26792,2022-10-05T15:36:29.000Z,Tutoring,nl,6535MX,Nijmegen,51.802185,5.8249574,15.0,FALSE,19,7,3,2023-01-18 18:00:00.000000
26790,2022-10-05T13:39:02.000Z,Chatting,de,12209,Berlin,52.424427,13.3293295,10.0,TRUE,0,1,0,1900-01-01 00:00:00.000005
26747,2022-10-05T04:38:08.000Z,Active,nl,3445CB,Woerden,52.09301,4.9018507,5.0,TRUE,0,0,0,1900-01-01 00:00:00.000005
26725,2022-10-04T17:16:40.000Z,Tutoring,nl,8332 MC,Steenwijk,52.80893325805664,6.140930652618408,15.0,FALSE,13,5,3,2024-06-06 13:30:00.000000
26704,2022-10-04T12:05:28.000Z,Tutoring,de,01809,Heidenau,50.96950912475586,13.863492012023926,15.0,FALSE,83,24,3,2024-10-15 16:30:00.000000
26647,2022-10-03T11:29:33.000Z,Tutoring,nl,3584EE,Utrecht,52.082634,5.147893,3.5,FALSE,27,2,14,2023-06-14 15:30:00.000000
26640,2022-10-03T08:31:18.000Z,Chatting,de,22559,Hamburg,53.58152,9.75279,15.0,TRUE,0,4,0,1900-01-01 00:00:00.000005
26632,2022-10-03T07:15:27.000Z,Tutoring,nl,6538DD,Nijmegen,51.81031799316406,5.811324596405029,20.0,FALSE,648,104,6,2026-02-27 15:30:00.000000
26629,2022-10-03T06:32:31.000Z,Chatting,nl,1112AD,Diemen,52.336617,4.966222,7.0,TRUE,0,3,0,1900-01-01 00:00:00.000005
26559,2022-09-30T07:50:15.000Z,Tutoring,de,61118,Bad Vilbel,50.18138,8.746018,3.5,FALSE,253,41,6,2025-09-17 15:15:00.000000
26543,2022-09-29T16:31:56.000Z,Chatting,nl,2562JW,'s-Gravenhage,52.071987,4.277129,5.0,TRUE,0,2,0,1900-01-01 00:00:00.000005
26507,2022-09-28T18:33:18.000Z,Chatting,de,01159,Dresden,51.045666,13.703306,4.0,TRUE,0,3,0,1900-01-01 00:00:00.000005
26506,2022-09-28T18:32:34.000Z,Tutoring,nl,1011VP,Amsterdam,52.370625,4.9089036,5.0,FALSE,37,3,12,2023-06-22 14:00:00.000000
26505,2022-09-28T18:22:02.000Z,Introducing,de,14532,Kleinmachnow,52.40674,13.202346,10.0,TRUE,0,3,0,1900-01-01 00:00:00.000005
26484,2022-09-28T09:41:55.000Z,Tutoring,de,81241,München,48.14998,11.456441,20.0,FALSE,3266,239,14,2026-07-02 17:00:00.000000
26476,2022-09-28T06:50:01.000Z,Tutoring,de,37520,Osterode am Harz,51.71793,10.26661,10.0,FALSE,47,15,3,2024-06-28 13:00:00.000000
26472,2022-09-28T05:23:43.000Z,Chatting,de,90491,Nürnberg,49.46929,11.10407,20.0,TRUE,0,1,0,1900-01-01 00:00:00.000005
26462,2022-09-27T15:15:35.000Z,Tutoring,nl,6707AD,Wageningen,51.97004318237305,5.6680498123168945,7.0,TRUE,32,23,1,2024-05-28 16:00:00.000000
26460,2022-09-27T15:04:08.000Z,Tutoring,nl,1111TE,Diemen,52.350323,4.9713283,7.0,FALSE,58,15,4,2025-02-04 15:00:00.000000
26442,2022-09-27T08:13:38.000Z,Tutoring,de,22307,Hamburg,53.59537124633789,10.042637825012207,12.0,TRUE,70,29,2,2026-02-26 16:15:00.000000
26410,2022-09-26T07:41:20.000Z,Tutoring,de,10551,Berlin,52.529488,13.340773,5.0,TRUE,33,16,2,2024-05-05 08:15:00.000000
26396,2022-09-25T15:43:05.000Z,Tutoring,nl,1312GC,Almere,52.374397,5.185525,3.5,TRUE,133,84,2,2024-05-26 11:30:00.000000
26363,2022-09-23T18:42:22.000Z,Tutoring,de,71083,Herrenberg,48.57548,8.87987,3.5,FALSE,309,58,5,2026-03-22 09:15:00.000000
26356,2022-09-23T11:56:24.000Z,Tutoring,nl,1062hm,Amsterdam,52.34729,4.8384686,3.5,FALSE,45,10,5,2023-06-26 09:30:00.000000
26316,2022-09-22T07:28:33.000Z,Tutoring,de,80807,München,48.178387,11.57494,10.0,FALSE,22,6,4,2023-06-20 15:00:00.000000
26282,2022-09-21T13:06:02.000Z,Tutoring,nl,9742NE,Groningen,53.22954177856445,6.546043395996094,3.5,FALSE,488,113,4,2026-02-27 10:00:00.000000
26273,2022-09-21T11:40:05.000Z,Tutoring,nl,9679EA,Scheemda,53.175785,6.9707947,20.0,FALSE,31,9,3,2023-06-15 16:00:00.000000
26232,2022-09-20T12:47:16.000Z,Tutoring,de,91080,Uttenreuth,49.59799,11.061635,20.0,FALSE,122,24,5,2025-03-22 12:00:00.000000
26197,2022-09-19T18:04:17.000Z,Tutoring,nl,7521WP,Enschede,52.234397888183594,6.849854946136475,6.0,FALSE,95,28,3,2025-11-12 18:30:00.000000
26179,2022-09-19T12:14:33.000Z,Tutoring,nl,5652XA,Eindhoven,51.443226,5.430877,15.0,FALSE,64,14,5,2025-05-13 16:00:00.000000
26172,2022-09-19T09:08:06.000Z,Tutoring,de,85716,Unterschleißheim,48.27911,11.586961,10.0,FALSE,216,57,4,2026-02-28 10:15:00.000000
26156,2022-09-18T18:27:27.000Z,Introducing,nl,6535ZR,Nijmegen,51.81038,5.8304634,15.0,TRUE,0,2,0,1900-01-01 00:00:00.000005
26153,2022-09-18T16:02:53.000Z,Tutoring,nl,6645KE,Winssen,51.87393,5.723487,20.0,FALSE,264,66,4,2025-01-12 11:00:00.000000
26139,2022-09-18T09:40:23.000Z,Tutoring,nl,1335TV,Almere,52.40655517578125,5.302494049072266,20.0,FALSE,83,16,5,2025-12-09 15:15:00.000000
26107,2022-09-17T04:12:59.000Z,Tutoring,nl,6843CT,Arnhem,51.96378707885742,5.856797218322754,10.0,FALSE,218,28,8,2026-03-04 13:00:00.000000
26021,2022-09-14T11:01:05.000Z,Tutoring,nl,1423PM,Uithoorn,52.235893,4.810082,20.0,FALSE,2,2,1,2022-12-27 15:30:00.000000
25976,2022-09-13T11:06:43.000Z,Tutoring,de,64347,Griesheim,49.86821746826172,8.567377090454102,3.5,TRUE,20,10,2,2024-10-09 09:00:00.000000
25925,2022-09-12T12:21:45.000Z,Chatting,nl,3522AV,Utrecht,52.07595,5.1195993,6.0,TRUE,0,4,0,1900-01-01 00:00:00.000005
25920,2022-09-12T10:56:23.000Z,Tutoring,nl,4207TN,Gorinchem,51.8372,5.0001097,20.0,FALSE,1,2,1,2022-11-17 15:00:00.000000
25857,2022-09-10T11:34:06.000Z,Tutoring,nl,1448 DX,Purmerend,52.49102020263672,4.948271751403809,3.5,TRUE,17,26,1,2024-02-05 17:00:00.000000
25843,2022-09-09T19:49:53.000Z,Tutoring,de,65329,Hohenstein,50.226437,8.123717,20.0,FALSE,24,4,6,2024-06-27 15:00:00.000000
25836,2022-09-09T14:24:42.000Z,Tutoring,nl,2287vs,Rijswijk,52.030296325683594,4.321674346923828,5.0,TRUE,66,21,3,2025-11-09 17:00:00.000000
25820,2022-09-09T05:08:20.000Z,Tutoring,nl,6709PG,Wageningen,51.96894454956055,5.650639057159424,7.0,FALSE,128,9,14,2025-02-12 18:00:00.000000
25769,2022-09-08T06:22:02.000Z,Tutoring,nl,6343EC,Klimmen,50.869904,5.8859653,20.0,TRUE,64,63,1,2024-03-01 18:30:00.000000
25647,2022-09-05T09:13:21.000Z,Tutoring,nl,2901PC,Capelle aan den IJssel,51.91752243041992,4.572528839111328,3.5,FALSE,249,70,4,2026-03-17 18:30:00.000000
25646,2022-09-05T08:33:58.000Z,Tutoring,nl,2611BT,Delft,52.00654,4.3588414,15.0,FALSE,17,4,4,2023-03-13 18:30:00.000000
25642,2022-09-05T08:02:51.000Z,Tutoring,nl,3078BT,Rotterdam,51.88703918457031,4.555641174316406,15.0,TRUE,95,40,2,2024-09-25 14:30:00.000000
25568,2022-09-02T10:19:42.000Z,Tutoring,nl,2552CX,'s-Gravenhage,52.052822,4.2430654,5.0,FALSE,137,6,23,2024-07-02 14:00:00.000000
25543,2022-09-01T15:42:44.000Z,Tutoring,nl,5231GT,'s-Hertogenbosch,51.70399475097656,5.313720226287842,10.0,TRUE,108,86,1,2025-11-26 16:30:00.000000
25522,2022-08-31T18:50:45.000Z,Tutoring,nl,1312EA,Almere,52.375,5.1907644,7.0,FALSE,75,21,4,2024-06-20 16:00:00.000000
25521,2022-08-31T17:58:35.000Z,Tutoring,de,65197,Wiesbaden,50.074378967285156,8.227336883544922,3.5,TRUE,30,17,2,2023-07-25 10:00:00.000000
25478,2022-08-30T18:28:18.000Z,Tutoring,nl,3602AA,Maarssen,52.128365,5.0561714,7.0,FALSE,36,8,5,2023-05-12 13:45:00.000000
25371,2022-08-26T17:04:14.000Z,Tutoring,nl,3734HC,Den Dolder,52.13786,5.238858,10.0,FALSE,34,8,4,2023-05-20 08:30:00.000000
25362,2022-08-26T07:44:37.000Z,Tutoring,nl,2803AK,Gouda,52.03139,4.6929655,5.0,FALSE,35,4,9,2024-04-11 13:00:00.000000
25343,2022-08-24T12:18:53.000Z,Tutoring,nl,7545ZD,Enschede,52.216846,6.858142,7.0,FALSE,118,18,7,2025-05-19 18:00:00.000000
25341,2022-08-24T10:59:47.000Z,Tutoring,nl,2316SH,Leiden,52.166996002197266,4.499353885650635,5.0,TRUE,85,28,3,2025-10-16 17:00:00.000000
25320,2022-08-23T10:59:56.000Z,Tutoring,nl,5021RE,Tilburg,51.550415,5.0856977,7.5,FALSE,16,4,4,2023-02-07 15:00:00.000000
25298,2022-08-21T19:44:20.000Z,Tutoring,de,35390,Gießen,50.58992,8.671038,5.0,FALSE,26,3,9,2023-03-21 17:00:00.000000
25275,2022-08-20T11:48:51.000Z,Tutoring,nl,2542VR,'s-Gravenhage,52.037506103515625,4.267549514770508,3.5,TRUE,530,183,3,2026-02-01 18:45:00.000000
25246,2022-08-18T10:56:57.000Z,Chatting,de,04103,Leipzig,51.3374,12.39371,5.0,TRUE,0,2,0,1900-01-01 00:00:00.000005
25244,2022-08-18T08:40:27.000Z,Tutoring,de,10825,Berlin,52.48526,13.345382,5.0,TRUE,4,10,0,2025-12-18 13:00:00.000000
25210,2022-08-16T11:49:29.000Z,Tutoring,nl,8251TW,Dronten,52.513897,5.720648,5.0,FALSE,43,19,2,2025-02-08 08:00:00.000000
25193,2022-08-15T09:01:33.000Z,Introducing,de,10999,Berlin,52.496098,13.413939,5.0,TRUE,0,1,0,1900-01-01 00:00:00.000005
25174,2022-08-13T14:24:43.000Z,Tutoring,nl,3039EE,Rotterdam,51.93069076538086,4.459051609039307,5.0,FALSE,343,52,7,2026-03-02 16:00:00.000000
25160,2022-08-12T11:31:32.000Z,Tutoring,nl,5011SX,Middelburg,51.58091735839844,5.0750532150268555,5.0,FALSE,380,99,4,2025-12-10 18:45:00.000000
25158,2022-08-12T11:19:38.000Z,Tutoring,nl,1319GC,Almere,52.399746,5.1764965,6.0,TRUE,39,30,1,2024-03-22 16:00:00.000000
25157,2022-08-12T08:40:14.000Z,Tutoring,nl,3135RS,Vlaardingen,51.91631317138672,4.36212682723999,10.0,FALSE,164,38,4,2026-03-22 18:30:00.000000
25142,2022-08-10T17:21:32.000Z,Tutoring,de,35390,Gießen,50.579994,8.6747875,4.0,FALSE,13,6,2,2022-10-06 15:00:00.000000
25128,2022-08-09T18:23:39.000Z,Tutoring,nl,3059VL,Rotterdam,51.971897,4.59023,6.0,TRUE,58,32,2,2024-05-26 17:30:00.000000
25112,2022-08-08T12:48:08.000Z,Tutoring,nl,7234SN,Wichmond,52.09012222290039,6.256478309631348,15.0,FALSE,434,126,3,2026-01-13 16:00:00.000000
25106,2022-08-08T08:37:56.000Z,Active,nl,6532VL,Nijmegen,51.831764,5.8379583,12.0,TRUE,0,0,0,1900-01-01 00:00:00.000005
25094,2022-08-07T09:21:53.000Z,Tutoring,nl,4485 PK,Kats,51.57874298095703,3.8666882514953613,10.0,FALSE,63,9,7,2023-05-09 14:00:00.000000
25079,2022-08-05T08:16:21.000Z,Tutoring,nl,7557DA,Enschede,52.26999282836914,6.805970191955566,7.0,TRUE,180,117,2,2025-03-09 20:00:00.000000
25049,2022-08-03T06:00:23.000Z,Tutoring,de,34117,Kassel,51.31047,9.48756,3.5,FALSE,63,8,8,2023-06-22 15:00:00.000000
25038,2022-08-01T16:30:36.000Z,Tutoring,de,52070,Aachen,50.78414,6.08876,3.5,FALSE,159,26,6,2024-06-06 16:15:00.000000
25008,2022-07-31T16:31:55.000Z,Tutoring,de,40489,Düsseldorf,51.292446,6.7376323,10.0,TRUE,1,1,1,2022-08-16 14:00:00.000000
24972,2022-07-28T15:40:17.000Z,Chatting,de,34253,Lohfelden,51.27805,9.541908,10.0,TRUE,0,3,0,1900-01-01 00:00:00.000005
24858,2022-07-17T13:12:34.000Z,Tutoring,nl,8043EH,Zwolle,52.538166,6.0603495,3.5,FALSE,1,2,1,2022-12-13 18:15:00.000000
24846,2022-07-15T13:08:12.000Z,Tutoring,de,01307,Dresden,51.05385208129883,13.76041316986084,20.0,TRUE,2,8,0,2022-10-12 16:00:00.000000
24843,2022-07-15T10:36:55.000Z,Tutoring,nl,9714JT,Groningen,53.23283,6.5809526,7.0,FALSE,20,3,7,2023-03-13 18:00:00.000000
24836,2022-07-14T13:22:21.000Z,Tutoring,de,71034,Böblingen,48.66609,9.005414,3.5,FALSE,13,3,4,2024-05-06 19:00:00.000000
24822,2022-07-13T12:39:20.000Z,Tutoring,de,69126,Heidelberg,49.37302,8.686598,19.0,FALSE,139,5,28,2025-09-04 08:00:00.000000
24747,2022-07-08T15:28:26.000Z,Tutoring,de,01069,Dresden,51.05201,13.75516,10.0,FALSE,71,27,3,2024-05-04 10:00:00.000000
24727,2022-07-07T14:44:37.000Z,Tutoring,de,42103,Wuppertal,51.250736,7.1378236,20.0,FALSE,3,7,0,2023-02-13 17:15:00.000000
24702,2022-07-06T15:36:46.000Z,Tutoring,de,81377,München,48.107197,11.477236,6.0,FALSE,2,5,0,2022-11-21 16:30:00.000000
24694,2022-07-06T09:52:54.000Z,Tutoring,de,47802,Krefeld,51.367195,6.568907,10.0,FALSE,10,5,2,2022-11-03 13:00:00.000000
24692,2022-07-06T08:51:14.000Z,Tutoring,de,34225,Baunatal,51.252327,9.4145975,15.0,FALSE,52,19,3,2025-03-19 17:00:57.746000
24682,2022-07-05T18:00:02.000Z,Tutoring,nl,5692WV,Son en Breugel,51.53058,5.478337,10.0,FALSE,33,3,11,2023-06-27 13:00:00.000000
24644,2022-07-04T07:48:53.000Z,Tutoring,nl,2548NG,'s-Gravenhage,52.03568,4.2920947,3.5,FALSE,49,6,8,2025-03-14 14:00:26.750000
24630,2022-07-03T14:13:21.000Z,Tutoring,de,53179,Bonn,50.652905,7.1928678,5.0,FALSE,42,9,5,2023-11-01 13:15:00.000000
24548,2022-06-30T05:41:01.000Z,Tutoring,nl,9801EB,Zuidhorn,53.24173355102539,6.404180526733398,20.0,FALSE,308,71,4,2026-03-31 14:00:00.000000
24517,2022-06-29T10:09:34.000Z,Tutoring,nl,2614LH,Delft,52.000378,4.3376718,6.0,FALSE,74,14,5,2023-07-03 14:45:00.000000
24502,2022-06-28T16:48:20.000Z,Tutoring,nl,2871RK,Schoonhoven,51.9471321105957,4.864810466766357,10.0,FALSE,47,8,6,2024-05-22 13:00:00.000000
24500,2022-06-28T15:33:28.000Z,Tutoring,de,04318,Leipzig,51.332836,12.413181,5.0,TRUE,37,21,2,2025-12-11 15:00:00.000000
24498,2022-06-28T14:15:09.000Z,Tutoring,nl,7512 AS,Enschede,52.213722229003906,6.894890785217285,3.5,FALSE,391,68,6,2026-02-23 14:15:00.000000
24453,2022-06-27T09:55:42.000Z,Tutoring,de,35037,Marburg,50.80699920654297,8.77433967590332,3.5,TRUE,91,17,5,2026-02-23 16:30:00.000000
24448,2022-06-27T05:03:27.000Z,Chatting,de,37073,Göttingen,51.534634,9.935696,4.0,TRUE,0,3,0,1900-01-01 00:00:00.000005
24442,2022-06-26T18:13:05.000Z,Chatting,nl,6921ZJ,Duiven,51.951767,6.025315,20.0,TRUE,0,2,0,1900-01-01 00:00:00.000005
24416,2022-06-25T12:15:40.000Z,Introducing,de,01809,Dohna,50.957855,13.858441,15.0,TRUE,0,5,0,1900-01-01 00:00:00.000005
24403,2022-06-24T17:22:00.000Z,Tutoring,nl,2351AK,Leiderdorp,52.15059,4.523207,3.5,FALSE,30,6,5,2023-04-29 12:00:00.000000
24396,2022-06-24T13:38:01.000Z,Tutoring,de,64287,Darmstadt,49.87222,8.68139,7.0,TRUE,2,6,0,2022-09-21 15:00:00.000000
24389,2022-06-24T11:19:40.000Z,Tutoring,nl,9722VG,Groningen,53.19198226928711,6.593128204345703,8.0,FALSE,65,23,3,2026-03-12 13:00:00.000000
24386,2022-06-24T08:34:35.000Z,Tutoring,de,35037,Marburg,50.809433,8.771551,7.0,FALSE,40,12,3,2024-04-28 10:00:00.000000
24286,2022-06-21T06:47:15.000Z,Active,nl,8017AM,Zwolle,52.498577,6.0938807,5.0,TRUE,0,0,0,1900-01-01 00:00:00.000005
24264,2022-06-20T12:48:06.000Z,Introducing,de,80939,München,48.193,11.615965,5.0,TRUE,0,3,0,1900-01-01 00:00:00.000005
24261,2022-06-20T12:16:36.000Z,Tutoring,de,72458,Albstadt,48.21585,9.021357,15.0,TRUE,6,8,1,2023-01-24 15:15:00.000000
24260,2022-06-20T10:56:46.000Z,Tutoring,nl,2323LA,Leiden,52.13683,4.479059,5.0,FALSE,169,35,5,2025-06-03 14:15:00.000000
24254,2022-06-19T21:28:30.000Z,Tutoring,de,35315,Homberg (Ohm),50.756348,8.97506,10.0,TRUE,22,10,2,2024-07-04 08:00:00.000000
24241,2022-06-19T14:40:42.000Z,Chatting,nl,3079RJ,Rotterdam,51.884254,4.5447464,5.0,TRUE,0,3,0,1900-01-01 00:00:00.000005
24204,2022-06-17T14:23:19.000Z,Tutoring,nl,3769GM,Soesterberg,52.11552,5.282276,3.5,TRUE,5,11,0,2023-05-02 17:00:00.000000
24196,2022-06-17T08:19:07.000Z,Chatting,nl,3555VD,Utrecht,52.112946,5.0855584,5.0,TRUE,0,2,0,1900-01-01 00:00:00.000005
24180,2022-06-16T18:10:13.000Z,Tutoring,nl,3722BE,Bilthoven,52.122837,5.2033954,10.0,FALSE,48,3,16,2023-11-16 15:15:00.000000
24108,2022-06-14T10:25:10.000Z,Tutoring,nl,6461XR,Kerkrade,50.86003112792969,6.058361530303955,3.5,FALSE,549,92,6,2026-05-12 07:00:00.000000
24085,2022-06-13T17:25:32.000Z,Introducing,de,63691,Ranstadt,50.37074,9.036127,10.0,TRUE,0,3,0,1900-01-01 00:00:00.000005
24054,2022-06-13T10:05:46.000Z,Tutoring,de,27243,Dünsen,52.929623,8.643701,20.0,FALSE,28,13,2,2026-01-25 13:00:00.000000
23927,2022-06-09T13:43:40.000Z,Tutoring,nl,3069EL,Rotterdam,51.965298,4.5520983,10.0,FALSE,3,4,1,2023-05-23 14:00:00.000000
23894,2022-06-08T18:24:11.000Z,Tutoring,nl,2312BE,Leiden,52.162593841552734,4.48404598236084,6.0,TRUE,60,28,2,2025-05-20 15:45:00.000000
23874,2022-06-08T12:44:06.000Z,Tutoring,de,37083,Göttingen,51.509842,9.949849,3.5,TRUE,2,5,0,2022-06-26 15:00:00.000000
23827,2022-06-07T08:41:29.000Z,Tutoring,de,64347,Griesheim,49.86346,8.58986,10.0,TRUE,12,15,1,2024-04-21 10:00:00.000000
23801,2022-06-06T14:31:17.000Z,Tutoring,nl,5036TC,Tilburg,51.57434,4.974554,4.0,FALSE,43,13,3,2024-05-19 10:00:00.000000
23738,2022-06-03T09:33:58.000Z,Tutoring,nl,2023EH,Zoetermeer,52.394954681396484,4.635334014892578,3.5,FALSE,684,142,5,2026-02-27 14:00:00.000000
23720,2022-06-02T14:50:00.000Z,Tutoring,de,64291,Darmstadt,49.9042,8.65839,10.0,FALSE,18,8,2,2022-12-22 17:30:00.000000
23566,2022-05-30T14:27:06.000Z,Active,nl,6717KJ,Ede,52.02571487426758,5.665703773498535,6.0,TRUE,0,0,0,1900-01-01 00:00:00.000005
23512,2022-05-29T07:51:49.000Z,Tutoring,nl,3572AL,Utrecht,52.09520721435547,5.1314287185668945,10.0,FALSE,31,8,4,2023-03-22 20:00:00.000000
23505,2022-05-28T14:42:03.000Z,Active,nl,6533GK,Nijmegen,51.815346,5.839246,6.0,TRUE,0,0,0,1900-01-01 00:00:00.000005
23488,2022-05-27T19:27:22.000Z,Tutoring,nl,2498AM,'s-Gravenhage,52.032963,4.3806205,3.5,FALSE,41,15,3,2023-06-13 13:00:00.000000
23476,2022-05-27T11:55:18.000Z,Chatting,nl,2497DJ,'s-Gravenhage,52.038578,4.3649797,5.0,TRUE,0,4,0,1900-01-01 00:00:00.000005
23469,2022-05-27T08:27:13.000Z,Tutoring,de,44369,Dortmund,51.526905,7.3998547,5.0,FALSE,1,3,0,2022-06-23 17:00:00.000000
23405,2022-05-24T13:31:06.000Z,Tutoring,nl,6224JB,Maastricht,50.8487,5.7169166,5.0,FALSE,77,20,4,2024-05-30 14:00:00.000000
23401,2022-05-24T12:07:15.000Z,Tutoring,nl,1562TJ,Krommenie,52.508064,4.754112,3.5,FALSE,175,46,4,2025-05-18 11:00:00.000000
23343,2022-05-23T06:29:24.000Z,Tutoring,nl,1057XW,Amsterdam,52.36555480957031,4.859597206115723,10.0,FALSE,7,7,1,2022-06-29 17:00:00.000000
23329,2022-05-22T13:45:26.000Z,Tutoring,de,22301,Hamburg,53.583935,9.997309,3.5,FALSE,2,4,1,2022-07-22 15:15:00.000000
23306,2022-05-21T16:05:25.000Z,Tutoring,nl,1063GM,Amsterdam,52.382286,4.8241477,4.0,TRUE,81,56,1,2024-01-21 12:00:00.000000
23229,2022-05-18T19:04:48.000Z,Tutoring,de,64546,Mörfelden-Walldorf,50.009765625,8.572507858276367,3.5,FALSE,328,37,9,2025-09-15 15:00:00.000000
23183,2022-05-17T21:46:26.000Z,Tutoring,de,89231,Neu-Ulm,48.39645,10.002332,3.5,FALSE,35,6,6,2024-03-06 19:00:00.000000
23162,2022-05-17T11:52:57.000Z,Tutoring,de,10409,Berlin,52.5395393371582,13.444910049438477,3.5,TRUE,31,19,2,2024-01-10 15:30:00.000000
23161,2022-05-17T11:48:54.000Z,Tutoring,nl,1354GC,Almere,52.33983,5.216951,3.5,FALSE,109,30,4,2023-12-21 13:30:00.000000
23156,2022-05-17T09:41:18.000Z,Tutoring,nl,2624BH,Delft,51.996498107910156,4.356439113616943,3.5,FALSE,121,47,3,2025-11-03 16:00:00.000000
23072,2022-05-15T14:45:40.000Z,Tutoring,nl,3512EX,Utrecht,52.0926,5.126058,3.5,TRUE,1,2,1,2022-06-14 19:00:00.000000
23040,2022-05-14T08:22:58.000Z,Tutoring,nl,1628AT,Hoorn,52.65364456176758,5.080893039703369,10.0,FALSE,41,11,4,2024-03-19 18:00:00.000000
23003,2022-05-13T08:03:08.000Z,Tutoring,nl,1213PX,Hilversum,52.190323,5.164548,10.0,FALSE,1,4,0,2022-10-29 11:00:00.000000
22911,2022-05-11T13:39:04.000Z,Tutoring,nl,8012TL,Zwolle,52.506992,6.0978665,4.0,FALSE,47,13,4,2023-06-24 09:00:00.000000
22838,2022-05-10T10:59:57.000Z,Tutoring,nl,1628ZL,Hoorn,52.656185150146484,5.109738826751709,15.0,FALSE,54,7,8,2024-11-26 17:45:00.000000
22766,2022-05-08T18:06:49.000Z,Tutoring,nl,7491BT,Delden,52.26115,6.7266746,15.0,TRUE,22,10,2,2023-06-30 12:00:00.000000
22742,2022-05-07T18:31:38.000Z,Tutoring,nl,2492MZ,'s-Gravenhage,52.060665130615234,4.410733222961426,20.0,TRUE,37,19,2,2025-12-02 14:30:00.000000
22716,2022-05-06T17:06:40.000Z,Introducing,de,10317,Berlin,52.50477,13.497556,17.0,TRUE,0,1,0,1900-01-01 00:00:00.000005
22686,2022-05-05T17:05:47.000Z,Tutoring,nl,6524TW,Nijmegen,51.82950210571289,5.8658294677734375,5.0,FALSE,323,53,6,2026-03-02 19:00:00.000000
22562,2022-05-03T06:22:45.000Z,Introducing,nl,9738AC,Groningen,53.242702,6.5687346,20.0,TRUE,0,2,0,1900-01-01 00:00:00.000005
22556,2022-05-03T04:39:06.000Z,Tutoring,nl,8024ZA,Zwolle,52.524,6.130924,15.0,TRUE,3,7,0,2022-09-10 08:30:00.000000
22524,2022-05-02T10:13:20.000Z,Tutoring,de,89231,Neu-Ulm,48.377506,10.009335,15.0,FALSE,90,30,3,2025-12-15 16:30:00.000000
22493,2022-05-01T12:59:41.000Z,Chatting,nl,6226AN,Maastricht,50.851604,5.7208986,5.0,TRUE,0,2,0,1900-01-01 00:00:00.000005
22466,2022-04-30T19:09:33.000Z,Tutoring,nl,1334HG,Almere,52.39375686645508,5.281192302703857,4.0,FALSE,141,35,4,2025-10-05 17:00:00.000000
22457,2022-04-30T12:21:35.000Z,Tutoring,nl,2132GL,Hoofddorp,52.29777,4.6873045,20.0,FALSE,169,28,6,2023-07-05 15:00:00.000000
22443,2022-04-29T16:16:20.000Z,Tutoring,de,53227,Bonn,50.724533,7.150813,5.0,TRUE,13,6,2,2023-03-29 14:30:00.000000
22360,2022-04-27T15:42:51.000Z,Tutoring,nl,3523XH,Utrecht,52.067257,5.1195326,7.0,FALSE,3,3,1,2022-05-21 09:30:00.000000
22321,2022-04-26T16:17:40.000Z,Tutoring,de,01219,Dresden,51.028164,13.760451,5.0,FALSE,434,45,10,2024-06-27 13:00:00.000000
22293,2022-04-26T08:48:11.000Z,Chatting,de,30938,Burgwedel,52.492695,9.858644,5.0,TRUE,0,0,0,1900-01-01 00:00:00.000005
22292,2022-04-26T08:42:23.000Z,Tutoring,nl,6533PG,Nijmegen,51.814579010009766,5.845584392547607,6.0,TRUE,44,19,2,2025-01-09 18:00:00.000000
22271,2022-04-25T16:40:31.000Z,Tutoring,de,76227,Karlsruhe,49.00118,8.484382,3.5,TRUE,5,3,2,2022-07-04 13:30:00.000000
22204,2022-04-23T09:44:28.000Z,Tutoring,nl,5915PR,Venlo,51.359497,6.201948,20.0,FALSE,48,10,5,2024-05-19 10:00:00.000000
22196,2022-04-23T04:32:41.000Z,Chatting,de,15745,Wildau,52.322628,13.636756,20.0,TRUE,0,0,0,1900-01-01 00:00:00.000005
22184,2022-04-22T11:52:38.000Z,Tutoring,de,48161,Münster,51.975216,7.5751224,5.0,TRUE,66,30,2,2023-06-10 09:15:00.000000
22095,2022-04-20T06:55:56.000Z,Tutoring,nl,6041EK,Roermond,51.19572448730469,5.984735488891602,20.0,FALSE,1082,71,15,2025-12-23 13:00:00.000000
22060,2022-04-19T10:12:31.000Z,Tutoring,de,41239,Mönchengladbach,51.17342758178711,6.436440944671631,3.5,TRUE,14,12,1,2022-07-21 15:00:00.000000
22056,2022-04-19T08:54:40.000Z,Tutoring,de,15366,Neuenhagen bei Berlin,52.526947,13.667442,20.0,FALSE,630,57,11,2026-03-20 16:00:00.000000
22007,2022-04-18T07:05:09.000Z,Tutoring,de,04177,Leipzig,51.335835,12.323708,10.0,TRUE,3,8,0,2022-08-28 12:15:00.000000
21977,2022-04-16T09:58:16.000Z,Tutoring,de,64287,Darmstadt,49.86758,8.67732,3.5,TRUE,1,5,0,2022-06-13 16:30:00.000000
21957,2022-04-15T09:50:31.000Z,Tutoring,de,76189,Karlsruhe,48.99368,8.334098,9.0,FALSE,6,2,3,2022-06-21 12:00:00.000000
21931,2022-04-14T12:21:05.000Z,Tutoring,nl,2271SC,Voorburg,52.07378,4.3724923,4.0,TRUE,32,32,1,2024-06-03 14:00:00.000000
21887,2022-04-13T08:29:15.000Z,Tutoring,nl,2271EV,Voorburg,52.072742,4.374878,4.0,TRUE,26,13,2,2024-02-01 15:45:00.000000
21803,2022-04-11T08:21:54.000Z,Tutoring,nl,3069XE,Rotterdam,51.966797,4.571627,20.0,TRUE,122,100,1,2024-03-04 18:00:00.000000
21774,2022-04-10T12:22:09.000Z,Tutoring,de,28355,Bremen,53.08879852294922,8.906242370605469,8.0,TRUE,11,7,2,2023-03-22 12:45:00.000000
21757,2022-04-09T11:40:08.000Z,Tutoring,de,26683,Saterland,53.04492950439453,7.743774890899658,12.0,FALSE,23,7,3,2024-07-10 15:00:00.000000
21755,2022-04-09T10:38:38.000Z,Tutoring,nl,1013CZ,Amsterdam,52.39618,4.8832774,13.0,FALSE,267,35,8,2024-10-21 13:15:00.000000
21729,2022-04-08T15:18:49.000Z,Chatting,de,48147,Münster,51.981632,7.635168,5.0,TRUE,0,3,0,1900-01-01 00:00:00.000005
21722,2022-04-08T13:18:06.000Z,Tutoring,nl,5424TG,Elsendorp,51.580055236816406,5.768520832061768,8.0,FALSE,150,18,8,2026-02-27 16:00:00.000000
21656,2022-04-07T07:12:12.000Z,Tutoring,de,70771,Leinfelden-Echterdingen,48.684868,9.157794,15.0,FALSE,49,19,3,2023-01-06 12:30:00.000000
21515,2022-04-04T13:19:02.000Z,Chatting,de,37075,Göttingen,51.553986,9.940069,7.0,TRUE,0,2,0,1900-01-01 00:00:00.000005
21456,2022-04-03T07:43:31.000Z,Tutoring,de,72189,Vöhringen,48.33427047729492,8.65872573852539,3.5,FALSE,138,13,11,2026-03-25 16:30:00.000000
21416,2022-04-02T04:04:13.000Z,Tutoring,de,44227,Dortmund,51.49123764038086,7.418001651763916,3.5,FALSE,6,7,1,2022-10-11 17:00:00.000000
21403,2022-04-01T13:32:58.000Z,Chatting,nl,3584DX,Utrecht,52.084408,5.1748548,20.0,TRUE,0,2,0,1900-01-01 00:00:00.000005
21283,2022-03-29T18:49:58.000Z,Tutoring,nl,2625WT,Delft,51.99872970581055,4.345199108123779,6.0,TRUE,5,12,0,2024-04-18 16:00:00.000000
21236,2022-03-28T17:24:13.000Z,Tutoring,nl,2613HV,Delft,52.00223159790039,4.351154804229736,7.0,TRUE,17,15,1,2024-03-05 15:00:00.000000
21183,2022-03-28T06:27:58.000Z,Tutoring,de,48149,Münster,51.97275,7.595467,3.5,FALSE,18,6,3,2022-06-13 16:30:00.000000
21059,2022-03-24T14:05:59.000Z,Tutoring,de,22299,Hamburg,53.590668,10.002133,3.5,FALSE,69,12,6,2023-03-10 16:30:00.000000
21036,2022-03-24T08:39:49.000Z,Tutoring,nl,1054BL,Amsterdam,52.364723,4.875008,6.0,FALSE,147,19,8,2024-07-03 13:45:00.000000
21029,2022-03-24T05:39:52.000Z,Tutoring,de,40225,Düsseldorf,51.185127,6.8012357,20.0,FALSE,18,5,4,2022-08-05 15:00:00.000000
21008,2022-03-23T18:00:51.000Z,Tutoring,nl,2651AT,Berkel en Rodenrijs,51.97262,4.450376,12.0,TRUE,31,19,2,2024-06-26 17:30:00.000000
20954,2022-03-23T07:59:50.000Z,Tutoring,nl,4701BK,Roosendaal,51.530678,4.4528117,5.0,FALSE,1,4,0,2022-04-18 09:00:00.000000
20877,2022-03-22T06:36:06.000Z,Tutoring,de,48165,Münster,51.89838,7.631792,12.0,TRUE,3,5,1,2022-05-20 12:00:00.000000
20853,2022-03-21T16:28:01.000Z,Tutoring,nl,1032AZ,Amsterdam,52.397717,4.9166775,4.0,FALSE,19,6,3,2023-07-04 13:15:00.000000
20795,2022-03-20T18:13:37.000Z,Tutoring,nl,5066XE,Moergestel,51.553185,5.173911,12.0,FALSE,40,11,4,2022-11-26 11:00:00.000000
20788,2022-03-20T17:13:47.000Z,Tutoring,de,37077,Göttingen,51.55786,9.937229,8.0,FALSE,32,8,4,2023-04-16 13:00:00.000000
20705,2022-03-18T14:26:25.000Z,Tutoring,de,07743,Jena,50.927353,11.579198,5.0,FALSE,2,5,0,2022-07-11 15:30:00.000000
20630,2022-03-17T12:56:12.000Z,Tutoring,nl,3065SK,Rotterdam,51.924484,4.5613594,3.5,TRUE,19,9,2,2023-04-16 11:00:00.000000
20596,2022-03-16T20:30:45.000Z,Tutoring,nl,6534TH,Nijmegen,51.80929946899414,5.816837310791016,3.5,FALSE,136,12,11,2025-06-14 17:00:00.000000
20592,2022-03-16T19:20:49.000Z,Tutoring,nl,1703TH,Heerhugowaard,52.658276,4.8370957,20.0,FALSE,279,30,9,2025-06-14 14:00:00.000000
20571,2022-03-16T12:33:46.000Z,Active,de,14197,Berlin,52.474693298339844,13.307720184326172,16.0,TRUE,0,0,0,1900-01-01 00:00:00.000005
20522,2022-03-15T14:40:58.000Z,Active,nl,2312RA,Leiden,52.16288,4.4869833,10.0,TRUE,0,0,0,1900-01-01 00:00:00.000005
20469,2022-03-14T15:36:17.000Z,Tutoring,nl,6852 KA,Huissen,51.9470100402832,5.921191692352295,10.0,TRUE,14,15,1,2024-01-24 14:00:00.000000
20442,2022-03-14T10:54:43.000Z,Tutoring,nl,3527LG,Utrecht,52.078037,5.10738,3.5,FALSE,60,9,7,2023-11-21 18:30:00.000000
20424,2022-03-14T08:09:43.000Z,Tutoring,de,90478,Nürnberg,49.443207,11.089919,5.0,FALSE,24,9,3,2022-06-28 16:00:00.000000
20386,2022-03-13T11:22:11.000Z,Tutoring,de,01069,Dresden,51.04254,13.731751,3.5,FALSE,48,4,12,2024-06-15 08:00:00.000000
20234,2022-03-09T20:05:42.000Z,Tutoring,nl,3403ZT,IJsselstein,52.026493072509766,5.0251545906066895,3.5,FALSE,416,38,11,2026-04-30 14:00:00.000000
20170,2022-03-08T17:40:31.000Z,Tutoring,de,15370,Petershagen/Eggersdorf,52.530502,13.773229,10.0,TRUE,1,8,0,2024-01-15 13:00:00.000000
20157,2022-03-08T15:04:01.000Z,Tutoring,nl,3584DZ,Utrecht,52.08273,5.172052,10.0,FALSE,52,9,6,2023-04-27 07:00:00.000000
20150,2022-03-08T13:58:32.000Z,Tutoring,nl,2624JB,Delft,51.994934,4.353661,10.0,FALSE,27,9,3,2022-06-21 17:00:00.000000
20138,2022-03-08T07:56:09.000Z,Tutoring,nl,7441PD,Nijverdal,52.3484,6.469234,5.0,FALSE,368,97,4,2024-06-22 15:00:00.000000
20000,2022-03-05T13:34:17.000Z,Tutoring,de,56745,Bell,50.385464,7.2281923,8.0,FALSE,1227,163,8,2026-03-13 16:00:00.000000
19853,2022-03-01T16:29:11.000Z,Chatting,nl,2803js,Gouda,52.029438,4.6918125,15.0,TRUE,0,2,0,1900-01-01 00:00:00.000005
19843,2022-03-01T15:18:52.000Z,Active,de,47239,Duisburg,51.405113,6.656944,15.0,TRUE,0,0,0,1900-01-01 00:00:00.000005
19829,2022-03-01T11:08:43.000Z,Tutoring,nl,8094PG,Hattemerbroek,52.470997,6.028106,15.0,TRUE,4,7,1,2022-03-10 18:00:00.000000
19787,2022-02-28T10:31:11.000Z,Chatting,nl,3951dc,Maarn,52.060905,5.3665433,12.5,TRUE,0,1,0,1900-01-01 00:00:00.000005
19692,2022-02-25T08:05:27.000Z,Tutoring,de,49356,Diepholz,52.60847473144531,8.37956714630127,5.0,FALSE,1274,160,8,2026-07-22 06:15:00.000000
19654,2022-02-24T11:16:19.000Z,Chatting,nl,2593RC,'s-Gravenhage,52.089188,4.342724,10.0,TRUE,0,3,0,1900-01-01 00:00:00.000005
19651,2022-02-24T10:29:34.000Z,Tutoring,de,60528,Frankfurt am Main,50.07949,8.648231,10.0,TRUE,5,9,1,2022-03-31 16:00:00.000000
19618,2022-02-23T14:14:53.000Z,Tutoring,nl,1628XA,Hoorn,52.65037,5.1024117,10.0,FALSE,55,15,4,2023-02-22 14:00:00.000000
19613,2022-02-23T12:02:45.000Z,Chatting,de,78126,Königsfeld im Schwarzwald,48.133896,8.465213,20.0,TRUE,0,3,0,1900-01-01 00:00:00.000005
19529,2022-02-22T07:15:01.000Z,Tutoring,de,86807,Buchloe,48.029907,10.721134,4.0,FALSE,534,57,9,2026-02-27 15:00:00.000000
19520,2022-02-21T21:58:59.000Z,Tutoring,nl,1448VB,Purmerend,52.499783,4.9336834,20.0,FALSE,30,7,4,2022-11-15 14:30:00.000000
19509,2022-02-21T18:23:01.000Z,Chatting,de,44328,Dortmund,51.550827,7.549309,12.0,TRUE,0,3,0,1900-01-01 00:00:00.000005
19471,2022-02-21T12:13:11.000Z,Tutoring,de,36341,Lauterbach (Hessen),50.632217,9.39951,20.0,TRUE,2,3,1,2022-06-16 13:00:00.000000
19364,2022-02-19T10:31:03.000Z,Active,de,45659,Recklinghausen,51.59178,7.21172,20.0,TRUE,0,0,0,1900-01-01 00:00:00.000005
19280,2022-02-17T21:12:59.000Z,Tutoring,nl,7522MH,Enschede,52.242233,6.8453026,7.0,FALSE,44,10,4,2024-05-13 10:00:00.000000
19236,2022-02-17T09:23:07.000Z,Introducing,de,69117,Heidelberg,49.411423,8.708188,3.5,TRUE,0,4,0,1900-01-01 00:00:00.000005
19170,2022-02-16T13:00:42.000Z,Tutoring,nl,2377AS,Oude Wetering,52.213318,4.6460457,20.0,FALSE,246,64,4,2024-06-19 14:00:00.000000
19161,2022-02-16T11:34:29.000Z,Tutoring,nl,2408MP,Alphen aan den Rijn,52.12193298339844,4.645840644836426,7.5,FALSE,1124,109,10,2026-03-31 14:45:00.000000
19146,2022-02-16T09:02:25.000Z,Tutoring,de,37077,Göttingen,51.563228607177734,9.979180335998535,6.0,FALSE,23,1,23,2023-04-05 17:30:00.000000
19126,2022-02-15T20:19:51.000Z,Tutoring,de,99974,Mühlhausen/Thüringen,51.206158,10.406194,5.0,TRUE,9,6,2,2022-11-02 18:00:00.000000
19123,2022-02-15T19:54:23.000Z,Tutoring,de,23554,Lübeck,53.89062,10.66765,5.0,FALSE,57,11,5,2024-01-22 16:00:00.000000
19100,2022-02-15T16:12:03.000Z,Tutoring,nl,1318CX,Almere,52.380253,5.2476096,20.0,TRUE,127,83,2,2024-11-28 09:00:00.000000
19094,2022-02-15T15:06:01.000Z,Tutoring,de,31157,Sarstedt,52.242428,9.8784075,20.0,TRUE,77,23,3,2023-07-06 14:00:00.000000
19072,2022-02-15T12:07:34.000Z,Tutoring,nl,2312BN,Leiden,52.16192626953125,4.482997894287109,4.0,TRUE,162,55,3,2025-03-13 15:00:34.743000
19063,2022-02-15T09:36:04.000Z,Tutoring,de,22299,Hamburg,53.59691,9.99391,5.0,FALSE,4,6,1,2023-02-28 11:00:00.000000
19055,2022-02-15T08:17:08.000Z,Introducing,nl,3732VD,De Bilt,52.10892,5.1814985,8.0,TRUE,0,3,0,1900-01-01 00:00:00.000005
18944,2022-02-13T10:52:23.000Z,Tutoring,de,85737,Ismaning,48.22124,11.66269,3.5,FALSE,159,42,4,2026-04-13 15:30:00.000000
18882,2022-02-11T22:52:45.000Z,Tutoring,de,76275,Ettlingen,48.938828,8.394524,20.0,FALSE,44,10,4,2024-04-12 14:00:00.000000
18876,2022-02-11T19:07:05.000Z,Tutoring,de,18609,Binz,54.40737,13.60207,3.5,FALSE,11,1,11,2023-03-28 16:00:00.000000
18868,2022-02-11T18:06:05.000Z,Chatting,de,97072,Würzburg,49.78456497192383,9.936896324157715,3.5,TRUE,0,2,0,1900-01-01 00:00:00.000005
18866,2022-02-11T17:34:29.000Z,Tutoring,de,48161,Münster,51.972332,7.56089,20.0,FALSE,67,18,4,2025-11-08 12:00:00.000000
18844,2022-02-11T10:56:52.000Z,Tutoring,de,86510,Ried,48.289635,11.037163,5.0,FALSE,93,17,5,2025-09-26 13:00:00.000000
18809,2022-02-10T15:33:10.000Z,Tutoring,de,76139,Karlsruhe,49.03597,8.43982,7.0,TRUE,6,3,2,2022-05-10 16:15:00.000000
18743,2022-02-09T15:57:22.000Z,Tutoring,nl,2283CX,Rijswijk,52.042747,4.317247,10.0,TRUE,83,93,1,2024-05-11 08:00:00.000000
18737,2022-02-09T15:13:42.000Z,Tutoring,de,93051,Regensburg,49.00652,12.069429,6.0,FALSE,86,18,5,2024-05-02 15:15:00.000000
18680,2022-02-08T16:46:42.000Z,Tutoring,de,76131,Karlsruhe,49.010025,8.408581,5.0,FALSE,21,2,11,2023-01-18 15:30:00.000000
18659,2022-02-08T12:58:24.000Z,Tutoring,nl,1011EL,Amsterdam,52.37412,4.901729,10.0,FALSE,104,41,3,2024-03-07 16:30:00.000000
18634,2022-02-07T21:17:35.000Z,Tutoring,de,23566,Lübeck,53.86450958251953,10.713677406311035,15.0,TRUE,14,9,2,2023-05-17 13:30:00.000000
18631,2022-02-07T20:27:49.000Z,Tutoring,de,65719,Hofheim am Taunus,50.09216,8.446331,5.0,FALSE,225,61,4,2025-12-11 19:30:00.000000
18630,2022-02-07T20:23:03.000Z,Tutoring,de,90455,Nürnberg,49.350086,11.06599,20.0,FALSE,33,5,7,2022-09-10 14:00:00.000000
18628,2022-02-07T19:56:21.000Z,Tutoring,nl,7772PZ,Hardenberg,52.57383728027344,6.638589382171631,20.0,FALSE,607,135,4,2026-05-07 18:00:00.000000
18602,2022-02-07T13:38:11.000Z,Tutoring,nl,2033MC,Haarlem,52.37287902832031,4.648242950439453,6.0,FALSE,940,242,4,2026-03-06 09:00:00.000000
18589,2022-02-07T08:33:23.000Z,Tutoring,de,24114,Kiel,54.31505584716797,10.122053146362305,5.0,TRUE,22,11,2,2022-07-15 09:15:00.000000
18587,2022-02-07T08:18:00.000Z,Tutoring,de,67071,Ludwigshafen am Rhein,49.48816,8.366617,15.0,FALSE,36,9,4,2023-02-08 14:15:00.000000
18552,2022-02-06T15:48:47.000Z,Tutoring,de,37127,Scheden,51.45785,9.732711,6.0,FALSE,192,11,17,2024-06-21 13:00:00.000000
18536,2022-02-06T09:46:52.000Z,Tutoring,de,14513,Teltow,52.39231,13.27236,8.0,FALSE,20,3,7,2022-05-23 14:00:00.000000
18484,2022-02-04T19:07:16.000Z,Tutoring,de,13505,Berlin,52.571457,13.23177,20.0,FALSE,567,172,3,2026-03-28 07:30:00.000000
18477,2022-02-04T18:27:05.000Z,Active,de,57250,Netphen,50.91521,8.053563,13.0,TRUE,0,0,0,1900-01-01 00:00:00.000005
18463,2022-02-04T15:18:44.000Z,Tutoring,de,65812,Bad Soden am Taunus,50.142082,8.500385,3.5,FALSE,581,51,11,2026-03-26 17:45:00.000000
18425,2022-02-03T18:54:09.000Z,Tutoring,nl,3121JE,Schiedam,51.93402,4.3788214,5.0,FALSE,207,30,7,2024-02-25 09:30:00.000000
18388,2022-02-03T11:53:16.000Z,Tutoring,de,72149,Neustetten,48.484837,8.889428,5.0,FALSE,28,8,4,2022-07-18 15:00:00.000000
18289,2022-02-01T20:48:51.000Z,Chatting,de,72108,Rottenburg am Neckar,48.483715,8.942225,20.0,TRUE,0,9,0,1900-01-01 00:00:00.000005
18237,2022-02-01T10:49:09.000Z,Tutoring,nl,5066BS,Moergestel,51.54451,5.1722074,20.0,FALSE,1,3,0,2022-03-17 11:30:00.000000
18232,2022-02-01T09:55:30.000Z,Chatting,de,24113,Kiel,54.301785,10.098942,3.5,TRUE,0,0,0,1900-01-01 00:00:00.000005
18218,2022-01-31T20:36:51.000Z,Tutoring,de,21514,Büchen,53.48102,10.61538,20.0,TRUE,2,5,0,2022-04-21 16:00:00.000000
18178,2022-01-31T13:15:44.000Z,Active,nl,2023CA,Haarlem,52.39126,4.631668,5.0,TRUE,0,0,0,1900-01-01 00:00:00.000005
18175,2022-01-31T12:38:55.000Z,Tutoring,de,38118,Braunschweig,52.26356,10.506463,6.0,FALSE,8,5,2,2022-04-07 16:00:00.000000
18137,2022-01-30T17:30:59.000Z,Tutoring,nl,9402SX,Assen,53.007687,6.5557723,20.0,FALSE,224,32,7,2025-05-06 10:00:00.000000
18027,2022-01-28T16:00:21.000Z,Active,de,86163,Augsburg,48.349724,10.944247,20.0,TRUE,0,0,0,1900-01-01 00:00:00.000005
17957,2022-01-27T11:10:03.000Z,Tutoring,nl,9718AZ,Groningen,53.214786529541016,6.555484771728516,10.0,FALSE,69,25,3,2026-02-11 15:00:00.000000
17956,2022-01-27T11:03:02.000Z,Tutoring,de,04838,Eilenburg,51.465343,12.526027,20.0,FALSE,290,59,5,2024-09-26 14:00:00.000000
17903,2022-01-26T18:07:00.000Z,Tutoring,de,48329,Havixbeck,51.96927,7.4184456,3.5,TRUE,7,8,1,2022-09-28 14:15:00.000000
17896,2022-01-26T17:50:20.000Z,Tutoring,de,81375,München,48.12185,11.479215,3.5,FALSE,30,11,3,2022-06-19 15:00:00.000000
17871,2022-01-26T14:02:51.000Z,Tutoring,de,50670,Köln,50.956600189208984,6.958002090454102,8.0,FALSE,21,8,3,2023-05-11 15:00:00.000000
17863,2022-01-26T11:23:10.000Z,Chatting,de,22083,Hamburg,53.57593,10.026452,5.0,TRUE,0,2,0,1900-01-01 00:00:00.000005
17856,2022-01-26T10:06:07.000Z,Tutoring,de,37077,Göttingen,51.55785,9.937586,20.0,FALSE,114,16,7,2025-11-27 17:00:00.000000
17838,2022-01-25T20:35:51.000Z,Tutoring,de,13086,Berlin,52.55251,13.45106,12.0,FALSE,152,10,15,2024-09-16 14:00:00.000000
17823,2022-01-25T16:54:02.000Z,Active,nl,3151MC,Hoek van Holland,51.992405,4.133651,20.0,TRUE,0,0,0,1900-01-01 00:00:00.000005
17812,2022-01-25T14:32:04.000Z,Tutoring,nl,4671 RB,Dinteloord,51.64047622680664,4.367231369018555,3.5,TRUE,151,87,2,2025-01-26 19:00:00.000000
17799,2022-01-25T11:41:40.000Z,Tutoring,de,78056,Villingen-Schwenningen,48.066364,8.546294,7.0,FALSE,19,2,10,2022-07-17 10:00:00.000000
17655,2022-01-22T09:01:41.000Z,Tutoring,nl,1751LC,Schagerbrug,52.80168,4.757441,8.0,FALSE,22,6,4,2023-04-06 13:45:00.000000
17621,2022-01-21T12:43:34.000Z,Tutoring,nl,1217SM,Hilversum,52.222599029541016,5.160947322845459,10.0,FALSE,96,21,5,2025-10-23 07:00:00.000000
17619,2022-01-21T12:32:08.000Z,Tutoring,de,01189,Dresden,51.018375,13.706157,15.0,FALSE,133,42,3,2026-04-30 14:15:00.000000
17608,2022-01-21T09:36:34.000Z,Tutoring,de,22299,Hamburg,53.590668,10.002133,10.0,FALSE,74,13,6,2022-11-07 20:00:00.000000
17593,2022-01-20T20:57:28.000Z,Active,de,40476,Düsseldorf,51.246723,6.777969,10.0,TRUE,0,0,0,1900-01-01 00:00:00.000005
17589,2022-01-20T18:46:02.000Z,Tutoring,nl,3531cb,Utrecht,52.091587,5.1020856,5.0,FALSE,3,3,1,2022-03-05 15:30:00.000000
17565,2022-01-20T12:46:21.000Z,Tutoring,de,48161,Münster,51.97191,7.57121,6.0,FALSE,3,2,2,2022-05-24 16:00:00.000000
17463,2022-01-18T18:12:10.000Z,Tutoring,nl,3583CX,Utrecht,52.085052,5.14229,10.0,TRUE,13,5,3,2022-06-19 15:30:00.000000
17462,2022-01-18T17:50:16.000Z,Tutoring,de,97074,Würzburg,49.77734375,9.957572937011719,7.0,FALSE,180,69,3,2025-07-29 13:00:00.000000
17446,2022-01-18T13:40:08.000Z,Tutoring,de,10249,Berlin,52.5223274230957,13.455625534057617,5.0,TRUE,1,5,0,2024-02-29 11:30:00.000000
17431,2022-01-18T09:40:32.000Z,Tutoring,nl,5302VA,Zaltbommel,51.801307678222656,5.250422954559326,20.0,TRUE,42,46,1,2024-07-12 14:30:00.000000
17369,2022-01-17T13:10:31.000Z,Tutoring,nl,2342AA,Oegstgeest,52.17827224731445,4.465359210968018,15.0,TRUE,110,42,3,2023-11-13 15:00:00.000000
17334,2022-01-16T18:17:54.000Z,Tutoring,nl,2651RP,Berkel en Rodenrijs,52.00519943237305,4.492646217346191,5.0,FALSE,302,26,12,2025-12-11 16:00:00.000000
17329,2022-01-16T16:33:39.000Z,Tutoring,de,76199,Karlsruhe,48.982494,8.391566,3.5,FALSE,158,58,3,2025-06-18 10:00:00.000000
17311,2022-01-16T12:12:58.000Z,Tutoring,de,22303,Hamburg,53.583526611328125,10.014684677124023,6.5,TRUE,1,9,0,2022-02-10 16:00:00.000000
17235,2022-01-14T11:45:39.000Z,Tutoring,nl,2802HL,Gouda,52.008175,4.6953883,20.0,TRUE,3,8,0,2022-12-02 14:00:00.000000
17197,2022-01-13T16:23:53.000Z,Tutoring,de,72770,Reutlingen,48.472763,9.135265,15.0,FALSE,100,16,6,2025-11-02 10:00:00.000000
17156,2022-01-13T07:55:38.000Z,Introducing,de,97072,Würzburg,49.788895,9.94156,10.0,TRUE,0,3,0,1900-01-01 00:00:00.000005
17110,2022-01-12T16:09:59.000Z,Tutoring,nl,6217KJ,Maastricht,50.850101470947266,5.677743434906006,10.0,TRUE,52,59,1,2024-06-02 09:30:00.000000
17109,2022-01-12T16:03:58.000Z,Tutoring,de,51379,Leverkusen,51.064976,6.9976354,20.0,FALSE,149,42,4,2024-05-17 15:30:00.000000
17005,2022-01-11T14:15:55.000Z,Tutoring,de,97080,Würzburg,49.80414,9.942371,5.0,FALSE,28,9,3,2023-01-30 13:00:00.000000
16994,2022-01-11T12:31:32.000Z,Chatting,nl,2321KK,Leiden,52.143726,4.4921384,5.0,TRUE,0,3,0,1900-01-01 00:00:00.000005
16935,2022-01-10T15:40:36.000Z,Tutoring,nl,2311GR,Leiden,52.155415,4.4867587,5.0,FALSE,1,1,1,2022-04-02 09:00:00.000000
16915,2022-01-10T13:22:40.000Z,Tutoring,de,69115,Heidelberg,49.40383529663086,8.67009162902832,4.0,FALSE,446,64,7,2024-02-09 16:15:00.000000
16909,2022-01-10T12:02:54.000Z,Tutoring,de,14467,Potsdam,52.39886,13.065221,3.5,TRUE,7,6,1,2022-09-08 14:00:00.000000
16896,2022-01-10T09:37:57.000Z,Tutoring,nl,6225CM,Maastricht,50.868237,5.731489,5.0,FALSE,27,12,2,2023-02-09 08:00:00.000000
16863,2022-01-09T14:39:27.000Z,Tutoring,de,24118,Kiel,54.344444,10.1065,10.0,FALSE,61,21,3,2024-11-22 13:00:00.000000
16862,2022-01-09T14:35:33.000Z,Tutoring,de,96129,Strullendorf,49.847244,10.9789915,20.0,FALSE,10,6,2,2022-03-21 13:00:00.000000
16851,2022-01-09T10:07:19.000Z,Tutoring,nl,6603LK,Wijchen,51.796703,5.755631,7.5,FALSE,80,15,5,2023-06-12 12:15:00.000000
16820,2022-01-08T10:46:01.000Z,Tutoring,nl,2318AR,Leiden,52.179466,4.4989495,7.0,TRUE,20,7,3,2022-06-19 08:30:00.000000
16809,2022-01-08T08:22:40.000Z,Tutoring,de,22607,Hamburg,53.57027053833008,9.88163948059082,7.0,FALSE,142,15,9,2024-12-06 15:00:00.000000
16783,2022-01-07T12:21:44.000Z,Tutoring,nl,1066NC,Amsterdam,52.350014,4.8115826,3.5,TRUE,63,30,2,2023-06-27 15:00:00.000000
16777,2022-01-07T10:54:17.000Z,Tutoring,nl,1061GL,Amsterdam,52.38115692138672,4.844239234924316,9.0,TRUE,11,10,1,2023-12-18 17:00:00.000000
16738,2022-01-06T10:38:56.000Z,Tutoring,nl,1017RA,Amsterdam,52.362728118896484,4.885616302490234,10.0,TRUE,34,26,1,2024-01-11 15:15:00.000000
16713,2022-01-05T12:25:33.000Z,Tutoring,nl,3015ZB,Rotterdam,51.91078567504883,4.461097717285156,7.0,FALSE,104,43,2,2025-10-05 17:00:00.000000
16711,2022-01-05T11:47:19.000Z,Tutoring,de,44787,Bochum,51.485626,7.213297,3.5,FALSE,67,22,3,2023-09-04 11:00:00.000000
16569,2022-01-02T10:22:00.000Z,Tutoring,de,07743,Jena,50.929974,11.583417,5.0,FALSE,90,9,10,2024-07-09 13:00:00.000000
16481,2021-12-29T07:24:26.000Z,Tutoring,nl,6523NJ,Nijmegen,51.82155990600586,5.882878303527832,15.0,TRUE,6,14,0,2022-04-04 14:30:00.000000
16473,2021-12-28T11:53:15.000Z,Tutoring,de,96164,Kemmern,49.956226,10.869977,20.0,FALSE,1,3,0,2022-01-26 18:00:00.000000
16468,2021-12-28T09:35:20.000Z,Tutoring,nl,3735LA,Bosch en Duin,52.116016,5.237777,10.0,TRUE,58,40,1,2024-02-05 14:00:00.000000
16428,2021-12-26T19:02:03.000Z,Tutoring,nl,8094BC,Hattemerbroek,52.4732780456543,6.020182132720947,3.5,FALSE,105,31,3,2025-05-15 13:45:00.000000
16414,2021-12-25T21:21:05.000Z,Tutoring,de,48351,Everswinkel,51.912453,7.813629,3.5,FALSE,116,11,11,2024-04-24 13:30:00.000000
16399,2021-12-24T11:55:27.000Z,Tutoring,nl,9712NS,Groningen,53.22171,6.5651507,5.0,FALSE,77,24,3,2023-03-10 12:30:00.000000
16390,2021-12-23T22:01:55.000Z,Tutoring,de,46446,Emmerich am Rhein,51.847214,6.2291784,10.0,TRUE,3,6,1,2022-05-23 13:00:00.000000
16272,2021-12-20T07:17:59.000Z,Tutoring,nl,5616 Hc,Eindhoven,51.43929672241211,5.45673131942749,3.5,TRUE,26,19,1,2024-03-12 15:00:00.000000
16235,2021-12-18T19:51:05.000Z,Chatting,nl,3171JB,Poortugaal,51.85496,4.3964033,5.0,TRUE,0,3,0,1900-01-01 00:00:00.000005
16179,2021-12-16T19:10:18.000Z,Tutoring,nl,3069AS,Rotterdam,51.96517,4.555517,10.0,TRUE,104,45,2,2025-06-24 17:00:00.000000
16081,2021-12-14T22:35:51.000Z,Tutoring,de,30455,Hannover,52.35362,9.674102,10.0,FALSE,177,36,5,2022-11-14 16:00:00.000000
16044,2021-12-14T11:07:23.000Z,Tutoring,de,91058,Erlangen,49.57766,11.01746,7.0,TRUE,16,12,1,2022-05-04 17:00:00.000000
16041,2021-12-14T10:07:11.000Z,Tutoring,nl,7577TN,Oldenzaal,52.32357,6.900417,3.5,TRUE,43,18,2,2023-06-03 07:30:00.000000
15949,2021-12-12T10:10:28.000Z,Tutoring,nl,2941PE,Lekkerkerk,51.90372848510742,4.685935020446777,5.5,TRUE,8,10,1,2022-06-08 16:15:00.000000
15856,2021-12-09T15:14:33.000Z,Tutoring,nl,6521EN,Nijmegen,51.83734130859375,5.872825622558594,3.5,FALSE,345,58,6,2026-04-21 15:00:00.000000
15680,2021-12-07T11:07:43.000Z,Tutoring,nl,3011TL,Rotterdam,51.92071,4.4987597,8.0,FALSE,18,8,2,2022-07-04 17:00:00.000000
15672,2021-12-07T09:17:38.000Z,Tutoring,nl,8023CM,Zwolle,52.51349639892578,6.118446350097656,10.0,FALSE,961,70,14,2026-03-17 17:15:00.000000
15631,2021-12-06T17:40:29.000Z,Chatting,de,76131,Karlsruhe,49.015682,8.397054,10.0,TRUE,0,4,0,1900-01-01 00:00:00.000005
15616,2021-12-06T15:38:36.000Z,Tutoring,nl,1674 PM,Opperdoes,52.75453186035156,5.075179576873779,20.0,TRUE,65,36,2,2023-06-14 15:00:00.000000
15587,2021-12-06T08:40:17.000Z,Tutoring,nl,2631PH,Nootdorp,52.04278564453125,4.407724857330322,6.0,FALSE,308,16,19,2025-10-23 15:15:00.000000
15507,2021-12-04T10:18:08.000Z,Introducing,nl,6226XM,Maastricht,50.85421,5.718526,5.0,TRUE,0,6,0,1900-01-01 00:00:00.000005
15470,2021-12-03T09:14:02.000Z,Tutoring,de,01309,Dresden,51.04028,13.78897,10.0,FALSE,23,8,3,2022-06-21 15:30:00.000000
15227,2021-11-28T20:23:54.000Z,Tutoring,nl,2612ND,Delft,52.017628,4.369086,5.0,FALSE,1,3,0,2021-12-12 18:30:00.000000
15217,2021-11-28T15:39:49.000Z,Tutoring,nl,6228BV,Maastricht,50.827442,5.7279406,4.5,FALSE,86,22,4,2023-03-23 18:30:00.000000
15190,2021-11-27T18:06:47.000Z,Tutoring,nl,3207GC,Spijkenisse,51.833096,4.356772,4.0,FALSE,6,3,2,2022-05-20 15:00:00.000000
15156,2021-11-26T13:39:16.000Z,Tutoring,nl,2324LW,Leiden,52.153713,4.471608,4.400000095367432,FALSE,2,4,1,2022-01-17 18:00:00.000000
15122,2021-11-25T19:14:50.000Z,Tutoring,nl,2241BP,Wassenaar,52.14910125732422,4.424182415008545,5.0,TRUE,84,37,2,2025-10-02 13:30:00.000000
15093,2021-11-25T10:38:15.000Z,Tutoring,de,97072,Würzburg,49.785244,9.936769,6.0,FALSE,76,17,4,2023-03-21 14:15:00.000000
14906,2021-11-22T16:49:50.000Z,Tutoring,nl,6823BP,Arnhem,52.00047302246094,5.936977863311768,10.0,TRUE,11,11,1,2023-06-24 13:00:00.000000
14837,2021-11-21T15:27:17.000Z,Tutoring,de,01069,Dresden,51.03402,13.73585,20.0,FALSE,80,31,3,2025-06-19 15:30:00.000000
14795,2021-11-20T11:20:54.000Z,Tutoring,de,91334,Hemhofen,49.69076,10.92978,5.0,FALSE,86,15,6,2023-03-14 16:30:00.000000
14735,2021-11-18T18:47:52.000Z,Tutoring,nl,5038LX,Tilburg,51.5608024597168,5.0764923095703125,4.0,FALSE,229,60,4,2024-06-24 13:30:00.000000
14695,2021-11-18T06:43:28.000Z,Tutoring,nl,3361GC,Sliedrecht,51.82357,4.750003,15.0,FALSE,3,3,1,2022-03-10 16:30:00.000000
14694,2021-11-18T06:37:52.000Z,Tutoring,nl,3034zl,Rotterdam,51.933502,4.5010524,3.5,FALSE,8,3,3,2022-02-15 15:15:00.000000
14682,2021-11-17T17:51:02.000Z,Tutoring,nl,3701HM,Zeist,52.08471,5.2367067,10.0,FALSE,61,11,6,2023-05-24 14:45:00.000000
14613,2021-11-16T16:14:23.000Z,Tutoring,nl,2925CG,Krimpen aan den IJssel,51.917255,4.619785,10.0,FALSE,25,11,2,2022-12-14 18:00:00.000000
14606,2021-11-16T14:12:08.000Z,Tutoring,nl,5703GW,Helmond,51.482548,5.6802254,3.5,FALSE,46,17,3,2022-11-25 18:00:00.000000
14592,2021-11-16T11:10:55.000Z,Tutoring,de,07743,Jena,50.93195,11.589927,6.0,TRUE,14,7,2,2022-12-08 17:30:00.000000
14571,2021-11-15T19:28:21.000Z,Tutoring,nl,5042RV,Tilburg,51.568180084228516,5.051540374755859,10.0,FALSE,108,35,3,2024-01-22 12:00:00.000000
14544,2021-11-15T12:41:59.000Z,Tutoring,nl,1221AC,Hilversum,52.231113,5.1794863,20.0,FALSE,71,25,3,2023-05-25 14:15:00.000000
14526,2021-11-14T20:49:41.000Z,Tutoring,de,97080,Würzburg,49.80414,9.942371,3.5,FALSE,207,42,5,2024-03-11 16:00:00.000000
14445,2021-11-12T09:31:48.000Z,Tutoring,nl,6525KE,Nijmegen,51.821373,5.868441,3.5,FALSE,71,15,5,2022-12-13 15:30:00.000000
14426,2021-11-11T18:43:02.000Z,Tutoring,nl,7691PS,Bergentheim,52.530636,6.600394,10.0,FALSE,3,4,1,2022-01-17 17:30:00.000000
14404,2021-11-11T12:42:32.000Z,Tutoring,nl,6162GR,Geleen,50.97801971435547,5.836372375488281,20.0,TRUE,19,15,1,2024-01-30 20:45:00.000000
14368,2021-11-10T14:25:12.000Z,Tutoring,nl,5612KZ,Eindhoven,51.44717,5.470635,10.0,FALSE,21,4,5,2022-05-16 14:00:00.000000
14337,2021-11-09T19:44:03.000Z,Tutoring,de,93053,Regensburg,49.00402,12.11543,5.0,FALSE,23,10,2,2023-04-02 12:00:00.000000
14278,2021-11-08T13:00:19.000Z,Chatting,nl,2321DS,Leiden,52.14778,4.4831223,5.0,TRUE,0,2,0,1900-01-01 00:00:00.000005
14267,2021-11-08T09:56:51.000Z,Tutoring,nl,5022DS,Tilburg,51.541145,5.084235,5.0,FALSE,42,4,11,2023-05-26 16:00:00.000000
14266,2021-11-08T09:50:24.000Z,Tutoring,de,57537,Mittelhof,50.775158,7.7986693,20.0,FALSE,602,108,6,2026-03-13 14:00:00.000000
14260,2021-11-08T08:47:23.000Z,Tutoring,nl,3037RV,Rotterdam,51.938194274902344,4.475320816040039,6.0,FALSE,274,80,3,2026-01-08 14:00:00.000000
14215,2021-11-06T13:59:37.000Z,Tutoring,de,97199,Ochsenfurt,49.66214,10.0563,20.0,FALSE,27,10,3,2022-05-03 16:00:00.000000
14209,2021-11-06T12:11:02.000Z,Tutoring,nl,3755KL,Eemnes,52.261199951171875,5.256065368652344,10.0,FALSE,208,72,3,2026-04-15 18:00:00.000000
14180,2021-11-05T07:54:50.000Z,Tutoring,de,31134,Hildesheim,52.14098358154297,9.959235191345215,3.5,FALSE,101,10,10,2026-02-25 14:30:00.000000
14059,2021-11-01T17:41:02.000Z,Tutoring,nl,1562LT,Krommenie,52.512383,4.7737894,5.0,FALSE,111,23,5,2024-02-09 15:00:00.000000
14053,2021-11-01T15:58:53.000Z,Tutoring,nl,2312CC,Leiden,52.16286087036133,4.485249042510986,4.5,FALSE,35,12,3,2023-03-18 15:00:00.000000
14027,2021-10-31T19:25:04.000Z,Chatting,de,69115,Heidelberg,49.400562,8.670124,4.0,TRUE,0,7,0,1900-01-01 00:00:00.000005
13997,2021-10-31T08:31:51.000Z,Introducing,de,65929,Frankfurt am Main,50.099606,8.546409,10.0,TRUE,0,3,0,1900-01-01 00:00:00.000005
13992,2021-10-30T22:00:25.000Z,Tutoring,de,72144,Dußlingen,48.454037,9.064948,10.0,FALSE,62,14,4,2023-12-11 16:30:00.000000
13982,2021-10-30T11:03:49.000Z,Chatting,de,37120,Bovenden,51.590595,9.927189,20.0,TRUE,0,1,0,1900-01-01 00:00:00.000005
13967,2021-10-29T18:07:04.000Z,Tutoring,de,53424,Remagen,50.64338,7.20504,3.5,TRUE,66,29,2,2024-05-28 13:00:00.000000
13965,2021-10-29T17:14:46.000Z,Active,nl,2985SW,Ridderkerk,51.8603401184082,4.599528789520264,8.0,TRUE,0,0,0,1900-01-01 00:00:00.000005
13957,2021-10-29T10:03:19.000Z,Chatting,de,52070,Aachen,50.784138,6.089944,15.0,TRUE,0,1,0,1900-01-01 00:00:00.000005
13887,2021-10-27T07:14:07.000Z,Tutoring,de,56414,Hundsangen,50.456165,7.9897485,20.0,TRUE,6,6,1,2022-06-17 09:00:00.000000
13863,2021-10-26T14:08:01.000Z,Tutoring,de,76131,Karlsruhe,49.014412,8.435805,10.0,FALSE,78,5,16,2023-05-18 15:00:00.000000
13803,2021-10-24T13:35:33.000Z,Tutoring,de,21149,Hamburg,53.46649,9.812507,10.0,FALSE,37,11,3,2023-02-22 16:00:00.000000
13757,2021-10-21T15:24:05.000Z,Tutoring,de,48161,Münster,51.975365,7.576465,3.5,FALSE,782,36,22,2026-06-17 14:00:00.000000
13755,2021-10-21T14:14:49.000Z,Tutoring,de,89073,Ulm,48.404343,9.988475,10.0,FALSE,59,12,5,2022-06-27 16:00:00.000000
13740,2021-10-20T16:29:10.000Z,Chatting,de,01097,Dresden,51.06978,13.7395,3.5,TRUE,0,2,0,1900-01-01 00:00:00.000005
13601,2021-10-14T13:16:48.000Z,Tutoring,nl,9785AD,Zuidwolde,53.2597770690918,6.593907356262207,5.0,FALSE,80,11,7,2026-01-12 18:00:00.000000
13504,2021-10-12T06:44:24.000Z,Tutoring,de,37085,Göttingen,51.51638,9.965391,3.5,FALSE,99,3,33,2025-05-20 13:30:00.000000
13496,2021-10-11T16:38:20.000Z,Tutoring,nl,1115HB,Duivendrecht,52.32902,4.942358,7.900000095367432,TRUE,11,5,2,2022-02-09 15:30:00.000000
13474,2021-10-11T09:32:46.000Z,Tutoring,nl,2636EE,Schipluiden,51.96894,4.359533,10.0,FALSE,1,2,1,2021-11-24 15:30:00.000000
13463,2021-10-11T03:00:12.000Z,Tutoring,nl,6041 HT,Roermond,51.190269470214844,5.991106986999512,20.0,TRUE,43,21,2,2023-01-25 15:00:00.000000
13447,2021-10-10T10:26:15.000Z,Tutoring,nl,1633GT,Avenhorn,52.62025,4.9522476,3.5,TRUE,22,9,2,2023-01-12 13:30:00.000000
13442,2021-10-09T13:00:54.000Z,Tutoring,de,37242,Bad Sooden-Allendorf,51.26685333251953,9.906574249267578,20.0,FALSE,173,22,8,2026-03-24 14:00:00.000000
13324,2021-10-05T16:49:09.000Z,Chatting,de,33607,Bielefeld,52.02018,8.57356,6.0,TRUE,0,2,0,1900-01-01 00:00:00.000005
13294,2021-10-04T20:05:12.000Z,Tutoring,nl,1503JB,Zaandam,52.44757,4.8350844,3.5,FALSE,83,25,3,2023-06-25 11:30:00.000000
13283,2021-10-04T13:29:39.000Z,Tutoring,nl,8931BE,Leeuwarden,53.185955,5.7781143,15.0,TRUE,91,68,1,2024-01-31 15:00:00.000000
13259,2021-10-04T08:11:17.000Z,Tutoring,de,21481,Lauenburg/Elbe,53.375526,10.559001,3.5,TRUE,12,9,1,2022-09-15 12:15:00.000000
13169,2021-09-30T13:22:37.000Z,Chatting,de,91077,Neunkirchen am Brand,49.605816,11.128375,20.0,TRUE,0,3,0,1900-01-01 00:00:00.000005
13139,2021-09-29T17:55:48.000Z,Tutoring,nl,1966SJ,Heemskerk,52.49658,4.6815233,7.0,TRUE,77,43,2,2024-06-24 13:15:00.000000
13104,2021-09-29T12:39:01.000Z,Tutoring,de,91052,Erlangen,49.59604263305664,11.022238731384277,10.0,FALSE,1,1,1,2021-11-17 18:00:00.000000
13098,2021-09-29T11:37:29.000Z,Tutoring,de,10245,Berlin,52.506126,13.46524,20.0,TRUE,18,12,2,2022-06-02 14:30:00.000000
13052,2021-09-28T06:03:36.000Z,Tutoring,de,33613,Bielefeld,52.04519,8.53163,6.5,FALSE,20,3,7,2022-06-11 12:00:00.000000
12948,2021-09-23T17:39:37.000Z,Tutoring,de,07745,Jena,50.893078,11.585512,10.0,FALSE,1,3,0,2022-01-20 17:15:00.000000
12947,2021-09-23T17:31:17.000Z,Tutoring,de,07745,Jena,50.893078,11.585512,5.0,FALSE,2,5,0,2022-03-01 16:00:00.000000
12902,2021-09-23T04:55:20.000Z,Tutoring,de,12053,Berlin,52.476746,13.430531,5.0,FALSE,1,2,1,2022-11-29 16:30:00.000000
12890,2021-09-22T17:06:05.000Z,Tutoring,nl,2565AL,'s-Gravenhage,52.06852340698242,4.24630069732666,3.5,TRUE,11,12,1,2022-02-14 08:30:00.000000
12867,2021-09-22T14:01:47.000Z,Chatting,de,30657,Hannover,52.425285,9.782678,7.5,TRUE,0,4,0,1900-01-01 00:00:00.000005
12857,2021-09-22T12:25:57.000Z,Active,de,53225,Bonn,50.73532,7.1169953,5.0,TRUE,0,0,0,1900-01-01 00:00:00.000005
12856,2021-09-22T12:17:25.000Z,Chatting,de,48151,Münster,51.93887,7.61166,10.0,TRUE,0,5,0,1900-01-01 00:00:00.000005
12852,2021-09-22T10:36:04.000Z,Active,de,33605,Bielefeld,52.00716,8.56965,5.0,TRUE,0,0,0,1900-01-01 00:00:00.000005
12825,2021-09-21T11:55:25.000Z,Chatting,de,30989,Gehrden,52.31629,9.602306,20.0,TRUE,0,1,0,1900-01-01 00:00:00.000005
12821,2021-09-21T10:22:20.000Z,Tutoring,nl,3705 ZK,Zeist,52.09764099121094,5.221391677856445,20.0,FALSE,234,25,9,2024-06-28 13:00:00.000000
12814,2021-09-21T07:29:54.000Z,Tutoring,de,30165,Hannover,52.39585,9.731993,5.0,TRUE,3,6,1,2022-01-17 15:30:00.000000
12805,2021-09-20T19:01:34.000Z,Tutoring,de,64285,Darmstadt,49.85733,8.644893,10.0,FALSE,68,17,4,2022-07-03 12:00:00.000000
12781,2021-09-20T09:16:44.000Z,Tutoring,nl,1094BH,Amsterdam,52.364918,4.938593,10.0,FALSE,86,23,4,2022-05-24 14:00:00.000000
12776,2021-09-20T06:49:58.000Z,Tutoring,nl,2225AE,Katwijk,52.20557,4.394834,15.0,FALSE,37,6,6,2022-04-12 14:00:00.000000
12736,2021-09-18T08:26:00.000Z,Tutoring,nl,1092gb,Amsterdam,52.354805,4.9222994,3.5,FALSE,50,7,7,2023-06-27 11:00:00.000000
12668,2021-09-16T06:58:27.000Z,Tutoring,de,40233,Düsseldorf,51.22718,6.808632,20.0,FALSE,99,29,3,2022-09-21 14:30:00.000000
12649,2021-09-15T15:11:30.000Z,Tutoring,nl,7522NC,Enschede,52.245983,6.8462515,7.5,FALSE,2,4,1,2021-10-21 17:30:00.000000
12617,2021-09-14T21:37:30.000Z,Tutoring,nl,3071RD,Rotterdam,51.912594,4.510027,10.0,TRUE,24,10,2,2022-04-19 14:45:00.000000
12576,2021-09-13T08:20:37.000Z,Tutoring,nl,1087GZ,Amsterdam,52.356658935546875,4.997965335845947,10.0,FALSE,65,24,3,2023-06-29 14:00:00.000000
12545,2021-09-11T15:47:51.000Z,Tutoring,nl,7071VP,Ulft,51.888233,6.3707643,10.0,FALSE,235,59,4,2024-11-04 16:30:00.000000
12507,2021-09-09T18:53:42.000Z,Chatting,nl,3584DZ,Utrecht,52.08273,5.172052,3.5,TRUE,0,1,0,1900-01-01 00:00:00.000005
12494,2021-09-09T12:44:53.000Z,Tutoring,nl,7523JJ,Enschede,52.229763,6.894403,10.0,FALSE,40,5,8,2022-06-20 16:30:00.000000
12482,2021-09-09T08:44:02.000Z,Tutoring,nl,2496LG,'s-Gravenhage,52.05037,4.37828,4.0,FALSE,72,13,6,2023-07-12 12:00:00.000000
12450,2021-09-07T16:42:09.000Z,Chatting,nl,7522GH,Enschede,52.232788,6.8849945,6.0,TRUE,0,1,0,1900-01-01 00:00:00.000005
12412,2021-09-06T06:13:49.000Z,Tutoring,nl,6525 KC,Nijmegen,51.82143020629883,5.867887020111084,3.5,FALSE,90,32,3,2026-02-03 16:00:00.000000
12400,2021-09-05T14:53:52.000Z,Tutoring,nl,4101BT,Culemborg,51.95790100097656,5.22357702255249,15.0,FALSE,132,19,7,2025-04-16 13:30:00.000000
12387,2021-09-05T10:39:05.000Z,Tutoring,nl,1095KX,Amsterdam,52.369587,4.9652705,6.0,FALSE,158,8,20,2024-04-10 18:00:00.000000
12377,2021-09-04T13:37:19.000Z,Tutoring,nl,1076LN,Amsterdam,52.34550857543945,4.863489627838135,5.0,TRUE,24,22,1,2025-03-29 15:30:00.000000
12350,2021-09-03T11:51:45.000Z,Tutoring,nl,9725EL,Groningen,53.207813,6.563832,5.0,FALSE,46,11,4,2022-03-28 13:00:00.000000
12322,2021-09-02T10:19:01.000Z,Chatting,de,60431,Frankfurt am Main,50.156075,8.656246,5.0,TRUE,0,2,0,1900-01-01 00:00:00.000005
12295,2021-09-01T15:24:09.000Z,Chatting,de,97084,Würzburg,49.742134,9.957021,6.5,TRUE,0,2,0,1900-01-01 00:00:00.000005
12285,2021-09-01T13:31:43.000Z,Chatting,de,45147,Essen,51.442394,7.000096,3.5,TRUE,0,4,0,1900-01-01 00:00:00.000005
12281,2021-09-01T13:01:17.000Z,Tutoring,de,91085,Weisendorf,49.622585,10.83774,3.5,TRUE,39,19,2,2023-06-03 09:00:00.000000
12280,2021-09-01T12:59:42.000Z,Tutoring,nl,2286WC,Rijswijk,52.019245,4.3237767,15.0,FALSE,6,5,1,2022-03-04 10:00:00.000000
12269,2021-08-31T19:09:09.000Z,Tutoring,nl,3061HC,Rotterdam,51.930237,4.5062227,7.0,FALSE,34,8,4,2022-06-16 15:00:00.000000
12259,2021-08-31T14:59:22.000Z,Tutoring,nl,2631CN,Nootdorp,52.04752,4.386483,20.0,FALSE,54,11,5,2021-12-21 17:30:00.000000
12230,2021-08-30T18:00:43.000Z,Tutoring,nl,1098WC,Amsterdam,52.344223,4.9468,3.5,TRUE,58,53,1,2024-02-02 14:30:00.000000
12222,2021-08-30T13:07:27.000Z,Chatting,de,47119,Duisburg,51.465668,6.7282896,3.5,TRUE,0,1,0,1900-01-01 00:00:00.000005
12187,2021-08-29T08:23:21.000Z,Tutoring,nl,8926LP,Leeuwarden,53.212914,5.8504863,10.0,FALSE,139,10,14,2024-06-26 13:00:00.000000
12186,2021-08-29T08:01:45.000Z,Chatting,nl,6027PH,Soerendonk,51.303497,5.5727186,10.0,TRUE,0,4,0,1900-01-01 00:00:00.000005
12184,2021-08-28T19:03:21.000Z,Tutoring,nl,1623RA,Hoorn,52.642662048339844,5.0673933029174805,10.0,FALSE,10,3,3,2025-10-04 11:00:00.000000
12181,2021-08-28T12:35:21.000Z,Tutoring,nl,2013AE,Haarlem,52.38602,4.6241517,8.0,FALSE,141,49,3,2025-06-20 15:00:00.000000
12063,2021-08-24T07:04:01.000Z,Chatting,de,52066,Aachen,50.76792,6.098336,10.0,TRUE,0,1,0,1900-01-01 00:00:00.000005
12055,2021-08-23T19:18:59.000Z,Tutoring,de,93047,Regensburg,49.01896,12.08694,10.0,TRUE,3,6,1,2022-04-03 15:00:00.000000
12042,2021-08-23T09:58:04.000Z,Tutoring,nl,6673XA,Andelst,51.908870697021484,5.728060722351074,20.0,TRUE,59,47,1,2025-06-28 12:00:00.000000
11999,2021-08-20T05:13:09.000Z,Tutoring,de,28199,Bremen,53.06947,8.785935,3.5,TRUE,2,7,0,2022-03-17 15:30:00.000000
11997,2021-08-19T18:10:09.000Z,Tutoring,nl,3893BH,Zeewolde,52.332153,5.52388,10.0,FALSE,62,20,3,2022-07-04 13:30:00.000000
11981,2021-08-19T07:23:51.000Z,Tutoring,de,51519,Odenthal,51.034332,7.1192093,20.0,FALSE,1,3,0,2021-11-22 16:30:00.000000
11965,2021-08-18T14:05:23.000Z,Tutoring,de,81927,München,48.173054,11.638631,10.0,FALSE,69,15,5,2024-11-09 13:00:00.000000
11953,2021-08-18T11:21:52.000Z,Tutoring,de,67063,Ludwigshafen am Rhein,49.486046,8.439449,5.0,FALSE,67,5,13,2022-10-30 16:00:00.000000
11951,2021-08-18T08:46:37.000Z,Chatting,de,10409,Berlin,52.54646,13.42758,15.0,TRUE,0,2,0,1900-01-01 00:00:00.000005
11940,2021-08-17T09:05:12.000Z,Tutoring,nl,1014BG,Amsterdam,52.385643005371094,4.84888219833374,3.5,FALSE,126,19,7,2026-02-25 18:30:00.000000
11935,2021-08-17T07:30:48.000Z,Tutoring,nl,3532SB,Utrecht,52.094727,5.0851107,5.0,FALSE,48,12,4,2023-05-12 12:00:00.000000
11917,2021-08-16T08:37:35.000Z,Chatting,nl,3818el,Amersfoort,52.13438,5.3320646,10.0,TRUE,0,6,0,1900-01-01 00:00:00.000005
11906,2021-08-15T15:58:30.000Z,Tutoring,nl,2561SX,'s-Gravenhage,52.07712173461914,4.2818427085876465,3.5,FALSE,1826,159,11,2026-01-29 17:00:00.000000
11903,2021-08-15T12:17:17.000Z,Tutoring,de,78083,Dauchingen,48.08873,8.541598,20.0,FALSE,48,20,2,2025-03-25 18:00:00.000000
11897,2021-08-14T17:16:26.000Z,Tutoring,de,44225,Dortmund,51.483105,7.4357896,20.0,FALSE,335,81,4,2026-02-26 14:15:00.000000
11883,2021-08-13T11:37:32.000Z,Tutoring,de,30177,Hannover,52.40207,9.77765,5.0,FALSE,143,39,4,2026-04-13 14:00:00.000000
11874,2021-08-13T07:07:54.000Z,Tutoring,nl,6645BB,Winssen,51.874344,5.700343,20.0,FALSE,60,12,5,2023-06-21 13:15:00.000000
11857,2021-08-11T19:18:06.000Z,Tutoring,de,67133,Maxdorf,49.484974,8.276934,5.0,TRUE,8,8,1,2022-11-06 17:00:00.000000
11853,2021-08-11T16:14:35.000Z,Tutoring,de,04178,Leipzig,51.356735,12.292595,3.5,FALSE,137,12,11,2023-02-21 16:00:00.000000
11849,2021-08-11T12:59:12.000Z,Tutoring,de,52072,Aachen,50.78677749633789,6.058718681335449,5.0,FALSE,74,19,4,2023-07-03 14:00:00.000000
11844,2021-08-11T07:22:46.000Z,Active,de,79283,Bollschweil,47.91919,7.7855,5.0,TRUE,0,0,0,1900-01-01 00:00:00.000005
11839,2021-08-10T18:56:19.000Z,Tutoring,nl,5611RJ,Eindhoven,51.431915283203125,5.4876933097839355,3.5,FALSE,171,70,2,2024-01-29 16:45:00.000000
11838,2021-08-10T18:32:39.000Z,Tutoring,nl,1093TA,Amsterdam,52.364803,4.930123,10.0,TRUE,47,21,2,2022-11-03 16:30:00.000000
11807,2021-08-07T19:09:51.000Z,Introducing,de,54492 Lösnich,Lösnich,49.97370529174805,7.043802261352539,15.0,TRUE,0,4,0,1900-01-01 00:00:00.000005
11801,2021-08-07T09:45:18.000Z,Tutoring,nl,5614GP,Eindhoven,51.42588,5.493761,3.5,FALSE,65,15,4,2024-01-18 16:00:00.000000
11763,2021-08-04T17:08:56.000Z,Tutoring,de,60388,Frankfurt am Main,50.151524,8.756709,15.0,FALSE,7,7,1,2023-02-06 18:00:00.000000
11705,2021-08-01T10:30:30.000Z,Tutoring,de,12203,Berlin,52.446426,13.320286,10.0,FALSE,15,9,2,2022-05-02 09:00:00.000000
11694,2021-07-30T14:56:58.000Z,Chatting,de,18057,Rostock,54.0871,12.111655,3.5,TRUE,0,1,0,1900-01-01 00:00:00.000005
11682,2021-07-29T10:38:46.000Z,Tutoring,nl,5621AK,Eindhoven,51.452034,5.4584236,4.0,FALSE,1,3,0,2022-11-08 16:00:00.000000
11677,2021-07-28T17:27:56.000Z,Tutoring,de,58300,Wetter (Ruhr),51.36232,7.370792,10.0,TRUE,5,7,1,2024-01-08 16:00:00.000000
11631,2021-07-24T07:27:53.000Z,Tutoring,nl,3701BL,Zeist,52.08608,5.2514606,5.0,TRUE,2,3,1,2021-10-26 14:00:00.000000
11588,2021-07-20T07:12:14.000Z,Chatting,de,91729,Haundorf,49.185253,10.825544,3.5,TRUE,0,7,0,1900-01-01 00:00:00.000005
11586,2021-07-20T06:16:36.000Z,Tutoring,nl,1087GM,Amsterdam,52.355262756347656,4.996465682983398,10.0,FALSE,195,81,2,2024-10-22 15:15:00.000000
11584,2021-07-19T17:56:18.000Z,Chatting,de,86343,Königsbrunn,48.2561149597168,10.887228012084961,3.5,TRUE,0,4,0,1900-01-01 00:00:00.000005
11578,2021-07-19T09:19:17.000Z,Chatting,nl,1127pw,Den Ilp,52.46948,4.9155645,6.0,TRUE,0,1,0,1900-01-01 00:00:00.000005
11564,2021-07-17T20:52:49.000Z,Tutoring,nl,3117BC,Schiedam,51.911545,4.392493,5.0,TRUE,70,29,2,2024-05-29 12:00:00.000000
11562,2021-07-17T19:53:05.000Z,Tutoring,de,93053,Regensburg,49.005974,12.105995,4.0,FALSE,36,9,4,2023-06-15 14:00:00.000000
11542,2021-07-16T06:05:49.000Z,Tutoring,de,80339,München,48.13482666015625,11.534292221069336,10.0,FALSE,64,25,3,2024-06-20 14:00:00.000000
11500,2021-07-14T17:43:10.000Z,Tutoring,de,66115,Saarbrücken,49.24229,6.945176,3.5,FALSE,122,28,4,2023-07-19 16:00:00.000000
11412,2021-07-09T09:36:16.000Z,Active,de,66399,Mandelbachtal,49.195587,7.136694,3.5,TRUE,0,0,0,1900-01-01 00:00:00.000005
11384,2021-07-08T10:09:59.000Z,Tutoring,de,14621,Schönwalde-Glien,52.59914,13.148189,20.0,FALSE,79,15,5,2024-06-25 14:45:00.000000
11371,2021-07-08T06:14:24.000Z,Chatting,de,10963,Berlin,52.501633,13.388011,5.0,TRUE,0,1,0,1900-01-01 00:00:00.000005
11369,2021-07-08T04:21:04.000Z,Chatting,de,24217,Barsbek,54.399887,10.318306,15.0,TRUE,0,5,0,1900-01-01 00:00:00.000005
11351,2021-07-07T16:28:42.000Z,Chatting,de,82340,Feldafing,47.944305,11.285547,8.0,TRUE,0,1,0,1900-01-01 00:00:00.000005
11344,2021-07-07T16:06:57.000Z,Tutoring,de,44789,Bochum,51.469017028808594,7.227725028991699,5.0,FALSE,98,40,2,2025-11-26 17:15:00.000000
11341,2021-07-07T15:47:59.000Z,Chatting,de,22419,Hamburg,53.65925,10.001086,7.0,TRUE,0,8,0,1900-01-01 00:00:00.000005
11289,2021-07-05T13:47:29.000Z,Tutoring,de,90489,Nürnberg,49.45605,11.09386,5.0,FALSE,247,22,11,2025-01-30 14:00:00.000000
11256,2021-07-04T15:52:24.000Z,Tutoring,nl,5152MX,Drunen,51.68354034423828,5.125315189361572,20.0,TRUE,42,27,2,2024-04-02 16:30:00.000000
11217,2021-07-02T15:33:54.000Z,Tutoring,nl,2716CP,Zoetermeer,52.055653,4.4635463,10.0,FALSE,151,40,4,2023-06-14 10:30:00.000000
11176,2021-07-01T06:44:57.000Z,Tutoring,de,68165,Mannheim,49.483124,8.486544,8.0,FALSE,1,5,0,2021-11-27 13:00:00.000000
11158,2021-06-30T12:43:55.000Z,Active,de,38102,Braunschweig,52.25496,10.53291,5.0,TRUE,0,0,0,1900-01-01 00:00:00.000005
11150,2021-06-29T17:35:12.000Z,Tutoring,nl,7522ZA,Enschede,52.251712799072266,6.850464820861816,4.5,FALSE,91,34,3,2025-06-25 17:30:00.000000
11126,2021-06-28T13:01:28.000Z,Chatting,de,18057,Rostock,54.087273,12.120697,3.5,TRUE,0,1,0,1900-01-01 00:00:00.000005
11110,2021-06-27T16:05:16.000Z,Chatting,de,78467,Konstanz,47.684444,9.149459,20.0,TRUE,0,3,0,1900-01-01 00:00:00.000005
11102,2021-06-27T07:19:15.000Z,Tutoring,de,49090,Osnabrück,52.299705505371094,8.039280891418457,4.0,FALSE,314,47,7,2024-10-19 07:30:00.000000
11089,2021-06-26T11:16:02.000Z,Tutoring,nl,2627 AH,Delft,52.00215530395508,4.362658977508545,10.0,TRUE,65,35,2,2024-04-15 10:15:00.000000
11088,2021-06-26T10:10:59.000Z,Chatting,de,44629,Herne,51.547913,7.214993,6.0,TRUE,0,2,0,1900-01-01 00:00:00.000005
11023,2021-06-23T18:11:01.000Z,Chatting,de,51503,Rösrath,50.931637,7.1927333,20.0,TRUE,0,7,0,1900-01-01 00:00:00.000005
10992,2021-06-22T17:33:10.000Z,Tutoring,nl,1339SW,Almere,52.40087,5.307146,3.5,FALSE,117,38,3,2023-11-21 15:00:00.000000
10869,2021-06-16T13:49:39.000Z,Tutoring,nl,6216 NV,Maastricht,50.84413146972656,5.655559539794922,5.0,TRUE,357,150,2,2025-06-13 18:00:00.000000
10838,2021-06-15T17:26:51.000Z,Chatting,de,07743,Jena,50.94612,11.599297,7.0,TRUE,0,1,0,1900-01-01 00:00:00.000005
10776,2021-06-13T15:53:11.000Z,Tutoring,nl,2521 ET,'s-Gravenhage,52.066524505615234,4.32273530960083,7.0,TRUE,80,36,2,2025-02-14 12:30:00.000000
10773,2021-06-13T15:00:04.000Z,Active,de,48151,Münster,51.94459,7.61996,10.0,TRUE,0,0,0,1900-01-01 00:00:00.000005
10770,2021-06-13T11:43:53.000Z,Chatting,de,63456,Hanau,50.09994,8.928224,3.5,TRUE,0,2,0,1900-01-01 00:00:00.000005
10751,2021-06-12T05:41:54.000Z,Chatting,de,45772,Marl,51.68438,7.128992,5.0,TRUE,0,0,0,1900-01-01 00:00:00.000005
10676,2021-06-09T09:54:06.000Z,Chatting,de,44379,Dortmund,51.508670806884766,7.37906551361084,20.0,TRUE,0,3,0,1900-01-01 00:00:00.000005
10664,2021-06-09T05:29:57.000Z,Tutoring,de,38116,Braunschweig,52.26554,10.442162,20.0,FALSE,63,9,7,2023-05-29 10:30:00.000000
10632,2021-06-08T16:26:16.000Z,Tutoring,de,57234,Wilnsdorf,50.837067,8.066802,3.5,FALSE,788,144,5,2026-06-22 15:00:00.000000
10623,2021-06-08T12:39:28.000Z,Chatting,de,90489,Nürnberg,49.460598,11.097141,10.0,TRUE,0,1,0,1900-01-01 00:00:00.000005
10586,2021-06-07T10:37:21.000Z,Chatting,de,93053,Regensburg,49.005882,12.117418,3.5,TRUE,0,1,0,1900-01-01 00:00:00.000005
10562,2021-06-06T17:00:14.000Z,Active,de,66271,Kleinblittersdorf,49.14059,7.0596876,10.0,TRUE,0,0,0,1900-01-01 00:00:00.000005
10520,2021-06-04T18:20:14.000Z,Tutoring,nl,2923GM,Krimpen aan den IJssel,51.914646,4.607659,5.0,TRUE,22,9,2,2022-01-25 16:00:00.000000
10512,2021-06-04T11:34:41.000Z,Tutoring,de,50829,Köln,50.98361587524414,6.867231369018555,20.0,TRUE,98,44,2,2024-06-18 16:00:00.000000
10493,2021-06-03T15:13:58.000Z,Tutoring,de,01309,Dresden,51.04936,13.789342,5.0,FALSE,5,4,1,2021-12-07 15:00:00.000000
10492,2021-06-03T14:49:32.000Z,Chatting,de,37079,Göttingen,51.56237,9.893484,8.0,TRUE,0,1,0,1900-01-01 00:00:00.000005
10486,2021-06-03T11:08:58.000Z,Active,de,23966,Wismar,53.89013,11.4388,20.0,TRUE,0,0,0,1900-01-01 00:00:00.000005
10474,2021-06-03T04:35:21.000Z,Tutoring,de,68159,Mannheim,49.489456,8.459481,3.5,FALSE,54,14,4,2023-07-01 08:00:00.000000
10415,2021-06-01T12:46:19.000Z,Chatting,de,70469,Stuttgart,48.816917,9.155829,3.5,TRUE,0,4,0,1900-01-01 00:00:00.000005
10406,2021-06-01T07:06:17.000Z,Chatting,de,01217,Dresden,51.028522,13.749657,10.0,TRUE,0,1,0,1900-01-01 00:00:00.000005
10358,2021-05-30T12:55:28.000Z,Chatting,de,07745,Jena,50.923656,11.5720625,5.0,TRUE,0,2,0,1900-01-01 00:00:00.000005
10347,2021-05-29T10:30:13.000Z,Chatting,de,04299,Leipzig,51.31994,12.420981,4.0,TRUE,0,2,0,1900-01-01 00:00:00.000005
10337,2021-05-28T15:08:33.000Z,Tutoring,de,72108,Rottenburg am Neckar,48.4640734,8.916337,12.0,FALSE,1,4,0,2021-12-09 17:15:00.000000
10302,2021-05-27T13:34:23.000Z,Tutoring,de,07747,Jena,50.8890363,11.6143888,5.0,TRUE,4,10,0,2022-12-14 14:30:00.000000
10259,2021-05-27T08:51:19.000Z,Chatting,de,30659,Hannover,52.41343,9.79299,15.0,TRUE,0,1,0,1900-01-01 00:00:00.000005
10233,2021-05-26T12:04:18.000Z,Chatting,de,79111,Freiburg im Breisgau,47.9721114,7.8069743,3.5,TRUE,0,2,0,1900-01-01 00:00:00.000005
10230,2021-05-26T10:48:30.000Z,Tutoring,nl,3137DJ,Vlaardingen,51.9331554,4.34869493,6.0,FALSE,30,8,4,2022-06-08 14:00:00.000000
10229,2021-05-26T10:39:18.000Z,Chatting,de,68159,Mannheim,49.4976198,8.4575907,3.5,TRUE,0,7,0,1900-01-01 00:00:00.000005
10209,2021-05-25T15:22:28.000Z,Active,de,80639,München,48.1531,11.521747,15.0,TRUE,0,0,0,1900-01-01 00:00:00.000005
10189,2021-05-25T07:17:13.000Z,Chatting,de,55299,Nackenheim,49.92285,8.33804,10.0,TRUE,0,2,0,1900-01-01 00:00:00.000005
10185,2021-05-25T05:16:28.000Z,Tutoring,nl,3956KR,Leersum,52.04355239868164,5.44981050491333,20.0,FALSE,190,26,7,2026-04-15 17:30:00.000000
10176,2021-05-24T16:41:37.000Z,Chatting,de,28325,Bremen,53.06578,8.94725,15.0,TRUE,0,3,0,1900-01-01 00:00:00.000005
10156,2021-05-24T08:42:34.000Z,Chatting,de,22926,Ahrensburg,53.6715,10.2465,10.0,TRUE,0,3,0,1900-01-01 00:00:00.000005
10155,2021-05-24T08:40:32.000Z,Tutoring,nl,6851NS,Huissen,51.93094466,5.93372285,20.0,TRUE,15,18,1,2024-02-20 18:00:00.000000
10132,2021-05-22T17:42:15.000Z,Tutoring,nl,1741wb,Schagen,52.79854792,4.802746,20.0,FALSE,9,4,2,2021-09-28 12:30:00.000000
10092,2021-05-21T04:51:45.000Z,Tutoring,de,38678,Clausthal-Zellerfeld,51.80543899536133,10.339776039123535,15.0,FALSE,39,13,3,2023-03-29 14:00:00.000000
10068,2021-05-20T11:44:16.000Z,Tutoring,de,86165,Augsburg,48.3814631,10.9226946,10.0,FALSE,54,9,6,2026-02-27 11:30:00.000000
10050,2021-05-20T03:17:27.000Z,Tutoring,de,86866,Mickhausen,48.241991,10.6413894,20.0,TRUE,1,6,0,2022-02-28 18:49:00.000000
10022,2021-05-19T05:50:44.000Z,Chatting,nl,1689MP,Zwaag,52.661472,5.0475764,20.0,TRUE,0,1,0,1900-01-01 00:00:00.000005
9989,2021-05-18T12:22:40.000Z,Tutoring,nl,2272EE,Voorburg,52.085231,4.36724424,8.0,TRUE,1,3,0,2021-07-20 16:30:00.000000
9987,2021-05-18T12:01:13.000Z,Tutoring,nl,3731 LG,De Bilt,52.10935592651367,5.17486047744751,3.5,FALSE,59,19,3,2025-04-10 11:00:00.000000
9954,2021-05-17T16:01:20.000Z,Tutoring,nl,5527AN,Hapert,51.37453,5.268486,20.0,TRUE,38,27,1,2024-05-26 18:00:00.000000
9938,2021-05-17T11:20:01.000Z,Chatting,de,49124,Georgsmarienhütte,52.1986652,8.0215479,20.0,TRUE,0,1,0,1900-01-01 00:00:00.000005
9937,2021-05-17T11:08:56.000Z,Chatting,de,63322,Rödermark,49.9663,8.83891,20.0,TRUE,0,3,0,1900-01-01 00:00:00.000005
9928,2021-05-17T07:31:57.000Z,Chatting,de,44793,Bochum,51.49592,7.1791873,5.0,TRUE,0,1,0,1900-01-01 00:00:00.000005
9903,2021-05-16T15:36:48.000Z,Chatting,de,24594,Tappendorf,54.10653,9.69167,10.0,TRUE,0,1,0,1900-01-01 00:00:00.000005
9880,2021-05-16T08:39:58.000Z,Tutoring,de,49082,Osnabrück,52.258724212646484,8.067978858947754,20.0,FALSE,88,4,22,2022-06-29 13:15:00.000000
9879,2021-05-16T08:33:02.000Z,Active,nl,8261KG,Kampen,52.55395527,5.91807386,5.0,TRUE,0,0,0,1900-01-01 00:00:00.000005
9849,2021-05-14T20:44:17.000Z,Chatting,de,04159,Leipzig,51.3767718,12.3038724,10.0,TRUE,0,3,0,1900-01-01 00:00:00.000005
9844,2021-05-14T18:07:42.000Z,Introducing,de,20146,Hamburg,53.57039,9.983195,10.0,TRUE,0,6,0,1900-01-01 00:00:00.000005
9815,2021-05-14T12:34:03.000Z,Active,de,52062,Aachen,50.7799678,6.0782408,5.0,TRUE,0,0,0,1900-01-01 00:00:00.000005
9811,2021-05-14T10:35:03.000Z,Chatting,de,79331,Teningen,48.10624,7.78365,20.0,TRUE,0,1,0,1900-01-01 00:00:00.000005
9795,2021-05-14T08:00:18.000Z,Active,de,65388,Schlangenbad,50.08187,8.04418,20.0,TRUE,0,0,0,1900-01-01 00:00:00.000005
9776,2021-05-13T14:56:45.000Z,Chatting,de,79111,Freiburg im Breisgau,47.9753082,7.8162315,3.5,TRUE,0,2,0,1900-01-01 00:00:00.000005
9610,2021-05-07T04:05:11.000Z,Tutoring,de,13187,Berlin,52.56523895263672,13.405721664428711,20.0,FALSE,63,17,4,2024-06-06 14:15:00.000000
9588,2021-05-06T11:17:49.000Z,Chatting,de,10783,Berlin,52.50031,13.355,7.0,TRUE,0,3,0,1900-01-01 00:00:00.000005
9584,2021-05-06T07:37:42.000Z,Chatting,nl,4631CL,Hoogerheide,51.41836623,4.33240864,15.0,TRUE,0,3,0,1900-01-01 00:00:00.000005
9572,2021-05-05T09:59:24.000Z,Chatting,de,40237,Düsseldorf,51.2402366,6.8112834,6.5,TRUE,0,2,0,1900-01-01 00:00:00.000005
9562,2021-05-05T07:50:03.000Z,Tutoring,nl,1111XC,Diemen,52.34200668334961,4.972365379333496,8.0,FALSE,69,21,3,2025-06-22 18:00:00.000000
9556,2021-05-05T03:15:09.000Z,Tutoring,de,22767,Hamburg,53.558697,9.950549,10.0,TRUE,23,28,1,2024-04-15 06:00:00.000000
9509,2021-05-03T19:02:56.000Z,Tutoring,de,22529,Hamburg,53.5825766,9.9558584,15.0,TRUE,3,11,0,2022-02-09 14:30:00.000000
9506,2021-05-03T17:35:47.000Z,Tutoring,nl,2396VP,Koudekerk aan den Rijn,52.13222448,4.60054522,8.0,TRUE,45,19,2,2022-04-20 16:30:00.000000
9493,2021-05-03T11:40:15.000Z,Chatting,de,10115,Berlin,52.5314717,13.3967024,10.0,TRUE,0,1,0,1900-01-01 00:00:00.000005
9462,2021-05-02T14:57:32.000Z,Chatting,de,69120,Heidelberg,49.4191594,8.6610392,3.5,TRUE,0,1,0,1900-01-01 00:00:00.000005
9450,2021-05-01T10:13:52.000Z,Tutoring,nl,1064XJ,Amsterdam,52.37524603,4.81041794,3.5,FALSE,5,1,5,2022-03-11 10:30:00.000000
9437,2021-04-30T11:19:53.000Z,Tutoring,nl,1113LC,Diemen,52.34873580932617,4.983516693115234,20.0,TRUE,241,105,2,2025-10-25 13:00:00.000000
9404,2021-04-28T10:22:25.000Z,Chatting,nl,5473AT,Heeswijk-Dinther,51.65216283,5.46478113,3.5,TRUE,0,1,0,1900-01-01 00:00:00.000005
9389,2021-04-27T15:44:09.000Z,Tutoring,nl,8884HG,Baaiduinen,53.37754821777344,5.2750244140625,5.5,TRUE,0,1,0,1900-01-01 00:00:00.000005
9349,2021-04-26T07:48:00.000Z,Chatting,nl,8922CX,Leeuwarden,53.21088584,5.80536193,20.0,TRUE,0,3,0,1900-01-01 00:00:00.000005
9326,2021-04-24T15:05:34.000Z,Chatting,de,89077,Ulm,48.3957687,9.9810186,20.0,TRUE,0,1,0,1900-01-01 00:00:00.000005
9315,2021-04-24T07:13:43.000Z,Tutoring,nl,7522ZA,Enschede,52.25027084350586,6.850101947784424,8.0,TRUE,11,23,0,2022-10-25 14:00:00.000000
9307,2021-04-23T15:15:05.000Z,Tutoring,de,69221,Dossenheim,49.451385,8.676384,20.0,FALSE,1,6,0,2022-04-01 17:00:00.000000
9277,2021-04-22T14:42:54.000Z,Chatting,de,14052,Berlin,52.5208025,13.2553233,15.0,TRUE,0,1,0,1900-01-01 00:00:00.000005
9236,2021-04-21T14:09:30.000Z,Chatting,nl,1504NT,Zaandam,52.43378087,4.85412275,10.0,TRUE,0,1,0,1900-01-01 00:00:00.000005
9221,2021-04-21T08:13:09.000Z,Tutoring,nl,1016RV,Amsterdam,52.37070846557617,4.877493858337402,5.0,TRUE,105,70,2,2025-05-08 07:30:00.000000
9191,2021-04-20T12:11:49.000Z,Tutoring,nl,9254JP,Hurdegaryp,53.21379852294922,5.932638645172119,15.0,FALSE,2286,662,3,2026-03-04 18:30:00.000000
9167,2021-04-19T16:25:52.000Z,Chatting,de,40231,Düsseldorf,51.2119105,6.8328319,10.0,TRUE,0,8,0,1900-01-01 00:00:00.000005
9156,2021-04-19T11:35:24.000Z,Introducing,de,12053,Berlin,52.4813539,13.4273679,5.0,TRUE,0,3,0,1900-01-01 00:00:00.000005
9153,2021-04-19T10:18:07.000Z,Active,de,49624,Löningen,52.7260598,7.7527524,20.0,TRUE,0,0,0,1900-01-01 00:00:00.000005
9100,2021-04-17T12:21:21.000Z,Chatting,de,10629,Berlin,52.5012098,13.3010945,5.0,TRUE,0,1,0,1900-01-01 00:00:00.000005
9009,2021-04-14T15:48:45.000Z,Tutoring,nl,1103AA,Amsterdam,52.324373,4.96038907,10.0,FALSE,1,2,1,2021-05-26 14:00:00.000000
8994,2021-04-14T11:18:51.000Z,Chatting,de,99423,Weimar,50.9882003,11.3324347,10.0,TRUE,0,1,0,1900-01-01 00:00:00.000005
8987,2021-04-14T07:38:31.000Z,Tutoring,nl,7326AW,Apeldoorn,52.20201873779297,6.001521110534668,10.0,FALSE,452,67,7,2026-03-13 07:00:00.000000
8968,2021-04-13T15:00:12.000Z,Chatting,de,20457,Hamburg,53.5413384,10.0045994,3.5,TRUE,0,1,0,1900-01-01 00:00:00.000005
8908,2021-04-12T11:20:20.000Z,Tutoring,nl,2811BL,Reeuwijk,52.05061007,4.72224777,10.0,FALSE,3,1,3,2021-09-18 07:00:00.000000
8867,2021-04-11T15:28:27.000Z,Tutoring,de,63679,Schotten,50.4709319,9.0846393,3.5,TRUE,17,7,2,2023-01-25 19:15:00.000000
8859,2021-04-11T12:34:42.000Z,Active,de,33613,Bielefeld,52.0483829,8.5089418,20.0,TRUE,0,0,0,1900-01-01 00:00:00.000005
8837,2021-04-10T14:39:38.000Z,Tutoring,nl,5411NM,Zeeland,51.677372,5.680498,20.0,FALSE,35,5,7,2023-01-13 17:00:00.000000
8822,2021-04-10T07:27:29.000Z,Tutoring,de,60528,Frankfurt am Main,50.08159637451172,8.624526023864746,10.0,FALSE,8,3,3,2022-05-04 14:30:00.000000
8809,2021-04-09T14:10:12.000Z,Chatting,de,12051,Berlin,52.4665748,13.4367696,10.0,TRUE,0,8,0,1900-01-01 00:00:00.000005
8798,2021-04-09T11:27:54.000Z,Tutoring,nl,6414TL,Heerlen,50.92516334,5.96932924,5.0,FALSE,1,3,0,2021-05-31 15:00:00.000000
8747,2021-04-08T11:53:19.000Z,Tutoring,nl,3769GB,Soesterberg,52.11666488647461,5.282418727874756,20.0,FALSE,1727,603,3,2026-03-31 18:00:00.000000
8743,2021-04-08T11:19:57.000Z,Tutoring,de,10439,Berlin,52.55253601074219,13.414656639099121,5.0,TRUE,30,20,2,2023-10-28 12:15:00.000000
8729,2021-04-08T06:52:17.000Z,Chatting,de,12347,Berlin,52.45985,13.43798,6.0,TRUE,0,1,0,1900-01-01 00:00:00.000005
8708,2021-04-07T12:25:46.000Z,Chatting,de,40822,Mettmann,51.261443,6.978673,15.0,TRUE,0,3,0,1900-01-01 00:00:00.000005
8700,2021-04-07T11:00:22.000Z,Tutoring,nl,1628VT,Hoorn,52.6556199,5.10175668,7.5,FALSE,53,13,4,2023-11-22 16:15:00.000000
8674,2021-04-06T21:33:14.000Z,Active,de,97078,Würzburg,49.8111519,9.9709433,20.0,TRUE,0,0,0,1900-01-01 00:00:00.000005
8660,2021-04-06T16:07:33.000Z,Tutoring,de,30974,Wennigsen (Deister),52.25381088256836,9.623488426208496,4.0,FALSE,457,82,6,2026-03-03 16:30:00.000000
8641,2021-04-06T11:35:21.000Z,Chatting,de,86157,Augsburg,48.35579,10.86479,5.0,TRUE,0,1,0,1900-01-01 00:00:00.000005
8630,2021-04-06T08:14:32.000Z,Chatting,de,64390,Erzhausen,49.9553031,8.634809,3.5,TRUE,0,1,0,1900-01-01 00:00:00.000005
8613,2021-04-05T16:45:36.000Z,Chatting,de,58089,Hagen,51.382495,7.4320788,7.0,TRUE,0,3,0,1900-01-01 00:00:00.000005
8610,2021-04-05T16:13:44.000Z,Tutoring,de,95448,Bayreuth,49.958145,11.62122,15.0,FALSE,184,8,23,2026-02-13 14:00:00.000000
8603,2021-04-05T13:10:42.000Z,Tutoring,nl,3811JX,Amersfoort,52.15577004,5.39150251,5.0,FALSE,1,2,1,2021-05-06 17:00:00.000000
8574,2021-04-04T19:31:59.000Z,Chatting,de,45259,Essen,51.410056,7.0534282,5.0,TRUE,0,4,0,1900-01-01 00:00:00.000005
8573,2021-04-04T19:21:45.000Z,Tutoring,nl,3134CH,Vlaardingen,51.91015099,4.34920517,5.0,FALSE,149,26,6,2023-06-28 18:00:00.000000
8572,2021-04-04T19:14:45.000Z,Tutoring,de,04317,Leipzig,51.333078,12.3954075,20.0,FALSE,178,63,3,2026-03-02 17:00:00.000000
8568,2021-04-04T18:07:19.000Z,Chatting,nl,2282RP,Rijswijk,52.05450474,4.33612682,4.0,TRUE,0,2,0,1900-01-01 00:00:00.000005
8555,2021-04-04T13:36:13.000Z,Chatting,de,74072,Heilbronn,49.1427843,9.2210773,5.0,TRUE,0,1,0,1900-01-01 00:00:00.000005
8551,2021-04-04T10:39:09.000Z,Chatting,nl,1051xw,Amsterdam,52.38195279,4.87328161,5.0,TRUE,0,1,0,1900-01-01 00:00:00.000005
8542,2021-04-03T18:57:35.000Z,Chatting,nl,6245HP,Eijsden,50.78261122,5.71004788,17.0,TRUE,0,1,0,1900-01-01 00:00:00.000005
8479,2021-04-01T11:21:47.000Z,Tutoring,nl,3067DC,Rotterdam,51.94251008,4.56540431,5.0,FALSE,27,7,4,2022-05-01 07:00:00.000000
8473,2021-04-01T09:42:57.000Z,Tutoring,de,38536,Meinersen,52.4686103,10.3711309,20.0,FALSE,1,5,0,2022-01-09 13:00:00.000000
8461,2021-03-31T20:09:07.000Z,Tutoring,nl,1063SR,Amsterdam,52.38162512,4.8344518,5.0,FALSE,4,3,1,2021-07-03 16:30:00.000000
8434,2021-03-31T05:17:29.000Z,Active,nl,5247XD,Rosmalen,51.72811668,5.3701043,3.5,TRUE,0,0,0,1900-01-01 00:00:00.000005
8400,2021-03-30T09:36:23.000Z,Tutoring,nl,2282TB,Rijswijk,52.05290222167969,4.331681728363037,5.0,TRUE,50,29,2,2025-09-12 09:00:00.000000
8362,2021-03-29T08:15:51.000Z,Tutoring,de,63071,Offenbach am Main,50.0866,8.78934,20.0,TRUE,2,9,0,2022-09-04 13:00:00.000000
8322,2021-03-27T11:31:50.000Z,Active,de,76275,Ettlingen,48.92385,8.36027,15.0,TRUE,0,0,0,1900-01-01 00:00:00.000005
8312,2021-03-27T06:46:41.000Z,Tutoring,nl,1251TL,Laren,52.24595879,5.23271475,10.0,FALSE,24,11,2,2022-04-04 18:30:00.000000
8252,2021-03-25T09:56:28.000Z,Tutoring,nl,2803NA,Gouda,52.02299499511719,4.707719802856445,5.0,TRUE,2,10,0,2022-02-15 15:15:00.000000
8247,2021-03-25T09:04:19.000Z,Chatting,nl,4611GJ,Bergen op Zoom,51.49604199,4.2770575,20.0,TRUE,0,3,0,1900-01-01 00:00:00.000005
8206,2021-03-24T08:33:31.000Z,Tutoring,de,50259,Pulheim,51.0086672,6.8152231,5.0,TRUE,4,6,1,2022-01-09 11:00:00.000000
8199,2021-03-23T21:06:22.000Z,Chatting,nl,5553BA,Valkenswaard,51.35713585,5.47192138,3.5,TRUE,0,3,0,1900-01-01 00:00:00.000005
8192,2021-03-23T19:06:44.000Z,Tutoring,nl,3521AH,Utrecht,52.090797424316406,5.107640266418457,5.0,TRUE,24,14,2,2025-06-25 16:00:00.000000
8163,2021-03-23T08:45:40.000Z,Active,nl,5694CX,Son en Breugel,51.51768062,5.50528557,15.0,TRUE,0,0,0,1900-01-01 00:00:00.000005
8065,2021-03-19T17:27:20.000Z,Chatting,nl,6708PG,Wageningen,51.9802781,5.65684344,10.0,TRUE,0,1,0,1900-01-01 00:00:00.000005
8036,2021-03-18T19:20:55.000Z,Chatting,de,65201,Wiesbaden,50.06599,8.1853,20.0,TRUE,0,4,0,1900-01-01 00:00:00.000005
8016,2021-03-18T09:48:35.000Z,Active,nl,6533MZ,Nijmegen,51.80894175,5.85218396,10.0,TRUE,0,0,0,1900-01-01 00:00:00.000005
7991,2021-03-17T10:58:36.000Z,Chatting,de,40219,Düsseldorf,51.2120138,6.7584352,3.5,TRUE,0,2,0,1900-01-01 00:00:00.000005
7971,2021-03-16T17:45:38.000Z,Chatting,de,57072,Siegen,50.869495,8.011404,15.0,TRUE,0,1,0,1900-01-01 00:00:00.000005
7958,2021-03-16T15:30:08.000Z,Tutoring,nl,2311AR,Leiden,52.15317547,4.48133588,5.0,FALSE,46,11,4,2022-06-16 14:30:00.000000
7929,2021-03-16T08:45:51.000Z,Chatting,nl,8881BE,West-Terschelling,53.35852971,5.21566726,20.0,TRUE,0,1,0,1900-01-01 00:00:00.000005
7907,2021-03-15T17:43:03.000Z,Tutoring,nl,3067DR,Rotterdam,51.94487764,4.56735653,5.0,FALSE,93,24,4,2022-11-10 18:00:00.000000
7899,2021-03-15T13:22:15.000Z,Tutoring,nl,3435GP,Nieuwegein,52.02384161,5.06806812,20.0,FALSE,327,47,7,2024-05-23 18:00:00.000000
7893,2021-03-15T11:49:21.000Z,Chatting,de,40237,Düsseldorf,51.2332138,6.8013819,10.0,TRUE,0,1,0,1900-01-01 00:00:00.000005
7885,2021-03-15T09:21:21.000Z,Chatting,de,30159,Hannover,52.3806632,9.7283029,3.5,TRUE,0,1,0,1900-01-01 00:00:00.000005
7873,2021-03-14T23:24:42.000Z,Chatting,de,91054,Erlangen,49.5950683,11.0126242,3.5,TRUE,0,1,0,1900-01-01 00:00:00.000005
7869,2021-03-14T20:30:45.000Z,Tutoring,de,38678,Clausthal-Zellerfeld,51.8031405,10.3318384,3.5,FALSE,1,4,0,2021-05-19 17:00:00.000000
7861,2021-03-14T17:42:20.000Z,Chatting,de,63801,Kleinostheim,49.9992984,9.0659411,20.0,TRUE,0,12,0,1900-01-01 00:00:00.000005
7835,2021-03-14T08:09:06.000Z,Introducing,de,19059,Schwerin,53.6380615234375,11.395224571228027,20.0,TRUE,0,7,0,1900-01-01 00:00:00.000005
7820,2021-03-13T12:23:11.000Z,Tutoring,nl,9636BE,Zuidbroek,53.16105351,6.86820057,10.0,FALSE,1,1,1,2021-10-30 09:00:00.000000
7812,2021-03-12T23:18:51.000Z,Tutoring,de,72070,Tübingen,48.5204428,9.0505471,10.0,FALSE,3,3,1,2021-04-22 08:00:00.000000
7807,2021-03-12T18:30:59.000Z,Chatting,de,97318,Kitzingen,49.73157,10.16242,20.0,TRUE,0,3,0,1900-01-01 00:00:00.000005
7756,2021-03-11T16:05:23.000Z,Tutoring,nl,2628DL,Delft,51.99721145629883,4.372300624847412,5.0,TRUE,71,32,2,2022-08-11 18:00:00.000000
7741,2021-03-11T09:36:33.000Z,Tutoring,nl,3151MA,Hoek van Holland,51.99209976196289,4.132426738739014,10.0,FALSE,38,14,3,2024-06-25 13:15:00.000000
7726,2021-03-10T20:09:39.000Z,Chatting,de,07743,Jena,50.9402575,11.5923568,6.0,TRUE,0,1,0,1900-01-01 00:00:00.000005
7708,2021-03-10T14:30:31.000Z,Chatting,de,80807,München,48.1900371,11.579261,7.0,TRUE,0,2,0,1900-01-01 00:00:00.000005
7683,2021-03-10T08:22:29.000Z,Tutoring,de,48161,Münster,51.97637,7.5855827,10.0,FALSE,29,12,2,2022-06-19 14:00:00.000000
7679,2021-03-10T04:52:11.000Z,Tutoring,de,48369,Saerbeck,52.15081,7.68302,15.0,FALSE,6,5,1,2021-06-16 13:00:00.000000
7640,2021-03-09T09:59:26.000Z,Chatting,nl,6161EC,Geleen,50.96895725,5.83012019,20.0,TRUE,0,4,0,1900-01-01 00:00:00.000005
7622,2021-03-08T19:43:00.000Z,Active,de,64295,Darmstadt,49.8673474,8.6345437,3.5,TRUE,0,0,0,1900-01-01 00:00:00.000005
7584,2021-03-07T11:45:53.000Z,Chatting,de,97076,Würzburg,49.8141351,9.9825845,15.0,TRUE,0,1,0,1900-01-01 00:00:00.000005
7569,2021-03-06T11:42:59.000Z,Chatting,nl,1068LH,Amsterdam,52.35480383,4.80959743,10.0,TRUE,0,2,0,1900-01-01 00:00:00.000005
7536,2021-03-04T17:07:50.000Z,Tutoring,de,41352,Korschenbroich,51.16851806640625,6.579589366912842,10.0,FALSE,268,35,8,2026-04-29 14:45:00.000000
7521,2021-03-03T19:46:47.000Z,Tutoring,nl,2333DA,Leiden,52.16868361,4.47061633,20.0,FALSE,19,4,5,2021-07-12 14:45:00.000000
7453,2021-03-01T11:43:30.000Z,Chatting,de,53757,Sankt Augustin,50.7788844,7.1811277,7.0,TRUE,0,1,0,1900-01-01 00:00:00.000005
7393,2021-02-26T10:42:46.000Z,Tutoring,de,73491,Neuler,48.928985595703125,10.059429168701172,3.5,FALSE,28,15,2,2022-12-11 09:00:00.000000
7366,2021-02-24T16:35:43.000Z,Tutoring,nl,3042PJ,Rotterdam,51.93194125,4.42714069,20.0,FALSE,12,7,2,2024-02-14 15:00:00.000000
7314,2021-02-22T15:57:19.000Z,Tutoring,nl,3705ZP,Zeist,52.098244,5.221725,10.0,TRUE,97,46,2,2024-05-14 15:00:00.000000
7300,2021-02-22T12:28:26.000Z,Chatting,nl,6709RB,Wageningen,51.96625917,5.64899339,4.0,TRUE,0,1,0,1900-01-01 00:00:00.000005
7284,2021-02-22T08:18:16.000Z,Tutoring,nl,4661NM,Halsteren,51.525394,4.279279,20.0,TRUE,212,109,2,2024-06-30 09:00:00.000000
7279,2021-02-21T20:52:16.000Z,Active,nl,5976NW,Kronenberg,51.41392316,6.00129821,10.0,TRUE,0,0,0,1900-01-01 00:00:00.000005
7270,2021-02-21T15:51:01.000Z,Tutoring,nl,3584LM,Utrecht,52.08559036254883,5.173527240753174,5.0,TRUE,38,23,2,2023-05-20 11:00:00.000000
7267,2021-02-21T13:27:15.000Z,Chatting,nl,3531HP,Utrecht,52.09112432,5.09469042,5.0,TRUE,0,2,0,1900-01-01 00:00:00.000005
7260,2021-02-21T07:42:26.000Z,Tutoring,de,36100,Petersberg,50.5608592,9.6975054,20.0,TRUE,29,18,2,2023-11-21 18:00:00.000000
7248,2021-02-19T17:33:56.000Z,Tutoring,nl,9716AB,Groningen,53.229312896728516,6.560679912567139,3.5,FALSE,260,33,8,2026-03-28 10:00:00.000000
7236,2021-02-19T11:04:50.000Z,Tutoring,de,53225,Bonn,50.733089447021484,7.118973731994629,20.0,FALSE,33,11,3,2023-04-24 17:30:00.000000
7232,2021-02-19T10:05:36.000Z,Tutoring,nl,8016ML,Zwolle,52.4734001159668,6.1097798347473145,20.0,FALSE,905,181,5,2026-03-04 18:30:00.000000
7219,2021-02-18T21:34:35.000Z,Tutoring,de,30419,Hannover,52.39353,9.67877,20.0,TRUE,16,16,1,2024-03-10 15:00:00.000000
7211,2021-02-18T20:50:15.000Z,Tutoring,nl,3055EH,Rotterdam,51.96152663,4.50044243,4.0,FALSE,124,33,4,2022-06-18 11:00:00.000000
7199,2021-02-18T14:45:40.000Z,Chatting,nl,2628TJ,Delft,52.00815844,4.37306516,3.5,TRUE,0,1,0,1900-01-01 00:00:00.000005
7186,2021-02-18T09:46:16.000Z,Chatting,de,60318,Frankfurt am Main,50.12907,8.6895144,10.0,TRUE,0,1,0,1900-01-01 00:00:00.000005
7131,2021-02-17T10:26:39.000Z,Chatting,de,72070,Tübingen,48.5221072,9.05151,5.0,TRUE,0,1,0,1900-01-01 00:00:00.000005
7117,2021-02-17T02:16:50.000Z,Tutoring,de,44227,Dortmund,51.4915194,7.4179679,5.0,FALSE,40,11,4,2023-01-08 17:00:00.000000
7107,2021-02-16T19:50:47.000Z,Chatting,de,60327,Frankfurt am Main,50.1018843,8.6556493,15.0,TRUE,0,1,0,1900-01-01 00:00:00.000005
7095,2021-02-16T14:36:04.000Z,Tutoring,de,13088,Berlin,52.5581169128418,13.466066360473633,5.0,FALSE,1,5,0,2023-10-18 17:00:00.000000
7084,2021-02-16T12:33:27.000Z,Active,de,33613,Bielefeld,52.038189,8.5201502,4.0,TRUE,0,0,0,1900-01-01 00:00:00.000005
7077,2021-02-16T10:33:23.000Z,Chatting,de,59071,Hamm,51.6832937,7.8523186,10.0,TRUE,0,0,0,1900-01-01 00:00:00.000005
7075,2021-02-16T10:11:36.000Z,Active,de,42929,Wermelskirchen,51.0947914,7.1933295,20.0,TRUE,0,0,0,1900-01-01 00:00:00.000005
7055,2021-02-15T20:12:28.000Z,Chatting,nl,6942LL,Didam,51.9369504,6.13856093,15.0,TRUE,0,1,0,1900-01-01 00:00:00.000005
7038,2021-02-15T13:54:58.000Z,Active,de,76698,Ubstadt-Weiher,49.18323,8.62004,3.5,TRUE,0,0,0,1900-01-01 00:00:00.000005
6999,2021-02-14T13:52:53.000Z,Tutoring,de,80339,München,48.1359899,11.5435427,5.0,FALSE,16,6,3,2022-07-03 15:30:00.000000
6988,2021-02-14T10:50:50.000Z,Active,de,72160,Horb am Neckar,48.4540095,8.6875837,3.5,TRUE,0,0,0,1900-01-01 00:00:00.000005
6987,2021-02-14T10:33:22.000Z,Tutoring,nl,1054CW,Amsterdam,52.36182442,4.87372381,4.0,FALSE,12,3,4,2025-02-05 14:30:00.000000
6973,2021-02-13T12:02:06.000Z,Tutoring,de,52070,Aachen,50.7723486,6.096065,5.0,TRUE,2,7,0,2021-12-07 16:45:00.000000
6939,2021-02-11T15:29:45.000Z,Chatting,de,60323,Frankfurt am Main,50.1221224,8.6648078,3.5,TRUE,0,2,0,1900-01-01 00:00:00.000005
6938,2021-02-11T15:14:57.000Z,Chatting,de,90491,Nürnberg,49.4598182,11.1064338,20.0,TRUE,0,3,0,1900-01-01 00:00:00.000005
6903,2021-02-10T19:34:02.000Z,Tutoring,de,76137,Karlsruhe,48.99936,8.39104,10.0,FALSE,37,11,3,2024-09-21 09:00:00.000000
6876,2021-02-10T10:24:25.000Z,Tutoring,nl,6702CN,Wageningen,51.96249818,5.65062287,3.5,TRUE,20,12,2,2024-03-26 18:00:00.000000
6843,2021-02-09T14:45:09.000Z,Chatting,de,60598,Frankfurt am Main,50.0895497,8.6721189,5.0,TRUE,0,3,0,1900-01-01 00:00:00.000005
6816,2021-02-08T18:19:14.000Z,Tutoring,de,70197,Stuttgart,48.7712976,9.1388754,5.0,FALSE,12,5,2,2023-03-21 16:30:00.000000
6808,2021-02-08T15:56:56.000Z,Chatting,de,64295,Darmstadt,49.866534,8.6227195,10.0,TRUE,0,1,0,1900-01-01 00:00:00.000005
6807,2021-02-08T15:19:04.000Z,Active,de,60487,Frankfurt am Main,50.1305476,8.6452596,20.0,TRUE,0,0,0,1900-01-01 00:00:00.000005
6756,2021-02-07T17:26:08.000Z,Tutoring,de,55122,Mainz,50.006072998046875,8.251388549804688,10.0,FALSE,5,4,1,2022-06-14 13:00:00.000000
6750,2021-02-07T15:39:16.000Z,Chatting,de,70771,Leinfelden-Echterdingen,48.70254,9.13229,3.5,TRUE,0,3,0,1900-01-01 00:00:00.000005
6691,2021-02-04T15:31:51.000Z,Tutoring,nl,3953MN,Maarsbergen,52.06705728,5.43314484,20.0,FALSE,1,2,1,2021-05-22 10:00:00.000000
6620,2021-02-02T13:42:20.000Z,Active,de,47051,Duisburg,51.4287703,6.7635954,15.0,TRUE,0,0,0,1900-01-01 00:00:00.000005
6581,2021-02-01T15:55:12.000Z,Tutoring,nl,1033SC,Amsterdam,52.40454876,4.88828469,6.0,FALSE,14,2,7,2021-06-17 12:00:00.000000
6499,2021-01-31T15:38:43.000Z,Tutoring,de,72072,Tübingen,48.5158805847168,9.064117431640625,15.0,FALSE,74,10,7,2026-03-17 18:00:00.000000
6438,2021-01-29T11:08:33.000Z,Tutoring,nl,6222 NG,Maastricht,50.8690071105957,5.712247371673584,7.0,TRUE,12,36,0,2024-02-27 16:15:00.000000
6436,2021-01-29T10:28:24.000Z,Chatting,de,85072,Eichstätt,48.8915241,11.19234,20.0,TRUE,0,1,0,1900-01-01 00:00:00.000005
6393,2021-01-28T09:20:14.000Z,Chatting,de,68167,Mannheim,49.4942291,8.4770992,8.0,TRUE,0,1,0,1900-01-01 00:00:00.000005
6375,2021-01-27T14:35:33.000Z,Tutoring,de,60316,Frankfurt am Main,50.1186,8.69693,3.5,FALSE,65,17,4,2026-04-27 14:30:00.000000
6357,2021-01-27T07:59:40.000Z,Chatting,nl,2264sk,Leidschendam,52.08871284,4.3979307,5.0,TRUE,0,2,0,1900-01-01 00:00:00.000005
6341,2021-01-26T11:47:11.000Z,Tutoring,nl,6102GJ,Echt,51.10519395,5.89828853,12.0,FALSE,51,19,3,2022-07-05 17:00:00.000000
6314,2021-01-25T12:35:36.000Z,Tutoring,nl,4844PJ,Terheijden,51.64728927612305,4.755484104156494,20.0,FALSE,735,184,4,2026-04-08 14:00:00.000000
6301,2021-01-25T09:14:44.000Z,Active,de,89081,Ulm,48.39841,9.950285,5.0,TRUE,0,0,0,1900-01-01 00:00:00.000005
6284,2021-01-24T18:31:47.000Z,Chatting,nl,5011BS,Tilburg,51.579735,5.09048374,20.0,TRUE,0,2,0,1900-01-01 00:00:00.000005
6282,2021-01-24T18:00:14.000Z,Chatting,nl,2906XJ,Capelle aan den IJssel,51.9309486,4.56616559,10.0,TRUE,0,2,0,1900-01-01 00:00:00.000005
6278,2021-01-24T14:18:32.000Z,Tutoring,nl,5017AN,Tilburg,51.552742,5.096018,10.0,TRUE,9,6,2,2022-12-20 16:15:00.000000
6275,2021-01-24T12:21:04.000Z,Chatting,de,70563,Stuttgart,48.7232292,9.1073814,10.0,TRUE,0,7,0,1900-01-01 00:00:00.000005
6240,2021-01-22T07:37:31.000Z,Tutoring,nl,1015DJ,Amsterdam,52.37591008,4.88515879,20.0,FALSE,88,22,4,2024-06-11 17:00:00.000000
6228,2021-01-21T18:53:48.000Z,Tutoring,nl,1328TA,Almere,52.37294862,5.27153717,15.0,FALSE,17,2,9,2022-05-23 14:00:00.000000
6215,2021-01-21T14:15:05.000Z,Tutoring,nl,2563AN,'s-Gravenhage,52.07806,4.274712,3.5,FALSE,180,29,6,2024-06-29 10:00:00.000000
6211,2021-01-21T13:42:57.000Z,Tutoring,de,76275,Ettlingen,48.9423449,8.3968316,10.0,FALSE,4,6,1,2022-03-22 13:30:00.000000
6130,2021-01-19T14:46:31.000Z,Chatting,nl,7545ZB,Enschede,52.21751758,6.86027343,5.0,TRUE,0,4,0,1900-01-01 00:00:00.000005
6128,2021-01-19T14:16:38.000Z,Chatting,de,88250,Weingarten,47.809185,9.6416187,20.0,TRUE,0,1,0,1900-01-01 00:00:00.000005
6111,2021-01-19T12:14:11.000Z,Chatting,nl,2641HH,Pijnacker,52.01776997,4.43469951,15.0,TRUE,0,3,0,1900-01-01 00:00:00.000005
6108,2021-01-19T11:37:06.000Z,Chatting,de,60489,Frankfurt am Main,50.1251213,8.6024566,5.0,TRUE,0,1,0,1900-01-01 00:00:00.000005
6081,2021-01-18T20:56:07.000Z,Tutoring,de,72644,Oberboihingen,48.646046,9.366708,15.0,FALSE,12,2,6,2021-06-17 13:00:00.000000
6016,2021-01-17T09:38:39.000Z,Chatting,de,76139,Karlsruhe,49.0297476,8.4613212,5.0,TRUE,0,2,0,1900-01-01 00:00:00.000005
5991,2021-01-15T17:40:01.000Z,Tutoring,nl,1093DM,Amsterdam,52.365074157714844,4.9280571937561035,10.0,TRUE,14,17,1,2025-01-22 15:00:00.000000
5988,2021-01-15T15:11:40.000Z,Tutoring,nl,3765GB,Soest,52.168602,5.2972546,15.0,FALSE,19,6,3,2021-06-28 14:45:00.000000
5956,2021-01-14T12:12:09.000Z,Tutoring,nl,1058XZ,Amsterdam,52.36321958,4.85635081,20.0,FALSE,5,4,1,2021-03-15 14:30:00.000000
5944,2021-01-13T19:46:48.000Z,Tutoring,nl,2914SE,Nieuwerkerk aan den IJssel,51.97056418,4.60874255,5.0,FALSE,44,9,5,2023-02-02 18:30:00.000000
5884,2021-01-12T11:41:41.000Z,Tutoring,nl,3991EZ,Houten,52.01192702,5.17042395,3.5,TRUE,42,24,2,2024-11-30 18:00:00.000000
5876,2021-01-12T09:42:24.000Z,Chatting,nl,5223DE,'s-Hertogenbosch,51.69039,5.287307,5.0,TRUE,0,3,0,1900-01-01 00:00:00.000005
5801,2021-01-10T13:01:17.000Z,Chatting,de,60318,Frankfurt am Main,50.1205272,8.6833031,15.0,TRUE,0,1,0,1900-01-01 00:00:00.000005
5785,2021-01-09T14:35:01.000Z,Active,nl,2513AA,'s-Gravenhage,52.07911,4.3122797,3.5,TRUE,0,0,0,1900-01-01 00:00:00.000005
5777,2021-01-08T19:38:13.000Z,Tutoring,de,60594,Frankfurt am Main,50.10566711425781,8.6945161819458,3.5,TRUE,130,63,2,2025-11-09 12:00:00.000000
5775,2021-01-08T18:31:07.000Z,Chatting,de,76139,Karlsruhe,49.0345313,8.4348108,3.5,TRUE,0,1,0,1900-01-01 00:00:00.000005
5773,2021-01-08T14:56:19.000Z,Tutoring,nl,3061RN,Rotterdam,51.92536016,4.5011449,5.0,FALSE,27,4,7,2021-06-17 08:00:00.000000
5766,2021-01-08T01:01:07.000Z,Chatting,de,70190,Stuttgart,48.7877121,9.1919769,20.0,TRUE,0,1,0,1900-01-01 00:00:00.000005
5753,2021-01-07T17:02:50.000Z,Tutoring,nl,1213SV,Hilversum,52.20438796,5.17983558,5.0,FALSE,10,2,5,2021-06-24 17:00:00.000000
5708,2021-01-05T12:46:11.000Z,Tutoring,nl,2101HR,Heemstede,52.35114855,4.61606314,5.0,FALSE,77,5,15,2022-11-28 18:30:00.000000
5671,2021-01-03T15:25:26.000Z,Tutoring,nl,2935SP,Ouderkerk aan den IJssel,51.93357395,4.63182035,6.5,FALSE,16,7,2,2021-06-25 12:30:00.000000
5655,2021-01-01T17:45:19.000Z,Tutoring,nl,2311CG,Leiden,52.16001510620117,4.486131191253662,5.0,FALSE,290,88,3,2026-03-09 18:00:00.000000
5604,2020-12-26T08:02:20.000Z,Chatting,nl,5021JD,Tilburg,51.54964069,5.08829742,20.0,TRUE,0,1,0,1900-01-01 00:00:00.000005
5592,2020-12-23T20:07:56.000Z,Tutoring,nl,6525KC,Nijmegen,51.82143020629883,5.867887020111084,3.5,FALSE,380,77,5,2026-03-07 15:30:00.000000
5541,2020-12-17T16:18:18.000Z,Chatting,nl,9712TW,Groningen,53.22375274,6.55898275,10.0,TRUE,0,1,0,1900-01-01 00:00:00.000005
5510,2020-12-16T08:19:57.000Z,Tutoring,nl,3543JL,Utrecht,52.10677719116211,5.0365142822265625,3.5,FALSE,220,82,3,2026-03-30 14:00:00.000000
5458,2020-12-11T09:55:02.000Z,Tutoring,nl,2273DS,Voorburg,52.07916927,4.36792694,20.0,FALSE,23,6,4,2021-10-18 17:00:00.000000
5422,2020-12-09T09:02:35.000Z,Tutoring,nl,7824BE,Emmen,52.784027,6.9190445,20.0,FALSE,15,5,3,2022-07-13 10:00:00.000000
5413,2020-12-08T18:25:41.000Z,Tutoring,nl,2628TG,Delft,52.0084342956543,4.37425422668457,5.0,FALSE,106,15,7,2024-03-02 08:30:00.000000
5310,2020-12-02T21:46:13.000Z,Tutoring,nl,3435AP,Nieuwegein,52.02493667602539,5.071572780609131,20.0,FALSE,535,83,6,2026-03-06 18:00:00.000000
5226,2020-11-28T18:26:17.000Z,Active,nl,1852CP,Heiloo,52.60526607,4.69536984,4.0,TRUE,0,0,0,1900-01-01 00:00:00.000005
5222,2020-11-28T14:21:00.000Z,Tutoring,nl,7522NC,Enschede,52.2459831237793,6.846251487731934,3.5,FALSE,103,38,3,2025-07-03 08:00:00.000000
5211,2020-11-27T18:26:13.000Z,Chatting,nl,3111AC,Schiedam,51.90915347,4.40597172,5.0,TRUE,0,2,0,1900-01-01 00:00:00.000005
5083,2020-11-22T11:07:39.000Z,Tutoring,nl,2105WD,Heemstede,52.341778,4.600363,6.0,FALSE,3,1,3,2022-01-23 14:30:00.000000
5082,2020-11-22T10:56:30.000Z,Tutoring,nl,5345RA,Oss,51.77768679,5.50493998,15.0,FALSE,1,3,0,2021-05-26 17:00:00.000000
5052,2020-11-20T10:59:43.000Z,Tutoring,nl,9001DD,Grou,53.09647019,5.83776876,3.5,FALSE,26,9,3,2022-03-08 13:05:00.000000
5035,2020-11-19T09:03:39.000Z,Tutoring,nl,2593AA,'s-Gravenhage,52.0835479,4.33133253,15.0,FALSE,6,4,2,2021-02-03 17:00:00.000000
5030,2020-11-18T20:16:01.000Z,Tutoring,nl,6713TK,Ede,52.04289906,5.66567931,5.0,FALSE,298,14,21,2024-06-28 15:00:00.000000
4937,2020-11-13T10:35:35.000Z,Tutoring,nl,1216EE,Hilversum,52.2177619934082,5.149639129638672,20.0,TRUE,335,159,2,2025-06-22 09:00:00.000000
4936,2020-11-13T10:18:16.000Z,Tutoring,nl,3551AV,Utrecht,52.10050329,5.10355057,12.0,FALSE,70,10,7,2021-06-08 14:30:00.000000
4895,2020-11-11T14:34:34.000Z,Tutoring,nl,1073RW,Amsterdam,52.35204388,4.90148609,6.0,FALSE,24,8,3,2021-03-17 15:00:00.000000
4772,2020-11-04T10:26:11.000Z,Chatting,nl,2315SH,Leiden,52.15755329,4.50544556,6.0,TRUE,0,1,0,1900-01-01 00:00:00.000005
4742,2020-11-02T20:17:22.000Z,Tutoring,nl,2641TP,Pijnacker,52.02519601,4.43086623,5.0,FALSE,35,8,4,2024-03-22 09:00:00.000000
4694,2020-10-30T11:19:47.000Z,Tutoring,nl,2555XG,'s-Gravenhage,52.06267945,4.25398032,20.0,FALSE,1,1,1,2021-03-15 14:30:00.000000
4592,2020-10-20T12:55:43.000Z,Chatting,nl,1761JC,Anna Paulowna,52.84321758,4.82620975,20.0,TRUE,0,1,0,1900-01-01 00:00:00.000005
4511,2020-10-11T09:35:30.000Z,Tutoring,nl,1056JD,Amsterdam,52.37139129638672,4.863183975219727,3.5,FALSE,83,23,4,2023-11-01 07:00:00.000000
4507,2020-10-11T06:01:26.000Z,Chatting,nl,6535NL,Nijmegen,51.80138834,5.82681614,3.5,TRUE,0,1,0,1900-01-01 00:00:00.000005
4487,2020-10-07T13:55:32.000Z,Tutoring,nl,1433WN,Kudelstaart,52.2404228,4.75362239,3.5,TRUE,27,16,2,2024-04-04 17:00:00.000000
4485,2020-10-07T12:46:47.000Z,Active,nl,6461JH,Kerkrade,50.86337649,6.07432609,10.0,TRUE,0,0,0,1900-01-01 00:00:00.000005
4423,2020-10-02T12:44:45.000Z,Chatting,nl,3764CR,Soest,52.17352541,5.31289884,7.5,TRUE,0,3,0,1900-01-01 00:00:00.000005
4420,2020-10-02T09:26:02.000Z,Active,nl,6027PT,Soerendonk,51.30622741,5.57770208,20.0,TRUE,0,0,0,1900-01-01 00:00:00.000005
4406,2020-10-01T07:56:57.000Z,Tutoring,nl,1033SC,Amsterdam,52.40454466,4.88829442,8.0,FALSE,1,2,1,2020-11-06 15:15:00.000000
4335,2020-09-25T13:14:51.000Z,Tutoring,nl,2561DZ,'s-Gravenhage,52.07463073730469,4.273507595062256,10.0,FALSE,114,20,6,2023-02-16 15:00:00.000000
4294,2020-09-23T07:40:49.000Z,Tutoring,nl,3563WK,Utrecht,52.11650384,5.10622125,10.0,FALSE,29,4,7,2021-06-21 14:30:00.000000
4280,2020-09-22T06:37:43.000Z,Tutoring,nl,4715EE,Rucphen,51.52892182,4.5607686,10.0,TRUE,7,3,2,2021-06-27 14:30:00.000000
4270,2020-09-21T13:41:23.000Z,Tutoring,nl,3068CS,Rotterdam,51.95483527,4.54668314,5.0,TRUE,1,2,1,2020-11-06 15:45:00.000000
4244,2020-09-18T06:15:06.000Z,Tutoring,nl,7325PP,Apeldoorn,52.21159101,6.01201761,15.0,FALSE,106,22,5,2023-02-26 15:00:00.000000
4164,2020-09-10T14:00:46.000Z,Tutoring,nl,3437KC,Nieuwegein,52.05039219,5.08057438,3.5,FALSE,104,23,5,2023-12-02 14:00:00.000000
4160,2020-09-10T09:56:35.000Z,Tutoring,nl,6301JD,Valkenburg,50.87247848510742,5.795726776123047,20.0,FALSE,109,39,3,2026-03-12 16:00:00.000000
4143,2020-09-09T18:26:32.000Z,Tutoring,nl,5467MA,Veghel,51.62550735473633,5.562784194946289,20.0,FALSE,424,122,3,2026-06-22 17:00:00.000000
4109,2020-09-09T08:02:58.000Z,Tutoring,nl,3312GC,Dordrecht,51.80644989013672,4.6876630783081055,15.0,TRUE,78,41,2,2023-11-12 10:00:00.000000
4030,2020-09-02T13:42:23.000Z,Tutoring,nl,2553EV,'s-Gravenhage,52.04205,4.2260294,6.0,TRUE,94,86,1,2024-03-21 14:30:00.000000
3998,2020-09-01T10:52:10.000Z,Chatting,nl,2924AX,Krimpen aan den IJssel,51.9254428,4.60074723,10.0,TRUE,0,1,0,1900-01-01 00:00:00.000005
3976,2020-08-29T12:04:00.000Z,Tutoring,nl,2729AW,Zoetermeer,52.06397253,4.53150613,5.0,FALSE,82,6,14,2023-03-11 12:00:00.000000
3945,2020-08-25T12:24:43.000Z,Chatting,nl,5612EL,Eindhoven,51.45144054,5.47457512,8.0,TRUE,0,1,0,1900-01-01 00:00:00.000005
3919,2020-08-21T16:30:50.000Z,Tutoring,nl,1106WP,Amsterdam,52.29682297,4.99066116,5.0,TRUE,1,4,0,2020-09-21 13:30:00.000000
3856,2020-08-07T12:58:59.000Z,Chatting,nl,3436CM,Nieuwegein,52.03840708,5.07568828,20.0,TRUE,0,1,0,1900-01-01 00:00:00.000005
3833,2020-07-30T19:04:26.000Z,Tutoring,nl,9741HA,Groningen,53.233734,6.557871,11.0,FALSE,130,29,4,2024-05-20 08:00:00.000000
3832,2020-07-30T15:25:12.000Z,Chatting,nl,1611LV,Bovenkarspel,52.70230604,5.24948607,20.0,TRUE,0,2,0,1900-01-01 00:00:00.000005
3823,2020-07-28T09:24:33.000Z,Chatting,nl,1097VC,Amsterdam,52.34231348,4.94835975,7.0,TRUE,0,4,0,1900-01-01 00:00:00.000005
3812,2020-07-23T21:51:54.000Z,Tutoring,nl,7514DV,Wageningen,52.22693634033203,6.900656700134277,5.0,TRUE,7,10,1,2024-06-16 15:30:00.000000
3810,2020-07-23T12:30:35.000Z,Tutoring,nl,1443BS,Purmerend,52.50908660888672,4.964909553527832,20.0,TRUE,5,15,0,2021-03-05 15:45:00.000000
3780,2020-07-19T16:10:04.000Z,Tutoring,nl,2153AX,Nieuw-Vennep,52.26183067,4.64313123,10.0,FALSE,33,8,4,2021-02-22 09:00:00.000000
3736,2020-07-10T09:40:42.000Z,Tutoring,nl,4814 JX,Breda,51.58772277832031,4.75371789932251,5.0,FALSE,391,94,4,2025-03-16 11:00:00.000000
3699,2020-07-05T09:25:24.000Z,Introducing,nl,6343DL,Klimmen,50.88179397583008,5.872997760772705,5.0,TRUE,0,8,0,1900-01-01 00:00:00.000005
3686,2020-07-02T23:30:04.000Z,Tutoring,nl,3067NP,Rotterdam,51.93823675,4.53846014,15.0,TRUE,66,30,2,2025-02-14 15:00:00.000000
3684,2020-07-02T14:04:38.000Z,Tutoring,nl,1091GV,Amsterdam,52.35595703125,4.90860652923584,5.0,TRUE,16,18,1,2024-11-03 14:00:00.000000
3652,2020-07-01T06:56:35.000Z,Tutoring,nl,1817HK,Alkmaar,52.640689849853516,4.735437393188477,20.0,FALSE,682,48,14,2025-12-22 15:00:00.000000
3648,2020-06-30T14:35:52.000Z,Tutoring,nl,5301SP,Zaltbommel,51.80459437,5.24463795,10.0,FALSE,34,7,5,2022-06-18 10:30:00.000000
3642,2020-06-29T15:27:54.000Z,Tutoring,nl,9737SC,Groningen,53.24742126464844,6.591254711151123,5.0,FALSE,193,43,4,2025-10-27 16:30:00.000000
3626,2020-06-24T09:07:53.000Z,Tutoring,nl,7431BL,Diepenveen,52.29122281,6.15289862,7.0,FALSE,22,3,7,2021-05-09 12:00:00.000000
3606,2020-06-23T18:02:55.000Z,Tutoring,nl,2925AH,Krimpen aan den IJssel,51.917915,4.613361,6.0,FALSE,107,20,5,2024-05-30 11:00:00.000000
3521,2020-06-16T14:55:15.000Z,Chatting,nl,5042ZE,Tilburg,51.57429621,5.04735945,5.0,TRUE,0,3,0,1900-01-01 00:00:00.000005
3497,2020-06-13T12:01:33.000Z,Tutoring,nl,1000aa,Amsterdam,53.39214976,6.55245149,20.0,FALSE,43,10,4,2021-04-01 12:00:00.000000
3400,2020-06-05T00:00:00.000Z,Chatting,nl,1921VD,Akersloot,52.55504476,4.72669081,15.0,TRUE,0,1,0,1900-01-01 00:00:00.000005
3393,2020-06-04T12:56:08.000Z,Tutoring,nl,2623BB,Delft,51.986282,4.3562737,6.0,FALSE,117,13,9,2024-06-11 13:00:00.000000
3344,2020-05-29T21:09:30.000Z,Chatting,nl,5611bn,Eindhoven,51.44081737,5.47263564,10.0,TRUE,0,2,0,1900-01-01 00:00:00.000005
3312,2020-05-25T10:38:02.000Z,Tutoring,nl,5044GM,Tilburg,51.57600784301758,5.033836841583252,12.0,FALSE,908,121,8,2026-03-03 15:30:00.000000
3301,2020-05-22T17:06:15.000Z,Tutoring,nl,2312DB,Delft,52.16144561767578,4.485866546630859,10.0,FALSE,701,71,10,2026-05-09 09:00:00.000000
3278,2020-05-19T00:38:49.000Z,Tutoring,nl,4533JR,Terneuzen,51.322303771972656,3.8700060844421387,5.0,TRUE,8,9,1,2024-04-26 14:00:00.000000
3266,2020-05-16T20:50:42.000Z,Tutoring,nl,2312AE,Leiden,52.16118240356445,4.478888034820557,10.0,FALSE,40,16,3,2024-01-15 14:00:00.000000
3262,2020-05-15T13:04:56.000Z,Tutoring,nl,3034ZL,Rotterdam,51.933502,4.5010524,10.0,FALSE,84,13,6,2022-09-05 07:00:00.000000
3255,2020-05-14T10:48:22.000Z,Chatting,nl,5391CL,Nuland,51.72433931,5.43997343,10.0,TRUE,0,2,0,1900-01-01 00:00:00.000005
3200,2020-05-04T12:23:50.000Z,Chatting,nl,5428LJ,Venhorst,51.61010665,5.73584481,20.0,TRUE,0,1,0,1900-01-01 00:00:00.000005
3194,2020-05-03T12:27:36.000Z,Tutoring,nl,1261LN,Blaricum,52.28637272,5.26458575,17.0,FALSE,24,8,3,2021-02-13 15:00:00.000000
3192,2020-05-03T10:36:36.000Z,Tutoring,nl,5623AX,Eindhoven,51.455204,5.47625,15.0,FALSE,123,22,6,2024-01-14 08:00:00.000000
3185,2020-05-01T12:09:10.000Z,Tutoring,nl,1097VC,Amsterdam,52.34231348,4.94835975,12.0,FALSE,9,4,2,2020-09-04 13:15:00.000000
3181,2020-04-30T16:14:47.000Z,Tutoring,nl,4761XS,Zevenbergen,51.641987,4.5859254,5.0,FALSE,61,15,4,2021-05-25 17:00:00.000000
3178,2020-04-30T08:53:34.000Z,Tutoring,nl,8442JP,Heerenveen,52.954338,5.935905,15.0,FALSE,126,24,5,2024-03-14 14:30:00.000000
3174,2020-04-29T12:46:59.000Z,Active,nl,2313AL,Leiden,52.15248958,4.48972612,3.5,TRUE,0,0,0,1900-01-01 00:00:00.000005
3155,2020-04-25T12:17:21.000Z,Tutoring,nl,6543 sx,Nijmegen,51.83654022216797,5.83370304107666,15.0,FALSE,432,98,4,2026-03-05 18:00:00.000000
3151,2020-04-24T10:54:41.000Z,Tutoring,nl,2313VB,Leiden,52.14864364,4.49438733,10.0,FALSE,3,3,1,2020-06-28 14:00:00.000000
3148,2020-04-23T18:10:24.000Z,Chatting,nl,3025XE,Rotterdam,51.90841583,4.4435834,10.0,TRUE,0,4,0,1900-01-01 00:00:00.000005
3132,2020-04-21T14:52:07.000Z,Tutoring,nl,5042ZG,Tilburg,51.573791,5.04734057,20.0,FALSE,59,7,8,2021-05-04 17:00:00.000000
3116,2020-04-19T19:24:10.000Z,Chatting,nl,1103AS,Amsterdam,52.32434797,4.96342566,6.0,TRUE,0,1,0,1900-01-01 00:00:00.000005
3110,2020-04-19T08:04:53.000Z,Chatting,nl,2312DR,Leiden,52.16042761,4.49555511,12.0,TRUE,0,2,0,1900-01-01 00:00:00.000005
3100,2020-04-17T12:24:31.000Z,Chatting,nl,6512DD,Nijmegen,51.83924854,5.85771506,5.0,TRUE,0,1,0,1900-01-01 00:00:00.000005
3097,2020-04-17T10:57:27.000Z,Tutoring,nl,2321KK,Leiden,52.1437122,4.49217,3.5,TRUE,44,20,2,2024-06-05 17:30:00.000000
3017,2020-04-10T10:43:33.000Z,Tutoring,nl,6522MC,Nijmegen,51.84147447,5.87978915,20.0,FALSE,34,4,9,2021-06-17 14:00:00.000000
3016,2020-04-10T10:25:31.000Z,Chatting,nl,3723EC,Bilthoven,52.14138069,5.20137107,3.5,TRUE,0,3,0,1900-01-01 00:00:00.000005
2970,2020-04-09T10:57:28.000Z,Introducing,nl,2408LS,Alphen aan den Rijn,52.11929631,4.63770487,20.0,TRUE,0,8,0,1900-01-01 00:00:00.000005
2969,2020-04-08T19:18:55.000Z,Tutoring,nl,1602JB,Enkhuizen,52.7105986,5.26548731,3.5,FALSE,80,11,7,2022-09-04 12:00:00.000000
2958,2020-04-07T10:55:07.000Z,Tutoring,nl,2742 AW,Waddinxveen,52.04746753,4.64259015,10.0,FALSE,1,4,0,2020-11-12 16:00:00.000000
2947,2020-04-06T13:49:03.000Z,Chatting,nl,7881NC,Emmer-Compascuum,52.80601246,6.980223,20.0,TRUE,0,2,0,1900-01-01 00:00:00.000005
2915,2020-04-04T09:47:28.000Z,Chatting,nl,2511dh,'s-Gravenhage,52.07922938,4.32056966,3.5,TRUE,0,1,0,1900-01-01 00:00:00.000005
2874,2020-04-01T14:44:12.000Z,Chatting,nl,6651CX,Druten,51.88918071,5.59945097,4.0,TRUE,0,1,0,1900-01-01 00:00:00.000005
2872,2020-04-01T11:11:22.000Z,Chatting,nl,6523NJ,Nijmegen,51.82958711,5.89284661,5.0,TRUE,0,1,0,1900-01-01 00:00:00.000005
2858,2020-04-01T10:24:41.000Z,Tutoring,nl,2317JK,Leiden,52.18127,4.51011613,7.5,FALSE,45,6,8,2021-05-10 17:45:00.000000
2830,2020-03-28T16:56:19.000Z,Active,nl,2202SR,Noordwijk,52.24816427,4.43947148,5.0,TRUE,0,0,0,1900-01-01 00:00:00.000005
2792,2020-03-25T21:32:51.000Z,Tutoring,nl,3994AG,Houten,52.02635308,5.17841421,20.0,FALSE,28,7,4,2021-12-21 09:00:00.000000
2770,2020-03-24T12:49:56.000Z,Chatting,nl,3078ZB,Rotterdam,51.89370595,4.53555596,20.0,TRUE,0,1,0,1900-01-01 00:00:00.000005
2759,2020-03-23T20:29:07.000Z,Tutoring,nl,3584EG,Utrecht,52.08306,5.149654,20.0,FALSE,42,14,3,2021-09-27 19:15:00.000000
2758,2020-03-23T20:25:58.000Z,Tutoring,nl,3522ED,Utrecht,52.067359924316406,5.1143388748168945,4.0,FALSE,259,37,7,2025-06-30 14:00:00.000000
2690,2020-03-22T13:23:52.000Z,Tutoring,nl,3481 TZ,Harmelen,52.09387648,4.95573399,10.0,FALSE,9,2,5,2021-01-16 13:00:00.000000
2682,2020-03-21T15:08:49.000Z,Tutoring,nl,4834XC,Breda,51.56915283203125,4.795886516571045,20.0,FALSE,241,73,3,2023-06-04 17:00:00.000000
2656,2020-03-19T17:10:00.000Z,Chatting,nl,9713KC,Groningen,53.22966819,6.57715276,20.0,TRUE,0,1,0,1900-01-01 00:00:00.000005
2646,2020-03-18T18:18:08.000Z,Tutoring,nl,3705ZP,Zeist,52.098243713378906,5.221724987030029,16.0,FALSE,2610,447,6,2026-02-27 15:30:00.000000
2602,2020-03-17T12:23:20.000Z,Chatting,nl,1058 ES,Amsterdam,52.36370051,4.84349873,5.0,TRUE,0,2,0,1900-01-01 00:00:00.000005
2573,2020-03-16T09:59:02.000Z,Tutoring,nl,5476KK,Vorstenbosch,51.65225601196289,5.550643444061279,5.0,FALSE,17,10,2,2023-03-30 14:00:00.000000
2569,2020-03-16T08:05:21.000Z,Tutoring,nl,1181 BT,Amstelveen,52.31529827,4.85608246,20.0,FALSE,23,8,3,2021-07-01 14:30:00.000000
2564,2020-03-15T12:43:44.000Z,Tutoring,nl,1016NC,Amsterdam,52.37374619,4.88143866,3.5,FALSE,1,2,1,2020-11-15 12:00:00.000000
2549,2020-03-14T13:42:37.000Z,Tutoring,nl,5916RD,Venlo,51.39165544,6.1988275,20.0,FALSE,2,4,1,2021-06-18 17:15:00.000000
2544,2020-03-13T21:46:17.000Z,Tutoring,nl,6542NS,Nijmegen,51.84054183959961,5.842626571655273,3.5,FALSE,106,40,3,2024-12-28 08:00:00.000000
2523,2020-03-13T14:28:56.000Z,Active,nl,3137PJ,Vlaardingen,51.93572161,4.34186644,5.0,TRUE,0,0,0,1900-01-01 00:00:00.000005
2516,2020-03-13T09:22:50.000Z,Active,nl,5654 ND,Eindhoven,51.42227011,5.45862816,5.0,TRUE,0,0,0,1900-01-01 00:00:00.000005
2513,2020-03-12T18:49:50.000Z,Chatting,nl,6826LA,Arnhem,51.98432449,5.95085753,20.0,TRUE,0,1,0,1900-01-01 00:00:00.000005
2465,2020-03-10T20:14:55.000Z,Tutoring,nl,3042SK,Rotterdam,51.9374885559082,4.435943603515625,3.5,FALSE,159,43,4,2024-01-12 19:00:00.000000
2452,2020-03-10T11:02:35.000Z,Chatting,nl,2571TK,'s-Gravenhage,52.06968553,4.28956755,15.0,TRUE,0,2,0,1900-01-01 00:00:00.000005
2443,2020-03-09T21:03:34.000Z,Chatting,nl,1064eg,Amsterdam,52.37308397,4.82811169,5.0,TRUE,0,1,0,1900-01-01 00:00:00.000005
2427,2020-03-09T16:02:57.000Z,Tutoring,nl,4906kb,Oosterhout,51.64668852,4.83111663,20.0,FALSE,1,3,0,2020-06-09 09:00:00.000000
2421,2020-03-09T13:58:21.000Z,Tutoring,nl,5855EB,Well L,51.563274,6.088491,20.0,FALSE,81,20,4,2023-04-16 06:00:00.000000
2416,2020-03-09T11:52:41.000Z,Tutoring,nl,2623MH,Delft,51.983635,4.3585978,6.0,FALSE,341,61,6,2023-06-19 08:00:00.000000
2405,2020-03-08T15:47:38.000Z,Tutoring,nl,6211ET,Maastricht,50.84942,5.6939163,20.0,FALSE,85,15,6,2023-06-27 13:00:00.000000
2360,2020-03-06T09:26:10.000Z,Tutoring,nl,6533VN,Nijmegen,51.81871807,5.84945887,8.0,FALSE,18,7,3,2022-05-11 16:30:00.000000
2352,2020-03-05T20:19:31.000Z,Tutoring,nl,5652 JV,Eindhoven,51.43884165,5.4346964,12.0,FALSE,1,2,1,2020-05-16 10:00:00.000000
2338,2020-03-05T16:36:16.000Z,Tutoring,nl,5688TR,Oirschot,51.50828165,5.31609658,20.0,FALSE,25,2,13,2021-07-07 17:00:00.000000
2334,2020-03-05T15:28:40.000Z,Tutoring,nl,5654CZ,Eindhoven,51.42217132,5.46618959,10.0,TRUE,5,12,0,2025-02-08 13:00:00.000000
2279,2020-03-04T09:27:39.000Z,Chatting,nl,5625 EH,Eindhoven,33.719361,73.074144,10.0,TRUE,0,1,0,1900-01-01 00:00:00.000005
2232,2020-03-02T16:28:03.000Z,Chatting,nl,2624WK,Delft,51.99111953,4.35854811,4.0,TRUE,0,1,0,1900-01-01 00:00:00.000005
2227,2020-03-02T14:05:16.000Z,Tutoring,nl,3069PZ,Rotterdam,51.96911881,4.57492128,10.0,FALSE,1,4,0,2020-07-07 13:15:00.000000
2188,2020-02-29T16:01:05.000Z,Chatting,nl,2231DH,Rijnsburg,52.18636947,4.44286169,3.5,TRUE,0,1,0,1900-01-01 00:00:00.000005
2150,2020-02-27T11:56:07.000Z,Tutoring,nl,3512HJ,Utrecht,52.0920164,5.12567984,20.0,FALSE,37,12,3,2021-04-07 16:00:00.000000
2119,2020-02-24T22:22:43.000Z,Chatting,nl,1053 bm,Amsterdam,33.719361,73.074144,8.5,TRUE,0,1,0,1900-01-01 00:00:00.000005
2100,2020-02-23T21:10:31.000Z,Chatting,nl,3438 BT,Nieuwegein,52.03920608,5.09442411,20.0,TRUE,0,1,0,1900-01-01 00:00:00.000005
2077,2020-02-21T17:58:40.000Z,Chatting,nl,5021 LM,Tilburg,51.5462968,5.09032334,6.0,TRUE,0,1,0,1900-01-01 00:00:00.000005
2024,2020-02-18T14:47:18.000Z,Active,nl,5621 GR,Eindhoven,51.45486922,5.45726855,15.0,TRUE,0,0,0,1900-01-01 00:00:00.000005
2023,2020-02-18T13:38:44.000Z,Tutoring,nl,2497 BE,\'s-Gravenhage,52.03483391,4.36180447,8.0,FALSE,2,3,1,2021-02-17 11:00:00.000000
2000,2020-02-17T13:47:31.000Z,Tutoring,nl,3432 GA,Nieuwegein,52.02778562,5.09236414,20.0,FALSE,13,2,7,2020-05-25 10:15:00.000000
1994,2020-02-17T10:51:58.000Z,Chatting,nl,1103BH,Amsterdam,52.32396757,4.96765375,10.0,TRUE,0,1,0,1900-01-01 00:00:00.000005
1979,2020-02-15T14:32:16.000Z,Chatting,nl,4814 AB,Breda,51.59101829,4.76624732,3.5,TRUE,0,2,0,1900-01-01 00:00:00.000005
1924,2020-02-12T17:07:58.000Z,Chatting,nl,1071 DK,Amsterdam,52.35761745,4.88454371,5.0,TRUE,0,1,0,1900-01-01 00:00:00.000005
1906,2020-02-11T09:55:24.000Z,Tutoring,nl,1073 EN,Amsterdam,52.35454049,4.90100373,5.0,FALSE,31,11,3,2021-12-18 08:00:00.000000
1849,2020-02-06T07:36:15.000Z,Tutoring,nl,1421AK,Uithoorn,52.233603,4.83186606,15.0,FALSE,4,3,1,2020-03-13 15:00:00.000000
1804,2020-02-03T14:05:28.000Z,Active,nl,7534 zt,Enschede,52.21250277,6.96836086,7.5,TRUE,0,0,0,1900-01-01 00:00:00.000005
1768,2020-01-31T14:13:05.000Z,Chatting,nl,1223AE,Hilversum,52.23669358,5.1982138,20.0,TRUE,0,1,0,1900-01-01 00:00:00.000005
1759,2020-01-30T14:18:31.000Z,Tutoring,nl,5701 NR,Helmond,51.47802056,5.65652521,10.0,FALSE,42,12,4,2020-10-02 15:00:00.000000
1746,2020-01-29T12:15:11.000Z,Chatting,nl,2903 GR,Capelle aan den IJssel,51.93251838,4.58583705,10.0,TRUE,0,1,0,1900-01-01 00:00:00.000005
1729,2020-01-27T19:03:28.000Z,Tutoring,nl,3511GN,Utrecht,52.08436425,5.11900127,3.5,FALSE,16,5,3,2021-05-21 15:00:00.000000
1715,2020-01-27T08:02:02.000Z,Tutoring,nl,5621 GC,Eindhoven,51.45395088,5.4599031,5.0,FALSE,51,20,3,2023-01-22 13:00:00.000000
1696,2020-01-24T13:04:21.000Z,Tutoring,nl,5627 ND,Eindhoven,51.48723263,5.4489375,8.0,FALSE,9,3,3,2020-05-25 08:30:00.000000
1691,2020-01-23T19:39:47.000Z,Chatting,nl,3043 na,Rotterdam,33.719361,73.074144,7.0,TRUE,0,1,0,1900-01-01 00:00:00.000005
1658,2020-01-20T18:01:17.000Z,Active,nl,1015 GL,Amsterdam,52.38270427,4.88292277,5.0,TRUE,0,0,0,1900-01-01 00:00:00.000005
1649,2020-01-20T09:54:20.000Z,Tutoring,nl,1079KH,Amsterdam,52.34608459472656,4.9059247970581055,5.0,FALSE,69,27,3,2023-11-27 14:15:00.000000
1603,2020-01-16T18:25:35.000Z,Tutoring,nl,3061VB,Rotterdam,51.923286,4.503751,20.0,FALSE,20,9,2,2020-11-09 17:00:00.000000
1600,2020-01-16T17:48:28.000Z,Chatting,nl,5025 JK,Tilburg,51.55118881,5.07513781,10.0,TRUE,0,1,0,1900-01-01 00:00:00.000005
1590,2020-01-16T14:30:40.000Z,Tutoring,nl,4815 CA,Breda,51.59687389,4.7770683,10.0,FALSE,1,2,1,2021-07-05 14:30:00.000000
1574,2020-01-15T14:14:47.000Z,Tutoring,nl,3011 DL,Rotterdam,51.92263675,4.48121041,5.0,FALSE,4,3,1,2020-03-09 15:30:00.000000
1532,2020-01-13T11:43:27.000Z,Chatting,nl,5017 CJ,Tilburg,51.55512452,5.09093395,5.0,TRUE,0,1,0,1900-01-01 00:00:00.000005
1511,2020-01-10T18:23:40.000Z,Tutoring,nl,7521 XW,Enschede,52.22901941,6.85452118,8.0,FALSE,42,7,6,2022-05-03 17:00:00.000000
1491,2020-01-09T13:44:19.000Z,Tutoring,nl,5653 EN,Eindhoven,51.42536971,5.45337171,15.0,FALSE,1,4,0,2020-03-03 15:30:00.000000
1490,2020-01-09T13:34:05.000Z,Tutoring,nl,5025 DM,Tilburg,51.54860226,5.07068526,6.0,FALSE,3,2,2,2020-07-16 12:00:00.000000
1478,2020-01-08T14:13:21.000Z,Tutoring,nl,5021 VT,Tilburg,51.55162084,5.07882548,10.0,FALSE,2,3,1,2020-03-02 14:30:00.000000
1463,2020-01-07T13:41:25.000Z,Chatting,nl,1054 EE,Amsterdam,52.35961443,4.86013738,7.0,TRUE,0,1,0,1900-01-01 00:00:00.000005
1462,2020-01-07T13:20:33.000Z,Tutoring,nl,3062 PM,Rotterdam,51.92197119,4.51401019,5.0,FALSE,1,2,1,2020-02-02 10:00:00.000000
1449,2020-01-06T22:08:54.000Z,Chatting,nl,2324 LW,Leiden,52.15371934,4.47166088,4.0,TRUE,0,2,0,1900-01-01 00:00:00.000005
1442,2020-01-06T16:39:56.000Z,Chatting,nl,1339 WR,Almere,52.39792932,5.30295195,15.0,TRUE,0,2,0,1900-01-01 00:00:00.000005
1424,2020-01-05T15:05:26.000Z,Tutoring,nl,6708WH,Wageningen,51.98357009887695,5.664226531982422,4.0,FALSE,281,103,3,2026-03-05 18:00:00.000000
1411,2020-01-03T09:20:28.000Z,Tutoring,nl,2321KX,Leiden,52.14447009,4.49361189,20.0,FALSE,10,4,3,2021-03-27 10:00:00.000000
1399,2020-01-01T12:09:49.000Z,Chatting,nl,6525 AJ,Nijmegen,51.82765835,5.87201212,4.0,TRUE,0,2,0,1900-01-01 00:00:00.000005
1363,2019-12-27T14:54:28.000Z,Tutoring,nl,6703HB,Wageningen,51.969234466552734,5.681426048278809,5.0,FALSE,40,18,2,2023-06-27 14:00:00.000000
1357,2019-12-26T14:18:48.000Z,Chatting,nl,3526 WS,Utrecht,52.06738872,5.10952436,10.0,TRUE,0,2,0,1900-01-01 00:00:00.000005
1355,2019-12-25T17:11:05.000Z,Tutoring,nl,5017 KJ,Tilburg,51.55790544,5.0965771,6.0,FALSE,5,4,1,2020-04-07 17:30:00.000000
1323,2019-12-19T13:33:53.000Z,Tutoring,nl,1381 DC,Weesp,52.30590427,5.04357767,20.0,FALSE,11,4,3,2021-06-21 17:30:00.000000
1301,2019-12-18T10:39:51.000Z,Chatting,nl,9714 CS,Groningen,53.22893064,6.56819433,15.0,TRUE,0,2,0,1900-01-01 00:00:00.000005
1300,2019-12-17T22:28:23.000Z,Tutoring,nl,7511 mc,Enschede,52.22328186035156,6.905417442321777,7.0,FALSE,6,5,1,2020-02-29 23:00:00.000000
1296,2019-12-17T16:50:16.000Z,Tutoring,nl,5216AM,\'s-Hertogenbosch,51.6809196472168,5.3132643699646,10.0,FALSE,90,19,5,2024-01-22 14:30:00.000000
1289,2019-12-17T11:02:28.000Z,Tutoring,nl,3063 NB,Rotterdam,51.91093335,4.52528847,5.0,FALSE,35,10,4,2021-05-30 14:00:00.000000
1277,2019-12-16T04:45:16.000Z,Tutoring,nl,2635EP,Den Hoorn,52.00023191,4.33058155,10.0,FALSE,54,13,4,2021-05-11 13:15:00.000000
1243,2019-12-13T07:30:51.000Z,Chatting,nl,2321 KX,Leiden,52.14446191,4.49383375,5.0,TRUE,0,4,0,1900-01-01 00:00:00.000005
1240,2019-12-12T18:44:57.000Z,Tutoring,nl,3584 DN,Utrecht,52.08196042,5.17246772,6.0,FALSE,185,43,4,2023-05-10 08:00:00.000000
1221,2019-12-11T17:10:32.000Z,Tutoring,nl,5625CJ ,Eindhoven,51.47276306152344,5.464260101318359,7.5,TRUE,44,25,2,2024-05-09 11:00:00.000000
1183,2019-12-09T07:21:07.000Z,Tutoring,nl,1055 BW,Amsterdam,52.37822031,4.85041422,8.0,FALSE,3,1,3,2020-02-20 09:00:00.000000
1177,2019-12-09T07:21:07.000Z,Tutoring,nl,3031 RB,Rotterdam,51.92501059,4.49350503,8.0,FALSE,8,1,8,2020-09-18 14:00:00.000000
1175,2019-12-09T07:21:07.000Z,Tutoring,nl,3438 AK,Nieuwegein,52.03880446,5.09568427,8.0,FALSE,1,3,0,2021-02-26 13:30:00.000000
1176,2019-12-09T07:21:07.000Z,Active,nl,2614LR,Delft,33.719361,73.074144,3.5,TRUE,0,0,0,1900-01-01 00:00:00.000005
1103,2019-12-03T22:18:25.000Z,Chatting,nl,5011 LK,Tilburg,51.58419582,5.09188021,15.0,TRUE,0,4,0,1900-01-01 00:00:00.000005
1079,2019-12-02T14:46:58.000Z,Tutoring,nl,3531RK,Utrecht,52.09190965,5.09886907,5.0,FALSE,9,2,5,2020-05-12 15:00:00.000000
1073,2019-12-02T07:52:23.000Z,Tutoring,nl,6511 VC,Nijmegen,51.84893962,5.86589395,5.0,FALSE,1,4,0,2020-01-12 09:00:00.000000
1016,2019-11-25T06:19:28.000Z,Tutoring,nl,3584DZ,Utrecht,52.08273,5.172052,3.5,FALSE,194,27,7,2022-05-23 14:00:00.000000
968,2019-11-19T10:58:33.000Z,Tutoring,nl,2313TJ,Leiden,52.14725743,4.49390819,4.0,FALSE,107,20,5,2023-03-13 15:30:00.000000
932,2019-11-15T13:35:42.000Z,Tutoring,nl,3011 tl,Rotterdam,51.92070996,4.49875992,5.0,FALSE,142,51,3,2022-05-05 07:30:00.000000
924,2019-11-14T17:00:26.000Z,Tutoring,nl,2311 VL,Leiden,52.15799468,4.4846928,3.5,FALSE,4,4,1,2020-02-26 15:00:00.000000
890,2019-11-11T09:42:05.000Z,Active,nl,3131 DJ,Vlaardingen,51.90307281,4.34064113,10.0,TRUE,0,0,0,1900-01-01 00:00:00.000005
876,2019-11-08T15:53:53.000Z,Active,nl,2628CZ,Delft,51.996634,4.37308845,8.0,TRUE,0,0,0,1900-01-01 00:00:00.000005
857,2019-11-04T21:46:04.000Z,Tutoring,nl,1069ZR,Amsterdam,52.360206604003906,4.789679050445557,7.0,FALSE,1074,266,4,2026-03-05 16:00:00.000000
855,2019-11-04T17:46:53.000Z,Chatting,nl,2613HG,Delft,52.00760131,4.34794866,8.0,TRUE,0,1,0,1900-01-01 00:00:00.000005
829,2019-11-01T13:27:58.000Z,Active,nl,1015PS,Amsterdam,52.3766595,4.88174321,8.0,TRUE,0,0,0,1900-01-01 00:00:00.000005
824,2019-10-31T17:01:30.000Z,Tutoring,nl,6061AC,Posterholt,51.11663195,6.03251874,20.0,FALSE,239,21,11,2023-11-20 18:00:00.000000
792,2019-10-27T15:02:31.000Z,Active,nl,3511LZ,Utrecht,52.09003819,5.11983322,8.0,TRUE,0,0,0,1900-01-01 00:00:00.000005
724,2019-10-15T10:22:58.000Z,Tutoring,nl,1183DE,Amstelveen,52.32069622,4.87615412,8.0,FALSE,2,4,1,2020-06-05 10:30:00.000000
692,2019-10-13T17:11:52.000Z,Tutoring,nl,3731el,De Bilt,52.10500717163086,5.171950817108154,15.0,TRUE,16,12,1,2023-05-10 14:00:00.000000
557,2019-10-07T05:47:34.000Z,Tutoring,nl,3318JT,Dordrecht,51.786434173583984,4.676854133605957,5.0,FALSE,123,46,3,2025-03-17 17:00:16.277000
36,2019-08-27T13:53:48.000Z,Tutoring,nl,2613sv,Delft,52.00787353515625,4.3520989418029785,4.0,FALSE,1,3,0,2023-03-15 14:00:00.000000
22,2019-08-26T20:26:26.000Z,Chatting,nl,3523CX,Utrecht,52.07344692,5.12400498,8.0,TRUE,0,2,0,1900-01-01 00:00:00.000005
